#
# There is insufficient memory for the Java Runtime Environment to continue.
# Native memory allocation (mmap) failed to map 65536 bytes for Failed to commit metaspace.
# Possible reasons:
#   The system is out of physical RAM or swap space
#   The process is running with CompressedOops enabled, and the Java Heap may be blocking the growth of the native heap
# Possible solutions:
#   Reduce memory load on the system
#   Increase physical memory or swap space
#   Check if swap backing store is full
#   Decrease Java heap size (-Xmx/-Xms)
#   Decrease Java thread stack sizes (-Xss)
#   Set larger code cache with -XX:ReservedCodeCacheSize=
#   JVM is running with Unscaled Compressed Oops mode in which the Java heap is
#     placed in the first 4GB address space. The Java Heap base address is the
#     maximum limit for the native heap growth. Please use -XX:HeapBaseMinAddress
#     to set the Java Heap base and to place the Java Heap above 4GB virtual address.
# This output file may be truncated or incomplete.
#
#  Out of Memory Error (virtualSpaceNode.cpp:110), pid=20176, tid=15684
#
# JRE version: Java(TM) SE Runtime Environment (18.0.2.1+1) (build 18.0.2.1+1-1)
# Java VM: Java HotSpot(TM) 64-Bit Server VM (18.0.2.1+1-1, mixed mode, sharing, tiered, compressed oops, compressed class ptrs, g1 gc, windows-amd64)
# No core dump will be written. Minidumps are not enabled by default on client versions of Windows
#

---------------  S U M M A R Y ------------

Command Line: --add-opens=java.base/java.lang=ALL-UNNAMED --add-opens=java.base/java.lang.invoke=ALL-UNNAMED --add-opens=java.base/java.util=ALL-UNNAMED --add-opens=java.prefs/java.util.prefs=ALL-UNNAMED --add-exports=jdk.compiler/com.sun.tools.javac.api=ALL-UNNAMED --add-exports=jdk.compiler/com.sun.tools.javac.util=ALL-UNNAMED --add-opens=java.base/java.util=ALL-UNNAMED --add-opens=java.prefs/java.util.prefs=ALL-UNNAMED --add-opens=java.base/java.nio.charset=ALL-UNNAMED --add-opens=java.base/java.net=ALL-UNNAMED --add-opens=java.base/java.util.concurrent.atomic=ALL-UNNAMED --add-opens=java.xml/javax.xml.namespace=ALL-UNNAMED -XX:MaxMetaspaceSize=512m -Xmx2048m -Dfile.encoding=UTF-8 -Duser.country=ZA -Duser.language=en -Duser.variant -javaagent:C:\Users\waniw\.gradle\wrapper\dists\gradle-8.13-bin\5xuhj0ry160q40clulazy9h7d\gradle-8.13\lib\agents\gradle-instrumentation-agent-8.13.jar org.gradle.launcher.daemon.bootstrap.GradleDaemon 8.13

Host: AMD Ryzen 5 5600U with Radeon Graphics         , 12 cores, 7G,  Windows 11 , 64 bit Build 22621 (10.0.22621.5415)
Time: Tue Jul 15 12:27:17 2025 South Africa Standard Time elapsed time: 107.341995 seconds (0d 0h 1m 47s)

---------------  T H R E A D  ---------------

Current thread (0x000001b8f889d490):  JavaThread "Daemon worker" [_thread_in_vm, id=15684, stack(0x0000002272400000,0x0000002272500000)]

Stack: [0x0000002272400000,0x0000002272500000]
Native frames: (J=compiled Java code, j=interpreted, Vv=VM code, C=native code)
V  [jvm.dll+0x6993aa]
V  [jvm.dll+0x7f46dd]
V  [jvm.dll+0x7f5fee]
V  [jvm.dll+0x7f66a3]
V  [jvm.dll+0x25cf1f]
V  [jvm.dll+0x7f03eb]
V  [jvm.dll+0x63f526]
V  [jvm.dll+0x63f58a]
V  [jvm.dll+0x641e0e]
V  [jvm.dll+0x641cce]
V  [jvm.dll+0x63feee]
V  [jvm.dll+0x252b37]
V  [jvm.dll+0x1fe572]
V  [jvm.dll+0x203366]
V  [jvm.dll+0x1f8d61]
V  [jvm.dll+0x55dc05]
V  [jvm.dll+0x209c17]
V  [jvm.dll+0x76dd8d]
V  [jvm.dll+0x76f0c6]
V  [jvm.dll+0x76f3f8]
V  [jvm.dll+0x255346]
V  [jvm.dll+0x3a13de]
C  0x000001b8dd0cb7f7

Java frames: (J=compiled Java code, j=interpreted, Vv=VM code)
j  com.sun.org.apache.xerces.internal.jaxp.DocumentBuilderFactoryImpl.newDocumentBuilder()Ljavax/xml/parsers/DocumentBuilder;+88 java.xml@18.0.2.1
j  com.facebook.react.utils.AgpConfiguratorUtilsKt.getPackageNameFromManifest(Ljava/io/File;)Ljava/lang/String;+17
j  com.facebook.react.utils.AgpConfiguratorUtils$configureNamespaceForLibraries$1$1$1.invoke(Lcom/android/build/api/dsl/CommonExtension;)V+102
j  com.facebook.react.utils.AgpConfiguratorUtils$configureNamespaceForLibraries$1$1$1.invoke(Ljava/lang/Object;)Ljava/lang/Object;+5
j  com.android.build.api.extension.impl.AndroidComponentsExtensionImpl$finalizeDsl$1.execute(Lcom/android/build/api/dsl/CommonExtension;)V+9
j  com.android.build.api.extension.impl.AndroidComponentsExtensionImpl$finalizeDsl$1.execute(Ljava/lang/Object;)V+5
j  com.android.build.api.extension.impl.DslLifecycleComponentsOperationsRegistrar.executeDslFinalizationBlocks()V+50
j  com.android.build.gradle.internal.plugins.BasePlugin.createAndroidTasks(Lorg/gradle/api/Project;)V+41
j  com.android.build.gradle.internal.plugins.BasePlugin$createTasks$2$1.call()V+8
j  com.android.builder.profile.ThreadRecorder.record(Lcom/google/wireless/android/sdk/stats/GradleBuildProfileSpan$ExecutionType;Lcom/google/wireless/android/sdk/stats/GradleTransformExecution;Ljava/lang/Long;Ljava/lang/Long;Ljava/lang/Long;Lcom/android/builder/profile/Recorder$VoidBlock;)Lcom/google/wireless/android/sdk/stats/GradleBuildProfileSpan;+12
j  com.android.builder.profile.ThreadRecorder.record(Lcom/google/wireless/android/sdk/stats/GradleBuildProfileSpan$ExecutionType;Ljava/lang/Long;Ljava/lang/Long;Ljava/lang/Long;Lcom/android/builder/profile/Recorder$VoidBlock;)Lcom/google/wireless/android/sdk/stats/GradleBuildProfileSpan;+9
j  com.android.build.gradle.internal.profile.AnalyticsResourceManager.recordBlockAtConfiguration(Lcom/google/wireless/android/sdk/stats/GradleBuildProfileSpan$ExecutionType;Ljava/lang/String;Ljava/lang/String;Lcom/android/builder/profile/Recorder$VoidBlock;)V+53
j  com.android.build.gradle.internal.profile.AnalyticsConfiguratorService.recordBlock(Lcom/google/wireless/android/sdk/stats/GradleBuildProfileSpan$ExecutionType;Ljava/lang/String;Ljava/lang/String;Lcom/android/builder/profile/Recorder$VoidBlock;)V+28
j  com.android.build.gradle.internal.plugins.BasePlugin$createTasks$2.accept(Lorg/gradle/api/Project;)V+63
j  com.android.build.gradle.internal.plugins.BasePlugin$createTasks$2.accept(Ljava/lang/Object;)V+5
j  com.android.build.gradle.internal.crash.CrashReporting$afterEvaluate$1.execute(Lorg/gradle/api/Project;)V+12
j  com.android.build.gradle.internal.crash.CrashReporting$afterEvaluate$1.execute(Ljava/lang/Object;)V+5
J 16721 c2 org.gradle.internal.code.DefaultUserCodeApplicationContext$CurrentApplication$1.execute(Ljava/lang/Object;)V (79 bytes) @ 0x000001b8e53a2f04 [0x000001b8e53a2de0+0x0000000000000124]
J 19205 c1 org.gradle.configuration.internal.DefaultListenerBuildOperationDecorator$BuildOperationEmittingAction$1.run(Lorg/gradle/internal/operations/BuildOperationContext;)V (26 bytes) @ 0x000001b8ddcfb0ec [0x000001b8ddcfafc0+0x000000000000012c]
J 16524 c2 org.gradle.internal.operations.DefaultBuildOperationRunner$1.execute(Lorg/gradle/internal/operations/BuildOperation;Lorg/gradle/internal/operations/BuildOperationContext;)V (10 bytes) @ 0x000001b8e5103c88 [0x000001b8e5103c20+0x0000000000000068]
J 24188 c2 org.gradle.internal.operations.DefaultBuildOperationRunner$2.execute(Lorg/gradle/internal/operations/BuildOperationDescriptor;Lorg/gradle/internal/operations/BuildOperationState;Lorg/gradle/internal/operations/BuildOperationState;Lorg/gradle/internal/operations/DefaultBuildOperationRunner$ReadableBuildOperationContext;Lorg/gradle/internal/operations/DefaultBuildOperationRunner$BuildOperationExecutionListener;)Ljava/lang/Object; (12 bytes) @ 0x000001b8e52ca30c [0x000001b8e52ca0a0+0x000000000000026c]
J 24563 c2 org.gradle.internal.operations.DefaultBuildOperationRunner.execute(Lorg/gradle/internal/operations/BuildOperationDescriptor$Builder;Lorg/gradle/internal/operations/BuildOperationState;Lorg/gradle/internal/operations/DefaultBuildOperationRunner$BuildOperationExecution;)Ljava/lang/Object; (147 bytes) @ 0x000001b8e51a3cfc [0x000001b8e51a3560+0x000000000000079c]
J 16440 c2 org.gradle.internal.operations.DefaultBuildOperationRunner.execute(Lorg/gradle/internal/operations/BuildOperation;Lorg/gradle/internal/operations/BuildOperationWorker;Lorg/gradle/internal/operations/BuildOperationState;)V (23 bytes) @ 0x000001b8e537df58 [0x000001b8e537dea0+0x00000000000000b8]
J 17052 c1 org.gradle.configuration.internal.DefaultListenerBuildOperationDecorator$BuildOperationEmittingAction.execute(Ljava/lang/Object;)V (30 bytes) @ 0x000001b8df2e86cc [0x000001b8df2e80a0+0x000000000000062c]
J 16847 c1 org.gradle.internal.event.BroadcastDispatch$ActionInvocationHandler.dispatch(Ljava/lang/Object;)V (9 bytes) @ 0x000001b8df26296c [0x000001b8df262600+0x000000000000036c]
J 15096 c2 org.gradle.internal.event.BroadcastDispatch$SingletonDispatch.dispatch(Ljava/lang/Object;)V (9 bytes) @ 0x000001b8e4d121f8 [0x000001b8e4d121a0+0x0000000000000058]
J 23220 c1 org.gradle.internal.event.AbstractBroadcastDispatch.dispatch(Lorg/gradle/internal/dispatch/MethodInvocation;Ljava/util/Iterator;)V (194 bytes) @ 0x000001b8dfaca8ec [0x000001b8dfaca500+0x00000000000003ec]
J 10457 c2 org.gradle.internal.event.AbstractBroadcastDispatch.dispatch(Lorg/gradle/internal/dispatch/MethodInvocation;Ljava/util/List;)V (65 bytes) @ 0x000001b8e50da6bc [0x000001b8e50da5e0+0x00000000000000dc]
J 6116 c1 org.gradle.internal.event.BroadcastDispatch$CompositeDispatch.dispatch(Ljava/lang/Object;)V (9 bytes) @ 0x000001b8de047cfc [0x000001b8de047ac0+0x000000000000023c]
J 17661 c2 org.gradle.internal.event.ListenerBroadcast.dispatch(Ljava/lang/Object;)V (9 bytes) @ 0x000001b8e54788f0 [0x000001b8e54788a0+0x0000000000000050]
J 17272 c2 org.gradle.internal.dispatch.ProxyDispatchAdapter$DispatchingInvocationHandler.invoke(Ljava/lang/Object;Ljava/lang/reflect/Method;[Ljava/lang/Object;)Ljava/lang/Object; (184 bytes) @ 0x000001b8e542ac7c [0x000001b8e542a880+0x00000000000003fc]
J 23577 c1 jdk.proxy1.$Proxy72.afterEvaluate(Lorg/gradle/api/Project;Lorg/gradle/api/ProjectState;)V jdk.proxy1 (38 bytes) @ 0x000001b8dfbbd24c [0x000001b8dfbbce00+0x000000000000044c]
J 23730 c1 org.gradle.configuration.project.LifecycleProjectEvaluator$NotifyAfterEvaluate$1.execute(Ljava/lang/Object;)V (9 bytes) @ 0x000001b8dfc25f3c [0x000001b8dfc25ce0+0x000000000000025c]
J 23729 c1 org.gradle.api.internal.project.DefaultProject.stepEvaluationListener(Lorg/gradle/api/ProjectEvaluationListener;Lorg/gradle/api/Action;)Lorg/gradle/api/ProjectEvaluationListener; (63 bytes) @ 0x000001b8dfc24f9c [0x000001b8dfc24ae0+0x00000000000004bc]
j  org.gradle.configuration.project.LifecycleProjectEvaluator$NotifyAfterEvaluate.run(Lorg/gradle/internal/operations/BuildOperationContext;)V+25
J 16524 c2 org.gradle.internal.operations.DefaultBuildOperationRunner$1.execute(Lorg/gradle/internal/operations/BuildOperation;Lorg/gradle/internal/operations/BuildOperationContext;)V (10 bytes) @ 0x000001b8e5103c88 [0x000001b8e5103c20+0x0000000000000068]
J 24188 c2 org.gradle.internal.operations.DefaultBuildOperationRunner$2.execute(Lorg/gradle/internal/operations/BuildOperationDescriptor;Lorg/gradle/internal/operations/BuildOperationState;Lorg/gradle/internal/operations/BuildOperationState;Lorg/gradle/internal/operations/DefaultBuildOperationRunner$ReadableBuildOperationContext;Lorg/gradle/internal/operations/DefaultBuildOperationRunner$BuildOperationExecutionListener;)Ljava/lang/Object; (12 bytes) @ 0x000001b8e52ca30c [0x000001b8e52ca0a0+0x000000000000026c]
J 24563 c2 org.gradle.internal.operations.DefaultBuildOperationRunner.execute(Lorg/gradle/internal/operations/BuildOperationDescriptor$Builder;Lorg/gradle/internal/operations/BuildOperationState;Lorg/gradle/internal/operations/DefaultBuildOperationRunner$BuildOperationExecution;)Ljava/lang/Object; (147 bytes) @ 0x000001b8e51a3cfc [0x000001b8e51a3560+0x000000000000079c]
J 16440 c2 org.gradle.internal.operations.DefaultBuildOperationRunner.execute(Lorg/gradle/internal/operations/BuildOperation;Lorg/gradle/internal/operations/BuildOperationWorker;Lorg/gradle/internal/operations/BuildOperationState;)V (23 bytes) @ 0x000001b8e537df58 [0x000001b8e537dea0+0x00000000000000b8]
j  org.gradle.internal.operations.DefaultBuildOperationRunner.run(Lorg/gradle/internal/operations/RunnableBuildOperation;)V+9
j  org.gradle.configuration.project.LifecycleProjectEvaluator$EvaluateProject.lambda$run$0(Lorg/gradle/internal/operations/BuildOperationContext;Lorg/gradle/api/internal/project/ProjectInternal;)V+154
j  org.gradle.configuration.project.LifecycleProjectEvaluator$EvaluateProject$$Lambda$1136+0x0000000801500238.accept(Ljava/lang/Object;)V+12
J 18719 c1 org.gradle.api.internal.project.DefaultProjectStateRegistry$ProjectStateImpl$$Lambda$1111+0x00000008014c5d98.apply(Ljava/lang/Object;)Ljava/lang/Object; (12 bytes) @ 0x000001b8dd67bf0c [0x000001b8dd67bcc0+0x000000000000024c]
J 24314 c1 org.gradle.api.internal.project.DefaultProjectStateRegistry$ProjectStateImpl$$Lambda$1112+0x00000008014c5fc8.create()Ljava/lang/Object; (12 bytes) @ 0x000001b8dde6f08c [0x000001b8dde6ee60+0x000000000000022c]
j  org.gradle.internal.work.DefaultWorkerLeaseService.withReplacedLocks(Ljava/util/Collection;Lorg/gradle/internal/resources/ResourceLock;Lorg/gradle/internal/Factory;)Ljava/lang/Object;+40
J 13655 c1 org.gradle.api.internal.project.DefaultProjectStateRegistry$ProjectStateImpl.fromMutableState(Ljava/util/function/Function;)Ljava/lang/Object; (139 bytes) @ 0x000001b8ded3e93c [0x000001b8ded3d740+0x00000000000011fc]
J 15767 c1 org.gradle.api.internal.project.DefaultProjectStateRegistry$ProjectStateImpl.applyToMutableState(Ljava/util/function/Consumer;)V (12 bytes) @ 0x000001b8dda1b604 [0x000001b8dda1b1a0+0x0000000000000464]
j  org.gradle.configuration.project.LifecycleProjectEvaluator$EvaluateProject.run(Lorg/gradle/internal/operations/BuildOperationContext;)V+16
J 16524 c2 org.gradle.internal.operations.DefaultBuildOperationRunner$1.execute(Lorg/gradle/internal/operations/BuildOperation;Lorg/gradle/internal/operations/BuildOperationContext;)V (10 bytes) @ 0x000001b8e5103c88 [0x000001b8e5103c20+0x0000000000000068]
J 24010 c2 org.gradle.internal.operations.DefaultBuildOperationRunner.run(Lorg/gradle/internal/operations/RunnableBuildOperation;)V (13 bytes) @ 0x000001b8e58dee6c [0x000001b8e58de460+0x0000000000000a0c]
j  org.gradle.configuration.project.LifecycleProjectEvaluator.evaluate(Lorg/gradle/api/internal/project/ProjectInternal;Lorg/gradle/api/internal/project/ProjectStateInternal;)V+42
j  org.gradle.api.internal.project.DefaultProject.evaluateUnchecked()Lorg/gradle/api/internal/project/ProjectInternal;+20
j  org.gradle.api.internal.project.ProjectLifecycleController.lambda$ensureSelfConfigured$2()V+4
j  org.gradle.api.internal.project.ProjectLifecycleController$$Lambda$1134+0x00000008014f3970.run()V+4
j  org.gradle.internal.model.StateTransitionController.lambda$doTransition$14(Ljava/lang/Runnable;)Lorg/gradle/internal/build/ExecutionResult;+1
j  org.gradle.internal.model.StateTransitionController$$Lambda$408+0x000000080104dd50.get()Ljava/lang/Object;+4
j  org.gradle.internal.model.StateTransitionController.doTransition(Lorg/gradle/internal/model/StateTransitionController$State;Lorg/gradle/internal/model/StateTransitionController$State;Ljava/util/function/Supplier;)Lorg/gradle/internal/build/ExecutionResult;+24
j  org.gradle.internal.model.StateTransitionController.doTransition(Lorg/gradle/internal/model/StateTransitionController$State;Lorg/gradle/internal/model/StateTransitionController$State;Ljava/lang/Runnable;)V+9
j  org.gradle.internal.model.StateTransitionController.lambda$maybeTransitionIfNotCurrentlyTransitioning$10(Lorg/gradle/internal/model/StateTransitionController$State;Lorg/gradle/internal/model/StateTransitionController$State;Ljava/lang/Runnable;)V+16
j  org.gradle.internal.model.StateTransitionController$$Lambda$1135+0x00000008014f3b80.run()V+16
J 22710 c1 org.gradle.internal.work.DefaultSynchronizer.withLock(Ljava/lang/Runnable;)V (28 bytes) @ 0x000001b8df9c9cbc [0x000001b8df9c9b80+0x000000000000013c]
j  org.gradle.internal.model.StateTransitionController.maybeTransitionIfNotCurrentlyTransitioning(Lorg/gradle/internal/model/StateTransitionController$State;Lorg/gradle/internal/model/StateTransitionController$State;Ljava/lang/Runnable;)V+13
J 24998 c1 org.gradle.api.internal.project.DefaultProjectStateRegistry$ProjectStateImpl.ensureConfigured()V (23 bytes) @ 0x000001b8dea7bea4 [0x000001b8dea7b4e0+0x00000000000009c4]
j  org.gradle.execution.TaskPathProjectEvaluator.configure(Lorg/gradle/api/internal/project/ProjectInternal;)V+6
j  org.gradle.execution.TaskPathProjectEvaluator.configureHierarchy(Lorg/gradle/api/internal/project/ProjectInternal;)V+41
j  org.gradle.configuration.DefaultProjectsPreparer.prepareProjects(Lorg/gradle/api/internal/GradleInternal;)V+52
j  org.gradle.configuration.BuildTreePreparingProjectsPreparer.prepareProjects(Lorg/gradle/api/internal/GradleInternal;)V+114
j  org.gradle.configuration.BuildOperationFiringProjectsPreparer$ConfigureBuild.run(Lorg/gradle/internal/operations/BuildOperationContext;)V+11
J 16524 c2 org.gradle.internal.operations.DefaultBuildOperationRunner$1.execute(Lorg/gradle/internal/operations/BuildOperation;Lorg/gradle/internal/operations/BuildOperationContext;)V (10 bytes) @ 0x000001b8e5103c88 [0x000001b8e5103c20+0x0000000000000068]
J 24010 c2 org.gradle.internal.operations.DefaultBuildOperationRunner.run(Lorg/gradle/internal/operations/RunnableBuildOperation;)V (13 bytes) @ 0x000001b8e58dee6c [0x000001b8e58de460+0x0000000000000a0c]
j  org.gradle.configuration.BuildOperationFiringProjectsPreparer.prepareProjects(Lorg/gradle/api/internal/GradleInternal;)V+13
j  org.gradle.initialization.VintageBuildModelController.lambda$prepareProjects$2()V+8
j  org.gradle.initialization.VintageBuildModelController$$Lambda$1068+0x000000080145b748.run()V+4
j  org.gradle.internal.model.StateTransitionController.lambda$doTransition$14(Ljava/lang/Runnable;)Lorg/gradle/internal/build/ExecutionResult;+1
j  org.gradle.internal.model.StateTransitionController$$Lambda$408+0x000000080104dd50.get()Ljava/lang/Object;+4
j  org.gradle.internal.model.StateTransitionController.doTransition(Lorg/gradle/internal/model/StateTransitionController$State;Lorg/gradle/internal/model/StateTransitionController$State;Ljava/util/function/Supplier;)Lorg/gradle/internal/build/ExecutionResult;+24
j  org.gradle.internal.model.StateTransitionController.doTransition(Lorg/gradle/internal/model/StateTransitionController$State;Lorg/gradle/internal/model/StateTransitionController$State;Ljava/lang/Runnable;)V+9
j  org.gradle.internal.model.StateTransitionController.lambda$transitionIfNotPreviously$11(Lorg/gradle/internal/model/StateTransitionController$State;Lorg/gradle/internal/model/StateTransitionController$State;Ljava/lang/Runnable;)V+16
j  org.gradle.internal.model.StateTransitionController$$Lambda$407+0x000000080104db40.run()V+16
J 22863 c1 org.gradle.internal.model.StateTransitionController.transitionIfNotPreviously(Lorg/gradle/internal/model/StateTransitionController$State;Lorg/gradle/internal/model/StateTransitionController$State;Ljava/lang/Runnable;)V (19 bytes) @ 0x000001b8dfa05f3c [0x000001b8dfa05900+0x000000000000063c]
j  org.gradle.initialization.VintageBuildModelController.prepareProjects()V+16
j  org.gradle.initialization.VintageBuildModelController.getConfiguredModel()Lorg/gradle/api/internal/GradleInternal;+5
j  org.gradle.internal.build.DefaultBuildLifecycleController.lambda$withProjectsConfigured$1(Ljava/util/function/Function;)Ljava/lang/Object;+5
j  org.gradle.internal.build.DefaultBuildLifecycleController$$Lambda$404+0x000000080104d510.get()Ljava/lang/Object;+8
j  org.gradle.internal.model.StateTransitionController.lambda$notInState$3(Lorg/gradle/internal/model/StateTransitionController$State;Ljava/util/function/Supplier;)Ljava/lang/Object;+11
j  org.gradle.internal.model.StateTransitionController$$Lambda$405+0x000000080104d720.create()Ljava/lang/Object;+12
J 22999 c1 org.gradle.internal.work.DefaultSynchronizer.withLock(Lorg/gradle/internal/Factory;)Ljava/lang/Object; (29 bytes) @ 0x000001b8dfa5103c [0x000001b8dfa50f00+0x000000000000013c]
j  org.gradle.internal.model.StateTransitionController.notInState(Lorg/gradle/internal/model/StateTransitionController$State;Ljava/util/function/Supplier;)Ljava/lang/Object;+12
j  org.gradle.internal.build.DefaultBuildLifecycleController.withProjectsConfigured(Ljava/util/function/Function;)Ljava/lang/Object;+14
j  org.gradle.internal.build.DefaultBuildToolingModelController.locateBuilderForTarget(Ljava/lang/String;Z)Lorg/gradle/tooling/provider/model/internal/ToolingModelScope;+38
j  org.gradle.internal.buildtree.DefaultBuildTreeModelCreator$DefaultBuildTreeModelController.lambda$locateBuilderForBuildTarget$0(Ljava/lang/String;ZLorg/gradle/internal/build/BuildToolingModelController;)Lorg/gradle/tooling/provider/model/internal/ToolingModelScope;+3
j  org.gradle.internal.buildtree.DefaultBuildTreeModelCreator$DefaultBuildTreeModelController$$Lambda$384+0x000000080102d408.apply(Ljava/lang/Object;)Ljava/lang/Object;+12
j  org.gradle.internal.build.DefaultBuildLifecycleController.withToolingModels(Ljava/util/function/Function;)Ljava/lang/Object;+15
j  org.gradle.internal.build.AbstractBuildState.withToolingModels(Ljava/util/function/Function;)Ljava/lang/Object;+5
j  org.gradle.internal.buildtree.DefaultBuildTreeModelCreator$DefaultBuildTreeModelController.locateBuilderForBuildTarget(Lorg/gradle/internal/build/BuildState;Ljava/lang/String;Z)Lorg/gradle/tooling/provider/model/internal/ToolingModelScope;+8
j  org.gradle.internal.buildtree.DefaultBuildTreeModelCreator$DefaultBuildTreeModelController.locateBuilderForDefaultTarget(Ljava/lang/String;Z)Lorg/gradle/tooling/provider/model/internal/ToolingModelScope;+10
j  org.gradle.internal.buildtree.DefaultBuildTreeModelCreator$DefaultBuildTreeModelController.locateBuilderForTarget(Lorg/gradle/internal/buildtree/BuildTreeModelTarget;Ljava/lang/String;Z)Lorg/gradle/tooling/provider/model/internal/ToolingModelScope;+10
j  org.gradle.internal.buildtree.DefaultBuildTreeModelCreator$DefaultBuildTreeModelController.access$200(Lorg/gradle/internal/buildtree/DefaultBuildTreeModelCreator$DefaultBuildTreeModelController;Lorg/gradle/internal/buildtree/BuildTreeModelTarget;Ljava/lang/String;Z)Lorg/gradle/tooling/provider/model/internal/ToolingModelScope;+4
j  org.gradle.internal.buildtree.DefaultBuildTreeModelCreator$DefaultBuildTreeModelController$1.call(Lorg/gradle/internal/operations/BuildOperationContext;)Ljava/lang/Object;+24
J 17904 c2 org.gradle.internal.operations.DefaultBuildOperationRunner$CallableBuildOperationWorker.execute(Lorg/gradle/internal/operations/BuildOperation;Lorg/gradle/internal/operations/BuildOperationContext;)V (10 bytes) @ 0x000001b8e54ae28c [0x000001b8e54ae220+0x000000000000006c]
J 7915 c1 org.gradle.internal.operations.DefaultBuildOperationRunner$2.execute(Lorg/gradle/internal/operations/BuildOperationDescriptor;Lorg/gradle/internal/operations/BuildOperationState;Lorg/gradle/internal/operations/BuildOperationState;Lorg/gradle/internal/operations/DefaultBuildOperationRunner$ReadableBuildOperationContext;Lorg/gradle/internal/operations/DefaultBuildOperationRunner$BuildOperationExecutionListener;)Lorg/gradle/internal/operations/BuildOperation; (110 bytes) @ 0x000001b8de3c4db4 [0x000001b8de3c4bc0+0x00000000000001f4]
J 7914 c1 org.gradle.internal.operations.DefaultBuildOperationRunner$2.execute(Lorg/gradle/internal/operations/BuildOperationDescriptor;Lorg/gradle/internal/operations/BuildOperationState;Lorg/gradle/internal/operations/BuildOperationState;Lorg/gradle/internal/operations/DefaultBuildOperationRunner$ReadableBuildOperationContext;Lorg/gradle/internal/operations/DefaultBuildOperationRunner$BuildOperationExecutionListener;)Ljava/lang/Object; (12 bytes) @ 0x000001b8de3c47c4 [0x000001b8de3c4740+0x0000000000000084]
j  org.gradle.internal.operations.DefaultBuildOperationRunner.execute(Lorg/gradle/internal/operations/BuildOperationDescriptor$Builder;Lorg/gradle/internal/operations/BuildOperationState;Lorg/gradle/internal/operations/DefaultBuildOperationRunner$BuildOperationExecution;)Ljava/lang/Object;+141
J 17261 c2 org.gradle.internal.operations.DefaultBuildOperationRunner.call(Lorg/gradle/internal/operations/CallableBuildOperation;)Ljava/lang/Object; (24 bytes) @ 0x000001b8e5426b84 [0x000001b8e54269e0+0x00000000000001a4]
j  org.gradle.internal.buildtree.DefaultBuildTreeModelCreator$DefaultBuildTreeModelController.getModel(Lorg/gradle/internal/buildtree/BuildTreeModelTarget;Ljava/lang/String;Ljava/lang/Object;)Ljava/lang/Object;+18
j  org.gradle.tooling.internal.provider.runner.BuildModelActionRunner$ModelCreateAction.fromBuildModel(Lorg/gradle/internal/buildtree/BuildTreeModelController;)Ljava/lang/Object;+14
j  org.gradle.internal.buildtree.DefaultBuildTreeModelCreator.fromBuildModel(Lorg/gradle/internal/buildtree/BuildTreeModelAction;)Ljava/lang/Object;+10
j  org.gradle.internal.buildtree.DefaultBuildTreeLifecycleController.lambda$fromBuildModel$2(Lorg/gradle/internal/buildtree/BuildTreeModelAction;Z)Lorg/gradle/internal/build/ExecutionResult;+57
j  org.gradle.internal.buildtree.DefaultBuildTreeLifecycleController$$Lambda$380+0x000000080101ecc0.get()Ljava/lang/Object;+12
j  org.gradle.internal.buildtree.DefaultBuildTreeLifecycleController.lambda$runBuild$4(Ljava/util/function/Supplier;)Ljava/lang/Object;+1
j  org.gradle.internal.buildtree.DefaultBuildTreeLifecycleController$$Lambda$381+0x000000080101eed0.get()Ljava/lang/Object;+8
j  org.gradle.internal.model.StateTransitionController.lambda$transition$6(Ljava/util/function/Supplier;)Lorg/gradle/internal/build/ExecutionResult;+1
j  org.gradle.internal.model.StateTransitionController$$Lambda$383+0x000000080101f2f0.get()Ljava/lang/Object;+4
j  org.gradle.internal.model.StateTransitionController.doTransition(Lorg/gradle/internal/model/StateTransitionController$State;Lorg/gradle/internal/model/StateTransitionController$State;Ljava/util/function/Supplier;)Lorg/gradle/internal/build/ExecutionResult;+24
j  org.gradle.internal.model.StateTransitionController.lambda$transition$7(Lorg/gradle/internal/model/StateTransitionController$State;Lorg/gradle/internal/model/StateTransitionController$State;Ljava/util/function/Supplier;)Ljava/lang/Object;+9
j  org.gradle.internal.model.StateTransitionController$$Lambda$382+0x000000080101f0e0.create()Ljava/lang/Object;+16
J 22999 c1 org.gradle.internal.work.DefaultSynchronizer.withLock(Lorg/gradle/internal/Factory;)Ljava/lang/Object; (29 bytes) @ 0x000001b8dfa5103c [0x000001b8dfa50f00+0x000000000000013c]
j  org.gradle.internal.model.StateTransitionController.transition(Lorg/gradle/internal/model/StateTransitionController$State;Lorg/gradle/internal/model/StateTransitionController$State;Ljava/util/function/Supplier;)Ljava/lang/Object;+13
j  org.gradle.internal.buildtree.DefaultBuildTreeLifecycleController.runBuild(Ljava/util/function/Supplier;)Ljava/lang/Object;+17
j  org.gradle.internal.buildtree.DefaultBuildTreeLifecycleController.fromBuildModel(ZLorg/gradle/internal/buildtree/BuildTreeModelAction;)Ljava/lang/Object;+9
j  org.gradle.tooling.internal.provider.runner.BuildModelActionRunner.run(Lorg/gradle/internal/invocation/BuildAction;Lorg/gradle/internal/buildtree/BuildTreeLifecycleController;)Lorg/gradle/internal/buildtree/BuildActionRunner$Result;+40
j  org.gradle.launcher.exec.ChainingBuildActionRunner.run(Lorg/gradle/internal/invocation/BuildAction;Lorg/gradle/internal/buildtree/BuildTreeLifecycleController;)Lorg/gradle/internal/buildtree/BuildActionRunner$Result;+34
j  org.gradle.internal.buildtree.ProblemReportingBuildActionRunner.run(Lorg/gradle/internal/invocation/BuildAction;Lorg/gradle/internal/buildtree/BuildTreeLifecycleController;)Lorg/gradle/internal/buildtree/BuildActionRunner$Result;+12
j  org.gradle.launcher.exec.BuildOutcomeReportingBuildActionRunner.run(Lorg/gradle/internal/invocation/BuildAction;Lorg/gradle/internal/buildtree/BuildTreeLifecycleController;)Lorg/gradle/internal/buildtree/BuildActionRunner$Result;+69
j  org.gradle.tooling.internal.provider.FileSystemWatchingBuildActionRunner.run(Lorg/gradle/internal/invocation/BuildAction;Lorg/gradle/internal/buildtree/BuildTreeLifecycleController;)Lorg/gradle/internal/buildtree/BuildActionRunner$Result;+317
j  org.gradle.launcher.exec.BuildCompletionNotifyingBuildActionRunner.run(Lorg/gradle/internal/invocation/BuildAction;Lorg/gradle/internal/buildtree/BuildTreeLifecycleController;)Lorg/gradle/internal/buildtree/BuildActionRunner$Result;+6
j  org.gradle.launcher.exec.RootBuildLifecycleBuildActionExecutor.lambda$execute$0(Lorg/gradle/internal/invocation/BuildAction;Lorg/gradle/internal/buildtree/BuildTreeLifecycleController;)Lorg/gradle/internal/buildtree/BuildActionRunner$Result;+6
j  org.gradle.launcher.exec.RootBuildLifecycleBuildActionExecutor$$Lambda$289+0x0000000800fee080.apply(Ljava/lang/Object;)Ljava/lang/Object;+12
j  org.gradle.composite.internal.DefaultRootBuildState.run(Ljava/util/function/Function;)Ljava/lang/Object;+87
j  org.gradle.launcher.exec.RootBuildLifecycleBuildActionExecutor.execute(Lorg/gradle/internal/invocation/BuildAction;Lorg/gradle/internal/buildtree/BuildTreeContext;)Lorg/gradle/internal/buildtree/BuildActionRunner$Result;+75
j  org.gradle.internal.buildtree.InitDeprecationLoggingActionExecutor.execute(Lorg/gradle/internal/invocation/BuildAction;Lorg/gradle/internal/buildtree/BuildTreeContext;)Lorg/gradle/internal/buildtree/BuildActionRunner$Result;+83
j  org.gradle.internal.buildtree.InitProblems.execute(Lorg/gradle/internal/invocation/BuildAction;Lorg/gradle/internal/buildtree/BuildTreeContext;)Lorg/gradle/internal/buildtree/BuildActionRunner$Result;+13
j  org.gradle.internal.buildtree.DefaultBuildTreeContext.execute(Lorg/gradle/internal/invocation/BuildAction;)Lorg/gradle/internal/buildtree/BuildActionRunner$Result;+64
j  org.gradle.launcher.exec.BuildTreeLifecycleBuildActionExecutor.lambda$execute$0(Lorg/gradle/internal/invocation/BuildAction;Lorg/gradle/internal/buildtree/BuildTreeContext;)Lorg/gradle/internal/buildtree/BuildActionRunner$Result;+2
j  org.gradle.launcher.exec.BuildTreeLifecycleBuildActionExecutor$$Lambda$236+0x0000000800eb2808.apply(Ljava/lang/Object;)Ljava/lang/Object;+8
j  org.gradle.internal.buildtree.BuildTreeState.run(Ljava/util/function/Function;)Ljava/lang/Object;+47
j  org.gradle.launcher.exec.BuildTreeLifecycleBuildActionExecutor.execute(Lorg/gradle/internal/invocation/BuildAction;Lorg/gradle/internal/session/BuildSessionContext;)Lorg/gradle/internal/buildtree/BuildActionRunner$Result;+74
j  org.gradle.launcher.exec.RunAsBuildOperationBuildActionExecutor$2.call(Lorg/gradle/internal/operations/BuildOperationContext;)Lorg/gradle/internal/buildtree/BuildActionRunner$Result;+25
j  org.gradle.launcher.exec.RunAsBuildOperationBuildActionExecutor$2.call(Lorg/gradle/internal/operations/BuildOperationContext;)Ljava/lang/Object;+2
J 17904 c2 org.gradle.internal.operations.DefaultBuildOperationRunner$CallableBuildOperationWorker.execute(Lorg/gradle/internal/operations/BuildOperation;Lorg/gradle/internal/operations/BuildOperationContext;)V (10 bytes) @ 0x000001b8e54ae28c [0x000001b8e54ae220+0x000000000000006c]
J 7915 c1 org.gradle.internal.operations.DefaultBuildOperationRunner$2.execute(Lorg/gradle/internal/operations/BuildOperationDescriptor;Lorg/gradle/internal/operations/BuildOperationState;Lorg/gradle/internal/operations/BuildOperationState;Lorg/gradle/internal/operations/DefaultBuildOperationRunner$ReadableBuildOperationContext;Lorg/gradle/internal/operations/DefaultBuildOperationRunner$BuildOperationExecutionListener;)Lorg/gradle/internal/operations/BuildOperation; (110 bytes) @ 0x000001b8de3c4db4 [0x000001b8de3c4bc0+0x00000000000001f4]
J 7914 c1 org.gradle.internal.operations.DefaultBuildOperationRunner$2.execute(Lorg/gradle/internal/operations/BuildOperationDescriptor;Lorg/gradle/internal/operations/BuildOperationState;Lorg/gradle/internal/operations/BuildOperationState;Lorg/gradle/internal/operations/DefaultBuildOperationRunner$ReadableBuildOperationContext;Lorg/gradle/internal/operations/DefaultBuildOperationRunner$BuildOperationExecutionListener;)Ljava/lang/Object; (12 bytes) @ 0x000001b8de3c47c4 [0x000001b8de3c4740+0x0000000000000084]
j  org.gradle.internal.operations.DefaultBuildOperationRunner.execute(Lorg/gradle/internal/operations/BuildOperationDescriptor$Builder;Lorg/gradle/internal/operations/BuildOperationState;Lorg/gradle/internal/operations/DefaultBuildOperationRunner$BuildOperationExecution;)Ljava/lang/Object;+141
J 17261 c2 org.gradle.internal.operations.DefaultBuildOperationRunner.call(Lorg/gradle/internal/operations/CallableBuildOperation;)Ljava/lang/Object; (24 bytes) @ 0x000001b8e5426b84 [0x000001b8e54269e0+0x00000000000001a4]
j  org.gradle.launcher.exec.RunAsBuildOperationBuildActionExecutor.execute(Lorg/gradle/internal/invocation/BuildAction;Lorg/gradle/internal/session/BuildSessionContext;)Lorg/gradle/internal/buildtree/BuildActionRunner$Result;+23
j  org.gradle.launcher.exec.RunAsWorkerThreadBuildActionExecutor.lambda$execute$0(Lorg/gradle/internal/invocation/BuildAction;Lorg/gradle/internal/session/BuildSessionContext;)Lorg/gradle/internal/buildtree/BuildActionRunner$Result;+6
j  org.gradle.launcher.exec.RunAsWorkerThreadBuildActionExecutor$$Lambda$228+0x0000000800e7ed80.create()Ljava/lang/Object;+12
J 14850 c1 org.gradle.internal.work.DefaultWorkerLeaseService.withLocks(Ljava/util/Collection;Lorg/gradle/internal/Factory;)Ljava/lang/Object; (53 bytes) @ 0x000001b8defc7434 [0x000001b8defc6fc0+0x0000000000000474]
J 14871 c1 org.gradle.internal.work.DefaultWorkerLeaseService.runAsWorkerThread(Lorg/gradle/internal/Factory;)Ljava/lang/Object; (37 bytes) @ 0x000001b8defd7e84 [0x000001b8defd78e0+0x00000000000005a4]
j  org.gradle.launcher.exec.RunAsWorkerThreadBuildActionExecutor.execute(Lorg/gradle/internal/invocation/BuildAction;Lorg/gradle/internal/session/BuildSessionContext;)Lorg/gradle/internal/buildtree/BuildActionRunner$Result;+12
j  org.gradle.tooling.internal.provider.continuous.ContinuousBuildActionExecutor.execute(Lorg/gradle/internal/invocation/BuildAction;Lorg/gradle/internal/session/BuildSessionContext;)Lorg/gradle/internal/buildtree/BuildActionRunner$Result;+58
j  org.gradle.tooling.internal.provider.SubscribableBuildActionExecutor.execute(Lorg/gradle/internal/invocation/BuildAction;Lorg/gradle/internal/session/BuildSessionContext;)Lorg/gradle/internal/buildtree/BuildActionRunner$Result;+30
j  org.gradle.internal.session.DefaultBuildSessionContext.execute(Lorg/gradle/internal/invocation/BuildAction;)Lorg/gradle/internal/buildtree/BuildActionRunner$Result;+64
j  org.gradle.internal.buildprocess.execution.BuildSessionLifecycleBuildActionExecutor$ActionImpl.apply(Lorg/gradle/internal/session/BuildSessionContext;)Lorg/gradle/launcher/exec/BuildActionResult;+6
j  org.gradle.internal.buildprocess.execution.BuildSessionLifecycleBuildActionExecutor$ActionImpl.apply(Ljava/lang/Object;)Ljava/lang/Object;+5
j  org.gradle.internal.session.BuildSessionState.run(Ljava/util/function/Function;)Ljava/lang/Object;+5
j  org.gradle.internal.buildprocess.execution.BuildSessionLifecycleBuildActionExecutor.execute(Lorg/gradle/internal/invocation/BuildAction;Lorg/gradle/launcher/exec/BuildActionParameters;Lorg/gradle/initialization/BuildRequestContext;)Lorg/gradle/launcher/exec/BuildActionResult;+95
j  org.gradle.internal.buildprocess.execution.BuildSessionLifecycleBuildActionExecutor.execute(Lorg/gradle/internal/invocation/BuildAction;Ljava/lang/Object;Ljava/lang/Object;)Lorg/gradle/launcher/exec/BuildActionResult;+10
j  org.gradle.internal.buildprocess.execution.StartParamsValidatingActionExecutor.execute(Lorg/gradle/internal/invocation/BuildAction;Lorg/gradle/launcher/exec/BuildActionParameters;Lorg/gradle/initialization/BuildRequestContext;)Lorg/gradle/launcher/exec/BuildActionResult;+203
j  org.gradle.internal.buildprocess.execution.StartParamsValidatingActionExecutor.execute(Lorg/gradle/internal/invocation/BuildAction;Ljava/lang/Object;Ljava/lang/Object;)Lorg/gradle/launcher/exec/BuildActionResult;+10
j  org.gradle.internal.buildprocess.execution.SessionFailureReportingActionExecutor.execute(Lorg/gradle/internal/invocation/BuildAction;Lorg/gradle/launcher/exec/BuildActionParameters;Lorg/gradle/initialization/BuildRequestContext;)Lorg/gradle/launcher/exec/BuildActionResult;+7
j  org.gradle.internal.buildprocess.execution.SessionFailureReportingActionExecutor.execute(Lorg/gradle/internal/invocation/BuildAction;Ljava/lang/Object;Ljava/lang/Object;)Lorg/gradle/launcher/exec/BuildActionResult;+10
j  org.gradle.internal.buildprocess.execution.SetupLoggingActionExecutor.execute(Lorg/gradle/internal/invocation/BuildAction;Lorg/gradle/launcher/exec/BuildActionParameters;Lorg/gradle/initialization/BuildRequestContext;)Lorg/gradle/launcher/exec/BuildActionResult;+50
j  org.gradle.internal.buildprocess.execution.SetupLoggingActionExecutor.execute(Lorg/gradle/internal/invocation/BuildAction;Ljava/lang/Object;Ljava/lang/Object;)Lorg/gradle/launcher/exec/BuildActionResult;+10
j  org.gradle.launcher.daemon.server.exec.ExecuteBuild.doBuild(Lorg/gradle/launcher/daemon/server/api/DaemonCommandExecution;Lorg/gradle/launcher/daemon/protocol/Build;)V+147
j  org.gradle.launcher.daemon.server.exec.BuildCommandOnly.execute(Lorg/gradle/launcher/daemon/server/api/DaemonCommandExecution;)V+49
j  org.gradle.launcher.daemon.server.api.DaemonCommandExecution.proceed()Z+23
j  org.gradle.launcher.daemon.server.exec.WatchForDisconnection.execute(Lorg/gradle/launcher/daemon/server/api/DaemonCommandExecution;)V+19
j  org.gradle.launcher.daemon.server.api.DaemonCommandExecution.proceed()Z+23
j  org.gradle.launcher.daemon.server.exec.ResetDeprecationLogger.execute(Lorg/gradle/launcher/daemon/server/api/DaemonCommandExecution;)V+7
j  org.gradle.launcher.daemon.server.api.DaemonCommandExecution.proceed()Z+23
j  org.gradle.launcher.daemon.server.exec.RequestStopIfSingleUsedDaemon.execute(Lorg/gradle/launcher/daemon/server/api/DaemonCommandExecution;)V+33
j  org.gradle.launcher.daemon.server.api.DaemonCommandExecution.proceed()Z+23
j  org.gradle.launcher.daemon.server.exec.ForwardClientInput.lambda$execute$0(Lorg/gradle/launcher/daemon/server/api/DaemonCommandExecution;Lorg/gradle/internal/daemon/clientinput/StdinHandler;)Ljava/lang/Object;+11
j  org.gradle.launcher.daemon.server.exec.ForwardClientInput$$Lambda$119+0x0000000800d80408.apply(Ljava/lang/Object;)Ljava/lang/Object;+8
j  org.gradle.internal.daemon.clientinput.ClientInputForwarder.forwardInput(Ljava/util/function/Function;)Ljava/lang/Object;+46
j  org.gradle.launcher.daemon.server.exec.ForwardClientInput.execute(Lorg/gradle/launcher/daemon/server/api/DaemonCommandExecution;)V+10
j  org.gradle.launcher.daemon.server.api.DaemonCommandExecution.proceed()Z+23
j  org.gradle.launcher.daemon.server.exec.LogAndCheckHealth.execute(Lorg/gradle/launcher/daemon/server/api/DaemonCommandExecution;)V+51
j  org.gradle.launcher.daemon.server.api.DaemonCommandExecution.proceed()Z+23
j  org.gradle.launcher.daemon.server.exec.LogToClient.doBuild(Lorg/gradle/launcher/daemon/server/api/DaemonCommandExecution;Lorg/gradle/launcher/daemon/protocol/Build;)V+87
j  org.gradle.launcher.daemon.server.exec.BuildCommandOnly.execute(Lorg/gradle/launcher/daemon/server/api/DaemonCommandExecution;)V+49
j  org.gradle.launcher.daemon.server.api.DaemonCommandExecution.proceed()Z+23
j  org.gradle.launcher.daemon.server.exec.EstablishBuildEnvironment.doBuild(Lorg/gradle/launcher/daemon/server/api/DaemonCommandExecution;Lorg/gradle/launcher/daemon/protocol/Build;)V+356
j  org.gradle.launcher.daemon.server.exec.BuildCommandOnly.execute(Lorg/gradle/launcher/daemon/server/api/DaemonCommandExecution;)V+49
j  org.gradle.launcher.daemon.server.api.DaemonCommandExecution.proceed()Z+23
j  org.gradle.launcher.daemon.server.exec.StartBuildOrRespondWithBusy$1.run()V+44
j  org.gradle.launcher.daemon.server.DaemonStateCoordinator.lambda$runCommand$0(Ljava/lang/Runnable;)V+1
j  org.gradle.launcher.daemon.server.DaemonStateCoordinator$$Lambda$118+0x0000000800d3efb0.run()V+8
J 14822 c2 org.gradle.internal.concurrent.ExecutorPolicy$CatchAndRecordFailures.onExecute(Ljava/lang/Runnable;)V (29 bytes) @ 0x000001b8e52dad68 [0x000001b8e52dad20+0x0000000000000048]
J 14428 c1 org.gradle.internal.concurrent.AbstractManagedExecutor$1.run()V (57 bytes) @ 0x000001b8def05a3c [0x000001b8def05880+0x00000000000001bc]
j  java.util.concurrent.ThreadPoolExecutor.runWorker(Ljava/util/concurrent/ThreadPoolExecutor$Worker;)V+92 java.base@18.0.2.1
j  java.util.concurrent.ThreadPoolExecutor$Worker.run()V+5 java.base@18.0.2.1
j  java.lang.Thread.run()V+11 java.base@18.0.2.1
v  ~StubRoutines::call_stub

---------------  P R O C E S S  ---------------

Threads class SMR info:
_java_thread_list=0x000001b8870f8b40, length=222, elements={
0x000001b8d3fa3fa0, 0x000001b8f45d6550, 0x000001b8f45d7f70, 0x000001b8f45f2e70,
0x000001b8f45f3720, 0x000001b8f45f3fd0, 0x000001b8f45f8190, 0x000001b8f45f8d70,
0x000001b8f4603c90, 0x000001b8f460f170, 0x000001b8f889f170, 0x000001b8f889d960,
0x000001b8f889e300, 0x000001b8f88a04b0, 0x000001b8f889e7d0, 0x000001b8f889eca0,
0x000001b8f889d490, 0x000001b8fa1df4e0, 0x000001b8fa1dd800, 0x000001b8fa1df9b0,
0x000001b8fa1dc4c0, 0x000001b8fa1deb40, 0x000001b8fa1e11c0, 0x000001b8fa1df010,
0x000001b8fa1d9e40, 0x000001b8fa1e0350, 0x000001b8fa1dc990, 0x000001b8fa1dce60,
0x000001b8fa1dacb0, 0x000001b8fa1db180, 0x000001b8fa1ddcd0, 0x000001b8fa1dbb20,
0x000001b8fe3f2660, 0x000001b8fe3f4ce0, 0x000001b8fe3f51b0, 0x000001b8fe3f34d0,
0x000001b8f89f1800, 0x000001b8fc2a53b0, 0x000001b8fc2a2860, 0x000001b8fc2a2d30,
0x000001b8fc2a3200, 0x000001b8fdfdae70, 0x000001b8fdfded00, 0x000001b8fdfda4d0,
0x000001b8fdfde360, 0x000001b8fdfdc1b0, 0x000001b8fdfe0eb0, 0x000001b8fdfdc680,
0x000001b8fdfe0510, 0x000001b8fc314210, 0x000001b8fc317230, 0x000001b8fc315550,
0x000001b8fc312a00, 0x000001b8fc3111f0, 0x000001b8fc3133a0, 0x000001b8fc310850,
0x000001b8fc310d20, 0x000001b8fc310380, 0x000001b8fc3180a0, 0x000001b8fc3198b0,
0x000001b8fc31a250, 0x000001b8fc31c400, 0x000001b885971210, 0x000001b8f8a35540,
0x000001b886cdcf40, 0x000001b886cdc5a0, 0x000001b8fb1a0820, 0x000001b886cdd410,
0x000001b886cdc0d0, 0x000001b886cdd8e0, 0x000001b886cdca70, 0x000001b8fef48ad0,
0x000001b8fef49470, 0x000001b8fef48fa0, 0x000001b8fef49940, 0x000001b8fef48130,
0x000001b8fef48600, 0x000001b8ff45bae0, 0x000001b8ff45c480, 0x000001b8859716e0,
0x000001b885972550, 0x000001b885972080, 0x000001b885972a20, 0x000001b885971bb0,
0x000001b8fe6144b0, 0x000001b8fe614980, 0x000001b8fe615cc0, 0x000001b8fe6127d0,
0x000001b8fe613640, 0x000001b8fe615320, 0x000001b8fe614e50, 0x000001b8fe6157f0,
0x000001b8fe613b10, 0x000001b8fe612ca0, 0x000001b8fe613170, 0x000001b8fe612300,
0x000001b8fe613fe0, 0x000001b885bb5b30, 0x000001b885bb69a0, 0x000001b885bb7810,
0x000001b8ff45bfb0, 0x000001b8ff45b610, 0x000001b8ff45c950, 0x000001b8850595b0,
0x000001b885059f50, 0x000001b885059a80, 0x000001b88505a8f0, 0x000001b8ff344870,
0x000001b8ff343060, 0x000001b8ff343a00, 0x000001b8ff343530, 0x000001b8ff3443a0,
0x000001b8ff343ed0, 0x000001b8861dd100, 0x000001b8861dd5d0, 0x000001b8861ddaa0,
0x000001b8861dc290, 0x000001b8861dcc30, 0x000001b8861dc760, 0x000001b8fe26a370,
0x000001b8fe26c9f0, 0x000001b8fe26ad10, 0x000001b8fe26cec0, 0x000001b8fe26c520,
0x000001b8fe26d390, 0x000001b8ff45a7a0, 0x000001b8ff45ce20, 0x000001b8ff45ac70,
0x000001b8ff45d2f0, 0x000001b8ff45d7c0, 0x000001b8ff45dc90, 0x000001b8ff45e160,
0x000001b8ff45b140, 0x000001b8841bc410, 0x000001b8841bdc20, 0x000001b8841bba70,
0x000001b8ff06b3c0, 0x000001b8f8a311e0, 0x000001b885bb6e70, 0x000001b8f8a38560,
0x000001b8f8a346d0, 0x000001b8f8a33860, 0x000001b8f8a38a30, 0x000001b8f8a376f0,
0x000001b8f8a32520, 0x000001b8f8a34ba0, 0x000001b8f8a31b80, 0x000001b8f8a34200,
0x000001b8f8a36880, 0x000001b8f8a35070, 0x000001b8fc7da5a0, 0x000001b885bb8b50,
0x000001b885bb64d0, 0x000001b885bb7ce0, 0x000001b885bb6000, 0x000001b885bb7340,
0x000001b8fc7d8d90, 0x000001b8fc7d9260, 0x000001b8fc7d9730, 0x000001b8fc7da0d0,
0x000001b8fe0d2c90, 0x000001b8fe0d27c0, 0x000001b8fe0d3160, 0x000001b8fe0d3fd0,
0x000001b8fe0d3630, 0x000001b8841bbf40, 0x000001b8841bef60, 0x000001b8841bc8e0,
0x000001b886143e40, 0x000001b8861447e0, 0x000001b8861434a0, 0x000001b886143970,
0x000001b886144cb0, 0x000001b886144310, 0x000001b886142b00, 0x000001b8f8a35a10,
0x000001b8ff06b890, 0x000001b8ff06a080, 0x000001b8ff06a550, 0x000001b8ff06aa20,
0x000001b8ff06aef0, 0x000001b8ff3fc6f0, 0x000001b8ff3fc220, 0x000001b8ff3fcbc0,
0x000001b8ff3ffbe0, 0x000001b8ff3ff710, 0x000001b8fc735cd0, 0x000001b8fc7344c0,
0x000001b8ff013740, 0x000001b8ff013c10, 0x000001b8ff0140e0, 0x000001b8fc00c980,
0x000001b8fc00d320, 0x000001b8fc00d7f0, 0x000001b8fc00ce50, 0x000001b8fc00c4b0,
0x000001b8fc00bfe0, 0x000001b8fec83240, 0x000001b8fec86730, 0x000001b8fec853f0,
0x000001b8fec86c00, 0x000001b8fec84a50, 0x000001b8fec86260, 0x000001b8fec83710,
0x000001b8fec83be0, 0x000001b8fec84f20, 0x000001b8fec840b0, 0x000001b8fec858c0,
0x000001b884b415e0, 0x000001b8841bb5a0, 0x000001b884b41110, 0x000001b884b41ab0,
0x000001b8ff07d690, 0x000001b8ff07f370, 0x000001b8ff07e030, 0x000001b8ff07f840,
0x000001b8ff07fd10, 0x000001b8ff07e9d0, 0x000001b8ff3fda30, 0x000001b884df6fb0,
0x000001b8ff3fd090, 0x000001b8ff3fd560
}

Java Threads: ( => current thread )
  0x000001b8d3fa3fa0 JavaThread "main" [_thread_blocked, id=29392, stack(0x0000002270700000,0x0000002270800000)]
  0x000001b8f45d6550 JavaThread "Reference Handler" daemon [_thread_blocked, id=2368, stack(0x0000002270e00000,0x0000002270f00000)]
  0x000001b8f45d7f70 JavaThread "Finalizer" daemon [_thread_blocked, id=16436, stack(0x0000002270f00000,0x0000002271000000)]
  0x000001b8f45f2e70 JavaThread "Signal Dispatcher" daemon [_thread_blocked, id=33008, stack(0x0000002271000000,0x0000002271100000)]
  0x000001b8f45f3720 JavaThread "Attach Listener" daemon [_thread_blocked, id=23288, stack(0x0000002271100000,0x0000002271200000)]
  0x000001b8f45f3fd0 JavaThread "Service Thread" daemon [_thread_blocked, id=12236, stack(0x0000002271200000,0x0000002271300000)]
  0x000001b8f45f8190 JavaThread "Monitor Deflation Thread" daemon [_thread_blocked, id=15572, stack(0x0000002271300000,0x0000002271400000)]
  0x000001b8f45f8d70 JavaThread "C2 CompilerThread0" daemon [_thread_blocked, id=22148, stack(0x0000002271400000,0x0000002271500000)]
  0x000001b8f4603c90 JavaThread "C1 CompilerThread0" daemon [_thread_blocked, id=14108, stack(0x0000002271500000,0x0000002271600000)]
  0x000001b8f460f170 JavaThread "Sweeper thread" daemon [_thread_blocked, id=33472, stack(0x0000002271600000,0x0000002271700000)]
  0x000001b8f889f170 JavaThread "Common-Cleaner" daemon [_thread_blocked, id=7576, stack(0x0000002271700000,0x0000002271800000)]
  0x000001b8f889d960 JavaThread "Notification Thread" daemon [_thread_blocked, id=32364, stack(0x0000002271800000,0x0000002271900000)]
  0x000001b8f889e300 JavaThread "Daemon health stats" [_thread_blocked, id=19080, stack(0x0000002271e00000,0x0000002271f00000)]
  0x000001b8f88a04b0 JavaThread "Incoming local TCP Connector on port 64543" [_thread_in_native, id=35560, stack(0x0000002271f00000,0x0000002272000000)]
  0x000001b8f889e7d0 JavaThread "Daemon periodic checks" [_thread_blocked, id=10528, stack(0x0000002272000000,0x0000002272100000)]
  0x000001b8f889eca0 JavaThread "Daemon" [_thread_blocked, id=26164, stack(0x0000002272100000,0x0000002272200000)]
=>0x000001b8f889d490 JavaThread "Daemon worker" [_thread_in_vm, id=15684, stack(0x0000002272400000,0x0000002272500000)]
  0x000001b8fa1df4e0 JavaThread "Cache worker for journal cache (C:\Users\waniw\.gradle\caches\journal-1)" [_thread_blocked, id=5772, stack(0x0000002272800000,0x0000002272900000)]
  0x000001b8fa1dd800 JavaThread "File lock request listener" [_thread_in_native, id=29476, stack(0x0000002272900000,0x0000002272a00000)]
  0x000001b8fa1df9b0 JavaThread "Cache worker for file hash cache (C:\Users\waniw\.gradle\caches\8.13\fileHashes)" [_thread_blocked, id=7540, stack(0x0000002272a00000,0x0000002272b00000)]
  0x000001b8fa1dc4c0 JavaThread "File watcher server" daemon [_thread_in_native, id=34040, stack(0x0000002273600000,0x0000002273700000)]
  0x000001b8fa1deb40 JavaThread "File watcher consumer" daemon [_thread_blocked, id=26260, stack(0x0000002273700000,0x0000002273800000)]
  0x000001b8fa1e11c0 JavaThread "jar transforms" [_thread_blocked, id=1488, stack(0x0000002273800000,0x0000002273900000)]
  0x000001b8fa1df010 JavaThread "jar transforms Thread 2" [_thread_blocked, id=9840, stack(0x0000002273900000,0x0000002273a00000)]
  0x000001b8fa1d9e40 JavaThread "jar transforms Thread 3" [_thread_blocked, id=15720, stack(0x0000002273a00000,0x0000002273b00000)]
  0x000001b8fa1e0350 JavaThread "jar transforms Thread 4" [_thread_blocked, id=24408, stack(0x0000002273b00000,0x0000002273c00000)]
  0x000001b8fa1dc990 JavaThread "jar transforms Thread 5" [_thread_blocked, id=24128, stack(0x0000002273c00000,0x0000002273d00000)]
  0x000001b8fa1dce60 JavaThread "Cache worker for file content cache (C:\Users\waniw\.gradle\caches\8.13\fileContent)" [_thread_blocked, id=10208, stack(0x0000002273e00000,0x0000002273f00000)]
  0x000001b8fa1dacb0 JavaThread "jar transforms Thread 6" [_thread_blocked, id=16040, stack(0x0000002273f00000,0x0000002274000000)]
  0x000001b8fa1db180 JavaThread "jar transforms Thread 7" [_thread_blocked, id=27848, stack(0x0000002274000000,0x0000002274100000)]
  0x000001b8fa1ddcd0 JavaThread "jar transforms Thread 8" [_thread_blocked, id=32828, stack(0x0000002274100000,0x0000002274200000)]
  0x000001b8fa1dbb20 JavaThread "jar transforms Thread 9" [_thread_blocked, id=12128, stack(0x0000002274200000,0x0000002274300000)]
  0x000001b8fe3f2660 JavaThread "jar transforms Thread 10" [_thread_blocked, id=31024, stack(0x0000002274300000,0x0000002274400000)]
  0x000001b8fe3f4ce0 JavaThread "Exec process" [_thread_blocked, id=3220, stack(0x0000002274400000,0x0000002274500000)]
  0x000001b8fe3f51b0 JavaThread "Exec process Thread 2" [_thread_blocked, id=25084, stack(0x0000002274500000,0x0000002274600000)]
  0x000001b8fe3f34d0 JavaThread "Exec process Thread 3" [_thread_blocked, id=22308, stack(0x0000002274600000,0x0000002274700000)]
  0x000001b8f89f1800 JavaThread "Memory manager" [_thread_blocked, id=16588, stack(0x0000002277200000,0x0000002277300000)]
  0x000001b8fc2a53b0 JavaThread "ForkJoinPool.commonPool-worker-1" daemon [_thread_blocked, id=11228, stack(0x000000227a100000,0x000000227a200000)]
  0x000001b8fc2a2860 JavaThread "ForkJoinPool.commonPool-worker-2" daemon [_thread_blocked, id=33344, stack(0x000000227a200000,0x000000227a300000)]
  0x000001b8fc2a2d30 JavaThread "ForkJoinPool.commonPool-worker-3" daemon [_thread_blocked, id=8, stack(0x000000227a300000,0x000000227a400000)]
  0x000001b8fc2a3200 JavaThread "ForkJoinPool.commonPool-worker-4" daemon [_thread_blocked, id=22240, stack(0x000000227a400000,0x000000227a500000)]
  0x000001b8fdfdae70 JavaThread "ForkJoinPool.commonPool-worker-6" daemon [_thread_blocked, id=760, stack(0x000000227a600000,0x000000227a700000)]
  0x000001b8fdfded00 JavaThread "ForkJoinPool.commonPool-worker-7" daemon [_thread_blocked, id=28388, stack(0x000000227a700000,0x000000227a800000)]
  0x000001b8fdfda4d0 JavaThread "ForkJoinPool.commonPool-worker-8" daemon [_thread_blocked, id=18436, stack(0x000000227a800000,0x000000227a900000)]
  0x000001b8fdfde360 JavaThread "ForkJoinPool.commonPool-worker-9" daemon [_thread_blocked, id=30936, stack(0x000000227a900000,0x000000227aa00000)]
  0x000001b8fdfdc1b0 JavaThread "ForkJoinPool.commonPool-worker-10" daemon [_thread_blocked, id=10544, stack(0x000000227aa00000,0x000000227ab00000)]
  0x000001b8fdfe0eb0 JavaThread "ForkJoinPool.commonPool-worker-11" daemon [_thread_blocked, id=4860, stack(0x000000227ab00000,0x000000227ac00000)]
  0x000001b8fdfdc680 JavaThread "included builds" [_thread_blocked, id=2764, stack(0x000000227ae00000,0x000000227af00000)]
  0x000001b8fdfe0510 JavaThread "included builds Thread 2" [_thread_blocked, id=11668, stack(0x000000227af00000,0x000000227b000000)]
  0x000001b8fc314210 JavaThread "RMI Scheduler(0)" daemon [_thread_blocked, id=7132, stack(0x000000227bd00000,0x000000227be00000)]
  0x000001b8fc317230 JavaThread "RMI GC Daemon" daemon [_thread_blocked, id=27104, stack(0x000000227e400000,0x000000227e500000)]
  0x000001b8fc315550 JavaThread "RMI TCP Accept-0" daemon [_thread_in_native, id=30472, stack(0x000000227e500000,0x000000227e600000)]
  0x000001b8fc312a00 JavaThread "RMI Reaper" [_thread_blocked, id=25076, stack(0x000000227e600000,0x000000227e700000)]
  0x000001b8fc3111f0 JavaThread "RMI TCP Connection(idle)" daemon [_thread_blocked, id=4772, stack(0x000000227e700000,0x000000227e800000)]
  0x000001b8fc3133a0 JavaThread "RMI TCP Connection(idle)" daemon [_thread_blocked, id=14512, stack(0x000000227eb00000,0x000000227ec00000)]
  0x000001b8fc310850 JavaThread "jar transforms Thread 11" [_thread_blocked, id=12068, stack(0x000000227e300000,0x000000227e400000)]
  0x000001b8fc310d20 JavaThread "jar transforms Thread 12" [_thread_blocked, id=26332, stack(0x000000227ed00000,0x000000227ee00000)]
  0x000001b8fc310380 JavaThread "included builds Thread 3" [_thread_blocked, id=12308, stack(0x000000227ee00000,0x000000227ef00000)]
  0x000001b8fc3180a0 JavaThread "included builds Thread 4" [_thread_blocked, id=28404, stack(0x000000227ef00000,0x000000227f000000)]
  0x000001b8fc3198b0 JavaThread "RMI TCP Connection(idle)" daemon [_thread_blocked, id=4028, stack(0x000000227f400000,0x000000227f500000)]
  0x000001b8fc31a250 JavaThread "RMI TCP Connection(idle)" daemon [_thread_blocked, id=13340, stack(0x000000227f700000,0x000000227f800000)]
  0x000001b8fc31c400 JavaThread "RMI TCP Connection(idle)" daemon [_thread_blocked, id=35116, stack(0x000000227fa00000,0x000000227fb00000)]
  0x000001b885971210 JavaThread "pool-3-thread-1" [_thread_blocked, id=10668, stack(0x000000227a500000,0x000000227a600000)]
  0x000001b8f8a35540 JavaThread "VFS cleanup" [_thread_blocked, id=8044, stack(0x0000002270400000,0x0000002270500000)]
  0x000001b886cdcf40 JavaThread "Handler for socket connection from /127.0.0.1:64543 to /127.0.0.1:64728" [_thread_in_native, id=33680, stack(0x0000002270500000,0x0000002270600000)]
  0x000001b886cdc5a0 JavaThread "Cancel handler" [_thread_blocked, id=25216, stack(0x0000002272200000,0x0000002272300000)]
  0x000001b8fb1a0820 JavaThread "Asynchronous log dispatcher for DefaultDaemonConnection: socket connection from /127.0.0.1:64543 to /127.0.0.1:64728" [_thread_blocked, id=32576, stack(0x0000002272300000,0x0000002272400000)]
  0x000001b886cdd410 JavaThread "Stdin handler" [_thread_blocked, id=16164, stack(0x0000002272500000,0x0000002272600000)]
  0x000001b886cdc0d0 JavaThread "Daemon client event forwarder" [_thread_in_Java, id=23784, stack(0x0000002272600000,0x0000002272700000)]
  0x000001b886cdd8e0 JavaThread "Cache worker for file hash cache (C:\Users\waniw\Documents\real-projects\daily-immune-admin-app\android\.gradle\8.13\fileHashes)" [_thread_blocked, id=30360, stack(0x0000002272700000,0x0000002272800000)]
  0x000001b886cdca70 JavaThread "Cache worker for Build Output Cleanup Cache (C:\Users\waniw\Documents\real-projects\daily-immune-admin-app\android\.gradle\buildOutputCleanup)" [_thread_blocked, id=17464, stack(0x0000002273000000,0x0000002273100000)]
  0x000001b8fef48ad0 JavaThread "Cache worker for checksums cache (C:\Users\waniw\Documents\real-projects\daily-immune-admin-app\android\.gradle\8.13\checksums)" [_thread_blocked, id=32212, stack(0x0000002273300000,0x0000002273400000)]
  0x000001b8fef49470 JavaThread "Cache worker for cache directory md-supplier (C:\Users\waniw\.gradle\caches\8.13\md-supplier)" [_thread_blocked, id=4060, stack(0x0000002273400000,0x0000002273500000)]
  0x000001b8fef48fa0 JavaThread "Cache worker for cache directory md-rule (C:\Users\waniw\.gradle\caches\8.13\md-rule)" [_thread_blocked, id=3644, stack(0x0000002273500000,0x0000002273600000)]
  0x000001b8fef49940 JavaThread "Cache worker for Build Output Cleanup Cache (C:\Users\waniw\Documents\real-projects\daily-immune-admin-app\node_modules\@react-native\gradle-plugin\.gradle\buildOutputCleanup)" [_thread_blocked, id=16372, stack(0x0000002273d00000,0x0000002273e00000)]
  0x000001b8fef48130 JavaThread "Unconstrained build operations" [_thread_blocked, id=22384, stack(0x0000002274700000,0x0000002274800000)]
  0x000001b8fef48600 JavaThread "Unconstrained build operations Thread 2" [_thread_blocked, id=17904, stack(0x0000002274800000,0x0000002274900000)]
  0x000001b8ff45bae0 JavaThread "Unconstrained build operations Thread 3" [_thread_blocked, id=24452, stack(0x0000002274900000,0x0000002274a00000)]
  0x000001b8ff45c480 JavaThread "Unconstrained build operations Thread 4" [_thread_blocked, id=8828, stack(0x0000002274a00000,0x0000002274b00000)]
  0x000001b8859716e0 JavaThread "Cache worker for Build Output Cleanup Cache (C:\Users\waniw\Documents\real-projects\daily-immune-admin-app\node_modules\expo-modules-autolinking\android\expo-gradle-plugin\.gradle\buildOutputCleanup)" [_thread_blocked, id=12708, stack(0x0000002274b00000,0x0000002274c00000)]
  0x000001b885972550 JavaThread "Unconstrained build operations Thread 5" [_thread_blocked, id=2480, stack(0x0000002274c00000,0x0000002274d00000)]
  0x000001b885972080 JavaThread "Unconstrained build operations Thread 6" [_thread_blocked, id=13792, stack(0x0000002274d00000,0x0000002274e00000)]
  0x000001b885972a20 JavaThread "Unconstrained build operations Thread 7" [_thread_blocked, id=28412, stack(0x0000002274e00000,0x0000002274f00000)]
  0x000001b885971bb0 JavaThread "Unconstrained build operations Thread 8" [_thread_blocked, id=16124, stack(0x0000002274f00000,0x0000002275000000)]
  0x000001b8fe6144b0 JavaThread "Unconstrained build operations Thread 9" [_thread_blocked, id=15292, stack(0x0000002275000000,0x0000002275100000)]
  0x000001b8fe614980 JavaThread "Unconstrained build operations Thread 10" [_thread_blocked, id=31452, stack(0x0000002275100000,0x0000002275200000)]
  0x000001b8fe615cc0 JavaThread "Unconstrained build operations Thread 11" [_thread_blocked, id=620, stack(0x0000002275200000,0x0000002275300000)]
  0x000001b8fe6127d0 JavaThread "Unconstrained build operations Thread 12" [_thread_blocked, id=3500, stack(0x0000002275300000,0x0000002275400000)]
  0x000001b8fe613640 JavaThread "Unconstrained build operations Thread 13" [_thread_blocked, id=24696, stack(0x0000002275400000,0x0000002275500000)]
  0x000001b8fe615320 JavaThread "Unconstrained build operations Thread 14" [_thread_blocked, id=8696, stack(0x0000002275500000,0x0000002275600000)]
  0x000001b8fe614e50 JavaThread "Unconstrained build operations Thread 15" [_thread_blocked, id=19172, stack(0x0000002275600000,0x0000002275700000)]
  0x000001b8fe6157f0 JavaThread "Unconstrained build operations Thread 16" [_thread_blocked, id=33828, stack(0x0000002275700000,0x0000002275800000)]
  0x000001b8fe613b10 JavaThread "Unconstrained build operations Thread 17" [_thread_blocked, id=26660, stack(0x0000002275800000,0x0000002275900000)]
  0x000001b8fe612ca0 JavaThread "Unconstrained build operations Thread 18" [_thread_blocked, id=3332, stack(0x0000002275900000,0x0000002275a00000)]
  0x000001b8fe613170 JavaThread "Unconstrained build operations Thread 19" [_thread_blocked, id=15052, stack(0x0000002275a00000,0x0000002275b00000)]
  0x000001b8fe612300 JavaThread "Unconstrained build operations Thread 20" [_thread_blocked, id=32988, stack(0x0000002275b00000,0x0000002275c00000)]
  0x000001b8fe613fe0 JavaThread "Unconstrained build operations Thread 21" [_thread_blocked, id=16260, stack(0x0000002275c00000,0x0000002275d00000)]
  0x000001b885bb5b30 JavaThread "Unconstrained build operations Thread 22" [_thread_blocked, id=1396, stack(0x0000002275d00000,0x0000002275e00000)]
  0x000001b885bb69a0 JavaThread "Unconstrained build operations Thread 23" [_thread_blocked, id=20380, stack(0x0000002275e00000,0x0000002275f00000)]
  0x000001b885bb7810 JavaThread "Unconstrained build operations Thread 24" [_thread_blocked, id=32056, stack(0x0000002275f00000,0x0000002276000000)]
  0x000001b8ff45bfb0 JavaThread "Unconstrained build operations Thread 25" [_thread_blocked, id=25452, stack(0x0000002276000000,0x0000002276100000)]
  0x000001b8ff45b610 JavaThread "Unconstrained build operations Thread 26" [_thread_blocked, id=21520, stack(0x0000002276100000,0x0000002276200000)]
  0x000001b8ff45c950 JavaThread "build event listener" [_thread_blocked, id=1884, stack(0x0000002276200000,0x0000002276300000)]
  0x000001b8850595b0 JavaThread "Unconstrained build operations Thread 27" [_thread_blocked, id=25956, stack(0x0000002276300000,0x0000002276400000)]
  0x000001b885059f50 JavaThread "Unconstrained build operations Thread 28" [_thread_blocked, id=22996, stack(0x0000002276400000,0x0000002276500000)]
  0x000001b885059a80 JavaThread "Unconstrained build operations Thread 29" [_thread_blocked, id=25692, stack(0x0000002276500000,0x0000002276600000)]
  0x000001b88505a8f0 JavaThread "Unconstrained build operations Thread 30" [_thread_blocked, id=11816, stack(0x0000002276600000,0x0000002276700000)]
  0x000001b8ff344870 JavaThread "Unconstrained build operations Thread 31" [_thread_blocked, id=19676, stack(0x0000002276700000,0x0000002276800000)]
  0x000001b8ff343060 JavaThread "Unconstrained build operations Thread 32" [_thread_blocked, id=33600, stack(0x0000002276800000,0x0000002276900000)]
  0x000001b8ff343a00 JavaThread "Unconstrained build operations Thread 33" [_thread_blocked, id=5096, stack(0x0000002276900000,0x0000002276a00000)]
  0x000001b8ff343530 JavaThread "Unconstrained build operations Thread 34" [_thread_blocked, id=23148, stack(0x0000002276a00000,0x0000002276b00000)]
  0x000001b8ff3443a0 JavaThread "Unconstrained build operations Thread 35" [_thread_blocked, id=32972, stack(0x0000002276b00000,0x0000002276c00000)]
  0x000001b8ff343ed0 JavaThread "Unconstrained build operations Thread 36" [_thread_blocked, id=28508, stack(0x0000002276c00000,0x0000002276d00000)]
  0x000001b8861dd100 JavaThread "Unconstrained build operations Thread 37" [_thread_blocked, id=32556, stack(0x0000002276d00000,0x0000002276e00000)]
  0x000001b8861dd5d0 JavaThread "Unconstrained build operations Thread 38" [_thread_blocked, id=31456, stack(0x0000002276e00000,0x0000002276f00000)]
  0x000001b8861ddaa0 JavaThread "Unconstrained build operations Thread 39" [_thread_blocked, id=21636, stack(0x0000002276f00000,0x0000002277000000)]
  0x000001b8861dc290 JavaThread "Unconstrained build operations Thread 40" [_thread_blocked, id=32548, stack(0x0000002277000000,0x0000002277100000)]
  0x000001b8861dcc30 JavaThread "Unconstrained build operations Thread 41" [_thread_blocked, id=30008, stack(0x0000002277100000,0x0000002277200000)]
  0x000001b8861dc760 JavaThread "Unconstrained build operations Thread 42" [_thread_blocked, id=5840, stack(0x0000002277300000,0x0000002277400000)]
  0x000001b8fe26a370 JavaThread "Unconstrained build operations Thread 43" [_thread_blocked, id=21300, stack(0x0000002277400000,0x0000002277500000)]
  0x000001b8fe26c9f0 JavaThread "Unconstrained build operations Thread 44" [_thread_blocked, id=5728, stack(0x0000002277500000,0x0000002277600000)]
  0x000001b8fe26ad10 JavaThread "Unconstrained build operations Thread 45" [_thread_blocked, id=21836, stack(0x0000002277600000,0x0000002277700000)]
  0x000001b8fe26cec0 JavaThread "Unconstrained build operations Thread 46" [_thread_blocked, id=5064, stack(0x0000002277700000,0x0000002277800000)]
  0x000001b8fe26c520 JavaThread "Unconstrained build operations Thread 47" [_thread_blocked, id=14572, stack(0x0000002277800000,0x0000002277900000)]
  0x000001b8fe26d390 JavaThread "Unconstrained build operations Thread 48" [_thread_blocked, id=18928, stack(0x0000002277900000,0x0000002277a00000)]
  0x000001b8ff45a7a0 JavaThread "build event listener" [_thread_blocked, id=13316, stack(0x0000002277a00000,0x0000002277b00000)]
  0x000001b8ff45ce20 JavaThread "Unconstrained build operations Thread 49" [_thread_blocked, id=5356, stack(0x0000002277b00000,0x0000002277c00000)]
  0x000001b8ff45ac70 JavaThread "Unconstrained build operations Thread 50" [_thread_blocked, id=9280, stack(0x0000002277c00000,0x0000002277d00000)]
  0x000001b8ff45d2f0 JavaThread "Unconstrained build operations Thread 51" [_thread_blocked, id=24816, stack(0x0000002277d00000,0x0000002277e00000)]
  0x000001b8ff45d7c0 JavaThread "Unconstrained build operations Thread 52" [_thread_blocked, id=6076, stack(0x0000002277e00000,0x0000002277f00000)]
  0x000001b8ff45dc90 JavaThread "Unconstrained build operations Thread 53" [_thread_blocked, id=2484, stack(0x0000002277f00000,0x0000002278000000)]
  0x000001b8ff45e160 JavaThread "Unconstrained build operations Thread 54" [_thread_blocked, id=31312, stack(0x0000002278000000,0x0000002278100000)]
  0x000001b8ff45b140 JavaThread "Unconstrained build operations Thread 55" [_thread_blocked, id=20076, stack(0x0000002278100000,0x0000002278200000)]
  0x000001b8841bc410 JavaThread "Unconstrained build operations Thread 56" [_thread_blocked, id=25500, stack(0x0000002278200000,0x0000002278300000)]
  0x000001b8841bdc20 JavaThread "Unconstrained build operations Thread 57" [_thread_blocked, id=30952, stack(0x0000002278300000,0x0000002278400000)]
  0x000001b8841bba70 JavaThread "Unconstrained build operations Thread 58" [_thread_blocked, id=35656, stack(0x0000002278400000,0x0000002278500000)]
  0x000001b8ff06b3c0 JavaThread "ForkJoinPool.commonPool-worker-12" daemon [_thread_blocked, id=21028, stack(0x0000002278500000,0x0000002278600000)]
  0x000001b8f8a311e0 JavaThread "included builds" [_thread_blocked, id=12004, stack(0x0000002278600000,0x0000002278700000)]
  0x000001b885bb6e70 JavaThread "included builds Thread 2" [_thread_blocked, id=24980, stack(0x0000002278700000,0x0000002278800000)]
  0x000001b8f8a38560 JavaThread "Execution worker" [_thread_blocked, id=9988, stack(0x0000002278800000,0x0000002278900000)]
  0x000001b8f8a346d0 JavaThread "Execution worker Thread 2" [_thread_blocked, id=26672, stack(0x0000002278900000,0x0000002278a00000)]
  0x000001b8f8a33860 JavaThread "Execution worker Thread 3" [_thread_blocked, id=20584, stack(0x0000002278a00000,0x0000002278b00000)]
  0x000001b8f8a38a30 JavaThread "Execution worker Thread 4" [_thread_blocked, id=31780, stack(0x0000002278b00000,0x0000002278c00000)]
  0x000001b8f8a376f0 JavaThread "Execution worker Thread 5" [_thread_blocked, id=10392, stack(0x0000002278c00000,0x0000002278d00000)]
  0x000001b8f8a32520 JavaThread "Execution worker Thread 6" [_thread_blocked, id=17500, stack(0x0000002278d00000,0x0000002278e00000)]
  0x000001b8f8a34ba0 JavaThread "Execution worker Thread 7" [_thread_blocked, id=31700, stack(0x0000002278e00000,0x0000002278f00000)]
  0x000001b8f8a31b80 JavaThread "Execution worker Thread 8" [_thread_blocked, id=4748, stack(0x0000002278f00000,0x0000002279000000)]
  0x000001b8f8a34200 JavaThread "Execution worker Thread 9" [_thread_blocked, id=24504, stack(0x0000002279000000,0x0000002279100000)]
  0x000001b8f8a36880 JavaThread "Execution worker Thread 10" [_thread_blocked, id=34240, stack(0x0000002279100000,0x0000002279200000)]
  0x000001b8f8a35070 JavaThread "Execution worker Thread 11" [_thread_blocked, id=20292, stack(0x0000002279200000,0x0000002279300000)]
  0x000001b8fc7da5a0 JavaThread "Cache worker for execution history cache (C:\Users\waniw\Documents\real-projects\daily-immune-admin-app\node_modules\@react-native\gradle-plugin\.gradle\8.13\executionHistory)" [_thread_blocked, id=33768, stack(0x0000002279300000,0x0000002279400000)]
  0x000001b885bb8b50 JavaThread "Cache worker for execution history cache (C:\Users\waniw\Documents\real-projects\daily-immune-admin-app\node_modules\expo-modules-autolinking\android\expo-gradle-plugin\.gradle\8.13\executionHistory)" [_thread_blocked, id=31632, stack(0x0000002279400000,0x0000002279500000)]
  0x000001b885bb64d0 JavaThread "Unconstrained build operations Thread 59" [_thread_blocked, id=25536, stack(0x0000002279500000,0x0000002279600000)]
  0x000001b885bb7ce0 JavaThread "Unconstrained build operations Thread 60" [_thread_blocked, id=34716, stack(0x0000002279600000,0x0000002279700000)]
  0x000001b885bb6000 JavaThread "Unconstrained build operations Thread 61" [_thread_blocked, id=5784, stack(0x0000002279700000,0x0000002279800000)]
  0x000001b885bb7340 JavaThread "Unconstrained build operations Thread 62" [_thread_blocked, id=27208, stack(0x0000002279800000,0x0000002279900000)]
  0x000001b8fc7d8d90 JavaThread "Unconstrained build operations Thread 63" [_thread_blocked, id=20628, stack(0x0000002279900000,0x0000002279a00000)]
  0x000001b8fc7d9260 JavaThread "Unconstrained build operations Thread 64" [_thread_blocked, id=27484, stack(0x0000002279a00000,0x0000002279b00000)]
  0x000001b8fc7d9730 JavaThread "Unconstrained build operations Thread 65" [_thread_blocked, id=15264, stack(0x0000002279b00000,0x0000002279c00000)]
  0x000001b8fc7da0d0 JavaThread "Unconstrained build operations Thread 66" [_thread_blocked, id=25504, stack(0x0000002279c00000,0x0000002279d00000)]
  0x000001b8fe0d2c90 JavaThread "Unconstrained build operations Thread 67" [_thread_blocked, id=3172, stack(0x0000002279d00000,0x0000002279e00000)]
  0x000001b8fe0d27c0 JavaThread "Unconstrained build operations Thread 68" [_thread_blocked, id=34152, stack(0x0000002279e00000,0x0000002279f00000)]
  0x000001b8fe0d3160 JavaThread "Unconstrained build operations Thread 69" [_thread_blocked, id=33964, stack(0x0000002279f00000,0x000000227a000000)]
  0x000001b8fe0d3fd0 JavaThread "Unconstrained build operations Thread 70" [_thread_blocked, id=31908, stack(0x000000227a000000,0x000000227a100000)]
  0x000001b8fe0d3630 JavaThread "Unconstrained build operations Thread 71" [_thread_blocked, id=33672, stack(0x000000227ad00000,0x000000227ae00000)]
  0x000001b8841bbf40 JavaThread "Unconstrained build operations Thread 72" [_thread_blocked, id=31652, stack(0x000000227b000000,0x000000227b100000)]
  0x000001b8841bef60 JavaThread "Unconstrained build operations Thread 73" [_thread_blocked, id=32644, stack(0x000000227b100000,0x000000227b200000)]
  0x000001b8841bc8e0 JavaThread "Unconstrained build operations Thread 74" [_thread_blocked, id=21448, stack(0x000000227b200000,0x000000227b300000)]
  0x000001b886143e40 JavaThread "Unconstrained build operations Thread 75" [_thread_blocked, id=21384, stack(0x000000227b300000,0x000000227b400000)]
  0x000001b8861447e0 JavaThread "Unconstrained build operations Thread 76" [_thread_blocked, id=34888, stack(0x000000227b400000,0x000000227b500000)]
  0x000001b8861434a0 JavaThread "Unconstrained build operations Thread 77" [_thread_blocked, id=33908, stack(0x000000227b500000,0x000000227b600000)]
  0x000001b886143970 JavaThread "Unconstrained build operations Thread 78" [_thread_blocked, id=25036, stack(0x000000227b600000,0x000000227b700000)]
  0x000001b886144cb0 JavaThread "Unconstrained build operations Thread 79" [_thread_blocked, id=34232, stack(0x000000227b700000,0x000000227b800000)]
  0x000001b886144310 JavaThread "Unconstrained build operations Thread 80" [_thread_blocked, id=28548, stack(0x000000227b800000,0x000000227b900000)]
  0x000001b886142b00 JavaThread "Unconstrained build operations Thread 81" [_thread_blocked, id=34792, stack(0x000000227b900000,0x000000227ba00000)]
  0x000001b8f8a35a10 JavaThread "Unconstrained build operations Thread 82" [_thread_blocked, id=27756, stack(0x000000227ba00000,0x000000227bb00000)]
  0x000001b8ff06b890 JavaThread "Unconstrained build operations Thread 83" [_thread_blocked, id=2096, stack(0x000000227bb00000,0x000000227bc00000)]
  0x000001b8ff06a080 JavaThread "Unconstrained build operations Thread 84" [_thread_blocked, id=34672, stack(0x000000227bc00000,0x000000227bd00000)]
  0x000001b8ff06a550 JavaThread "Unconstrained build operations Thread 85" [_thread_blocked, id=2404, stack(0x000000227be00000,0x000000227bf00000)]
  0x000001b8ff06aa20 JavaThread "Unconstrained build operations Thread 86" [_thread_blocked, id=14092, stack(0x000000227bf00000,0x000000227c000000)]
  0x000001b8ff06aef0 JavaThread "Unconstrained build operations Thread 87" [_thread_blocked, id=15200, stack(0x000000227c000000,0x000000227c100000)]
  0x000001b8ff3fc6f0 JavaThread "Unconstrained build operations Thread 88" [_thread_blocked, id=33072, stack(0x000000227c100000,0x000000227c200000)]
  0x000001b8ff3fc220 JavaThread "Unconstrained build operations Thread 89" [_thread_blocked, id=4312, stack(0x000000227c200000,0x000000227c300000)]
  0x000001b8ff3fcbc0 JavaThread "Unconstrained build operations Thread 90" [_thread_blocked, id=29344, stack(0x000000227c300000,0x000000227c400000)]
  0x000001b8ff3ffbe0 JavaThread "Unconstrained build operations Thread 91" [_thread_blocked, id=3984, stack(0x000000227c400000,0x000000227c500000)]
  0x000001b8ff3ff710 JavaThread "Unconstrained build operations Thread 92" [_thread_blocked, id=29096, stack(0x000000227c500000,0x000000227c600000)]
  0x000001b8fc735cd0 JavaThread "Unconstrained build operations Thread 93" [_thread_blocked, id=28584, stack(0x000000227c600000,0x000000227c700000)]
  0x000001b8fc7344c0 JavaThread "Unconstrained build operations Thread 94" [_thread_blocked, id=22432, stack(0x000000227c700000,0x000000227c800000)]
  0x000001b8ff013740 JavaThread "Unconstrained build operations Thread 95" [_thread_blocked, id=4492, stack(0x000000227c800000,0x000000227c900000)]
  0x000001b8ff013c10 JavaThread "Unconstrained build operations Thread 96" [_thread_blocked, id=23340, stack(0x000000227c900000,0x000000227ca00000)]
  0x000001b8ff0140e0 JavaThread "Unconstrained build operations Thread 97" [_thread_blocked, id=32672, stack(0x000000227ca00000,0x000000227cb00000)]
  0x000001b8fc00c980 JavaThread "Unconstrained build operations Thread 98" [_thread_blocked, id=17264, stack(0x000000227cb00000,0x000000227cc00000)]
  0x000001b8fc00d320 JavaThread "Unconstrained build operations Thread 99" [_thread_blocked, id=3928, stack(0x000000227cc00000,0x000000227cd00000)]
  0x000001b8fc00d7f0 JavaThread "Unconstrained build operations Thread 100" [_thread_blocked, id=35796, stack(0x000000227cd00000,0x000000227ce00000)]
  0x000001b8fc00ce50 JavaThread "Unconstrained build operations Thread 101" [_thread_blocked, id=32508, stack(0x000000227ce00000,0x000000227cf00000)]
  0x000001b8fc00c4b0 JavaThread "Unconstrained build operations Thread 102" [_thread_blocked, id=2712, stack(0x000000227cf00000,0x000000227d000000)]
  0x000001b8fc00bfe0 JavaThread "Unconstrained build operations Thread 103" [_thread_blocked, id=13160, stack(0x000000227d000000,0x000000227d100000)]
  0x000001b8fec83240 JavaThread "Unconstrained build operations Thread 104" [_thread_blocked, id=4512, stack(0x000000227d100000,0x000000227d200000)]
  0x000001b8fec86730 JavaThread "Unconstrained build operations Thread 105" [_thread_blocked, id=1264, stack(0x000000227d200000,0x000000227d300000)]
  0x000001b8fec853f0 JavaThread "Unconstrained build operations Thread 106" [_thread_blocked, id=9592, stack(0x000000227d300000,0x000000227d400000)]
  0x000001b8fec86c00 JavaThread "Unconstrained build operations Thread 107" [_thread_blocked, id=24232, stack(0x000000227d400000,0x000000227d500000)]
  0x000001b8fec84a50 JavaThread "Unconstrained build operations Thread 108" [_thread_blocked, id=20572, stack(0x000000227d500000,0x000000227d600000)]
  0x000001b8fec86260 JavaThread "Unconstrained build operations Thread 109" [_thread_blocked, id=14544, stack(0x000000227d600000,0x000000227d700000)]
  0x000001b8fec83710 JavaThread "Unconstrained build operations Thread 110" [_thread_blocked, id=17116, stack(0x000000227d700000,0x000000227d800000)]
  0x000001b8fec83be0 JavaThread "Unconstrained build operations Thread 111" [_thread_blocked, id=22480, stack(0x000000227d800000,0x000000227d900000)]
  0x000001b8fec84f20 JavaThread "Unconstrained build operations Thread 112" [_thread_blocked, id=16504, stack(0x000000227d900000,0x000000227da00000)]
  0x000001b8fec840b0 JavaThread "Unconstrained build operations Thread 113" [_thread_blocked, id=11808, stack(0x000000227da00000,0x000000227db00000)]
  0x000001b8fec858c0 JavaThread "Unconstrained build operations Thread 114" [_thread_blocked, id=12324, stack(0x000000227db00000,0x000000227dc00000)]
  0x000001b884b415e0 JavaThread "Cache worker for Build Output Cleanup Cache (C:\Users\waniw\Documents\real-projects\daily-immune-admin-app\node_modules\expo-dev-launcher\expo-dev-launcher-gradle-plugin\.gradle\buildOutputCleanup)" [_thread_blocked, id=12220, stack(0x000000227dc00000,0x000000227dd00000)]
  0x000001b8841bb5a0 JavaThread "Cache worker for Build Output Cleanup Cache (C:\Users\waniw\Documents\real-projects\daily-immune-admin-app\node_modules\expo-modules-core\expo-module-gradle-plugin\.gradle\buildOutputCleanup)" [_thread_blocked, id=8136, stack(0x000000227dd00000,0x000000227de00000)]
  0x000001b884b41110 JavaThread "Unconstrained build operations Thread 115" [_thread_blocked, id=14760, stack(0x000000227de00000,0x000000227df00000)]
  0x000001b884b41ab0 JavaThread "Unconstrained build operations Thread 116" [_thread_blocked, id=29112, stack(0x000000227df00000,0x000000227e000000)]
  0x000001b8ff07d690 JavaThread "Unconstrained build operations Thread 117" [_thread_blocked, id=30752, stack(0x000000227e000000,0x000000227e100000)]
  0x000001b8ff07f370 JavaThread "Unconstrained build operations Thread 118" [_thread_blocked, id=16764, stack(0x000000227e100000,0x000000227e200000)]
  0x000001b8ff07e030 JavaThread "Unconstrained build operations Thread 119" [_thread_blocked, id=4244, stack(0x000000227e200000,0x000000227e300000)]
  0x000001b8ff07f840 JavaThread "Unconstrained build operations Thread 120" [_thread_blocked, id=21552, stack(0x000000227e900000,0x000000227ea00000)]
  0x000001b8ff07fd10 JavaThread "included builds Thread 3" [_thread_blocked, id=4204, stack(0x000000227ea00000,0x000000227eb00000)]
  0x000001b8ff07e9d0 JavaThread "included builds Thread 4" [_thread_blocked, id=12284, stack(0x000000227ec00000,0x000000227ed00000)]
  0x000001b8ff3fda30 JavaThread "Cache worker for execution history cache (C:\Users\waniw\Documents\real-projects\daily-immune-admin-app\node_modules\expo-dev-launcher\expo-dev-launcher-gradle-plugin\.gradle\8.13\executionHistory)" [_thread_blocked, id=30104, stack(0x000000227f000000,0x000000227f100000)]
  0x000001b884df6fb0 JavaThread "Cache worker for execution history cache (C:\Users\waniw\Documents\real-projects\daily-immune-admin-app\node_modules\expo-modules-core\expo-module-gradle-plugin\.gradle\8.13\executionHistory)" [_thread_blocked, id=28384, stack(0x000000227f100000,0x000000227f200000)]
  0x000001b8ff3fd090 JavaThread "Problems report writer" [_thread_blocked, id=12044, stack(0x000000227f200000,0x000000227f300000)]
  0x000001b8ff3fd560 JavaThread "build event listener" [_thread_blocked, id=23844, stack(0x000000227f500000,0x000000227f600000)]

Other Threads:
  0x000001b8f45cfab0 VMThread "VM Thread" [stack: 0x0000002270d00000,0x0000002270e00000] [id=15688]
  0x000001b8d3fa4d10 WatcherThread "VM Periodic Task Thread" [stack: 0x0000002271900000,0x0000002271a00000] [id=9596]
  0x000001b8d4003bf0 WorkerThread "GC Thread#0" [stack: 0x0000002270800000,0x0000002270900000] [id=12180]
  0x000001b8f8d1c100 WorkerThread "GC Thread#1" [stack: 0x0000002271a00000,0x0000002271b00000] [id=17700]
  0x000001b8f8e1bc60 WorkerThread "GC Thread#2" [stack: 0x0000002271b00000,0x0000002271c00000] [id=25784]
  0x000001b8f8bc9540 WorkerThread "GC Thread#3" [stack: 0x0000002271c00000,0x0000002271d00000] [id=4332]
  0x000001b8f8ddc550 WorkerThread "GC Thread#4" [stack: 0x0000002271d00000,0x0000002271e00000] [id=28044]
  0x000001b8facbf980 WorkerThread "GC Thread#5" [stack: 0x0000002272b00000,0x0000002272c00000] [id=13976]
  0x000001b8facda180 WorkerThread "GC Thread#6" [stack: 0x0000002272c00000,0x0000002272d00000] [id=10132]
  0x000001b8fad56030 WorkerThread "GC Thread#7" [stack: 0x0000002272d00000,0x0000002272e00000] [id=9144]
  0x000001b8fad562d0 WorkerThread "GC Thread#8" [stack: 0x0000002272e00000,0x0000002272f00000] [id=4316]
  0x000001b8fab8e680 WorkerThread "GC Thread#9" [stack: 0x0000002272f00000,0x0000002273000000] [id=16600]
  0x000001b8d4014fd0 ConcurrentGCThread "G1 Main Marker" [stack: 0x0000002270900000,0x0000002270a00000] [id=18360]
  0x000001b8d4016070 WorkerThread "G1 Conc#0" [stack: 0x0000002270a00000,0x0000002270b00000] [id=2420]
  0x000001b8fad01300 WorkerThread "G1 Conc#1" [stack: 0x0000002273100000,0x0000002273200000] [id=12040]
  0x000001b8fad01ae0 WorkerThread "G1 Conc#2" [stack: 0x0000002273200000,0x0000002273300000] [id=26500]
  0x000001b8d403e8e0 ConcurrentGCThread "G1 Refine#0" [stack: 0x0000002270b00000,0x0000002270c00000] [id=28988]
  0x000001b8859b6000 ConcurrentGCThread "G1 Refine#1" [stack: 0x000000227ac00000,0x000000227ad00000] [id=14976]
  0x000001b8f448b0f0 ConcurrentGCThread "G1 Service" [stack: 0x0000002270c00000,0x0000002270d00000] [id=23888]

Threads with active compile tasks:

VM state: not at safepoint (normal execution)

VM Mutex/Monitor currently owned by a thread:  ([mutex/lock_event])
[0x000001b8d3f9e810] Metaspace_lock - owner thread: 0x000001b8f889d490

Heap address: 0x0000000080000000, size: 2048 MB, Compressed Oops mode: 32-bit

CDS archive(s) mapped at: [0x0000000800000000-0x0000000800ba0000-0x0000000800ba0000), size 12189696, SharedBaseAddress: 0x0000000800000000, ArchiveRelocationMode: 0.
Compressed class space mapped at: 0x0000000800c00000-0x000000081a800000, reserved size: 432013312
Narrow klass base: 0x0000000800000000, Narrow klass shift: 0, Narrow klass range: 0x100000000

GC Precious Log:
 CardTable entry size: 512
 Card Set container configuration: InlinePtr #cards 5 size 8 Array Of Cards #cards 12 size 40 Howl #buckets 4 coarsen threshold 1843 Howl Bitmap #cards 512 size 80 coarsen threshold 460 Card regions per heap region 1 cards per card region 2048
 CPUs: 12 total, 12 available
 Memory: 7525M
 Large Page Support: Disabled
 NUMA Support: Disabled
 Compressed Oops: Enabled (32-bit)
 Heap Region Size: 1M
 Heap Min Capacity: 8M
 Heap Initial Capacity: 118M
 Heap Max Capacity: 2G
 Pre-touch: Disabled
 Parallel Workers: 10
 Concurrent Workers: 3
 Concurrent Refinement Workers: 10
 Periodic GC: Disabled

Heap:
 garbage-first heap   total 561152K, used 487500K [0x0000000080000000, 0x0000000100000000)
  region size 1024K, 37 young (37888K), 5 survivors (5120K)
 Metaspace       used 146494K, committed 150016K, reserved 552960K
  class space    used 19674K, committed 21440K, reserved 421888K

Heap Regions: E=young(eden), S=young(survivor), O=old, HS=humongous(starts), HC=humongous(continues), CS=collection set, F=free, OA=open archive, CA=closed archive, TAMS=top-at-mark-start (previous, next)
|   0|0x0000000080000000, 0x0000000080100000, 0x0000000080100000|100%|HS|  |TAMS 0x0000000080100000, 0x0000000080000000| Complete 
|   1|0x0000000080100000, 0x0000000080200000, 0x0000000080200000|100%|HC|  |TAMS 0x0000000080200000, 0x0000000080100000| Complete 
|   2|0x0000000080200000, 0x0000000080300000, 0x0000000080300000|100%|HC|  |TAMS 0x0000000080300000, 0x0000000080200000| Complete 
|   3|0x0000000080300000, 0x0000000080400000, 0x0000000080400000|100%| O|  |TAMS 0x0000000080400000, 0x0000000080300000| Untracked 
|   4|0x0000000080400000, 0x0000000080500000, 0x0000000080500000|100%| O|  |TAMS 0x0000000080500000, 0x0000000080400000| Untracked 
|   5|0x0000000080500000, 0x0000000080600000, 0x0000000080600000|100%| O|  |TAMS 0x0000000080600000, 0x0000000080500000| Untracked 
|   6|0x0000000080600000, 0x0000000080700000, 0x0000000080700000|100%|HS|  |TAMS 0x0000000080700000, 0x0000000080600000| Complete 
|   7|0x0000000080700000, 0x0000000080800000, 0x0000000080800000|100%| O|  |TAMS 0x0000000080800000, 0x0000000080700000| Untracked 
|   8|0x0000000080800000, 0x0000000080900000, 0x0000000080900000|100%| O|  |TAMS 0x0000000080900000, 0x0000000080800000| Untracked 
|   9|0x0000000080900000, 0x0000000080a00000, 0x0000000080a00000|100%| O|  |TAMS 0x0000000080a00000, 0x0000000080900000| Untracked 
|  10|0x0000000080a00000, 0x0000000080b00000, 0x0000000080b00000|100%| O|  |TAMS 0x0000000080b00000, 0x0000000080a00000| Untracked 
|  11|0x0000000080b00000, 0x0000000080c00000, 0x0000000080c00000|100%| O|  |TAMS 0x0000000080c00000, 0x0000000080b00000| Untracked 
|  12|0x0000000080c00000, 0x0000000080d00000, 0x0000000080d00000|100%| O|  |TAMS 0x0000000080d00000, 0x0000000080c00000| Untracked 
|  13|0x0000000080d00000, 0x0000000080e00000, 0x0000000080e00000|100%| O|  |TAMS 0x0000000080e00000, 0x0000000080d00000| Untracked 
|  14|0x0000000080e00000, 0x0000000080f00000, 0x0000000080f00000|100%| O|  |TAMS 0x0000000080f00000, 0x0000000080e00000| Untracked 
|  15|0x0000000080f00000, 0x0000000081000000, 0x0000000081000000|100%| O|  |TAMS 0x0000000081000000, 0x0000000080f00000| Untracked 
|  16|0x0000000081000000, 0x0000000081100000, 0x0000000081100000|100%| O|  |TAMS 0x0000000081100000, 0x0000000081000000| Untracked 
|  17|0x0000000081100000, 0x0000000081200000, 0x0000000081200000|100%| O|  |TAMS 0x0000000081200000, 0x0000000081100000| Untracked 
|  18|0x0000000081200000, 0x0000000081300000, 0x0000000081300000|100%| O|  |TAMS 0x0000000081300000, 0x0000000081200000| Untracked 
|  19|0x0000000081300000, 0x0000000081400000, 0x0000000081400000|100%| O|  |TAMS 0x0000000081400000, 0x0000000081300000| Untracked 
|  20|0x0000000081400000, 0x0000000081500000, 0x0000000081500000|100%| O|  |TAMS 0x0000000081500000, 0x0000000081400000| Untracked 
|  21|0x0000000081500000, 0x0000000081600000, 0x0000000081600000|100%| O|  |TAMS 0x0000000081600000, 0x0000000081500000| Untracked 
|  22|0x0000000081600000, 0x0000000081700000, 0x0000000081700000|100%| O|  |TAMS 0x0000000081700000, 0x0000000081600000| Untracked 
|  23|0x0000000081700000, 0x0000000081800000, 0x0000000081800000|100%| O|  |TAMS 0x0000000081800000, 0x0000000081700000| Untracked 
|  24|0x0000000081800000, 0x0000000081900000, 0x0000000081900000|100%| O|  |TAMS 0x0000000081900000, 0x0000000081800000| Untracked 
|  25|0x0000000081900000, 0x0000000081a00000, 0x0000000081a00000|100%| O|  |TAMS 0x0000000081a00000, 0x0000000081900000| Untracked 
|  26|0x0000000081a00000, 0x0000000081b00000, 0x0000000081b00000|100%| O|  |TAMS 0x0000000081b00000, 0x0000000081a00000| Untracked 
|  27|0x0000000081b00000, 0x0000000081c00000, 0x0000000081c00000|100%| O|  |TAMS 0x0000000081c00000, 0x0000000081b00000| Untracked 
|  28|0x0000000081c00000, 0x0000000081d00000, 0x0000000081d00000|100%| O|  |TAMS 0x0000000081d00000, 0x0000000081c00000| Untracked 
|  29|0x0000000081d00000, 0x0000000081e00000, 0x0000000081e00000|100%| O|  |TAMS 0x0000000081e00000, 0x0000000081d00000| Untracked 
|  30|0x0000000081e00000, 0x0000000081f00000, 0x0000000081f00000|100%| O|  |TAMS 0x0000000081f00000, 0x0000000081e00000| Untracked 
|  31|0x0000000081f00000, 0x0000000082000000, 0x0000000082000000|100%| O|  |TAMS 0x0000000082000000, 0x0000000081f00000| Untracked 
|  32|0x0000000082000000, 0x0000000082100000, 0x0000000082100000|100%| O|  |TAMS 0x0000000082100000, 0x0000000082000000| Untracked 
|  33|0x0000000082100000, 0x0000000082200000, 0x0000000082200000|100%| O|  |TAMS 0x0000000082200000, 0x0000000082100000| Untracked 
|  34|0x0000000082200000, 0x0000000082300000, 0x0000000082300000|100%| O|  |TAMS 0x0000000082300000, 0x0000000082200000| Untracked 
|  35|0x0000000082300000, 0x0000000082400000, 0x0000000082400000|100%| O|  |TAMS 0x0000000082400000, 0x0000000082300000| Untracked 
|  36|0x0000000082400000, 0x0000000082500000, 0x0000000082500000|100%| O|  |TAMS 0x0000000082500000, 0x0000000082400000| Untracked 
|  37|0x0000000082500000, 0x0000000082600000, 0x0000000082600000|100%| O|  |TAMS 0x0000000082600000, 0x0000000082500000| Untracked 
|  38|0x0000000082600000, 0x0000000082700000, 0x0000000082700000|100%| O|  |TAMS 0x0000000082700000, 0x0000000082600000| Untracked 
|  39|0x0000000082700000, 0x0000000082800000, 0x0000000082800000|100%| O|  |TAMS 0x0000000082800000, 0x0000000082700000| Untracked 
|  40|0x0000000082800000, 0x0000000082900000, 0x0000000082900000|100%| O|  |TAMS 0x0000000082900000, 0x0000000082800000| Untracked 
|  41|0x0000000082900000, 0x0000000082a00000, 0x0000000082a00000|100%| O|  |TAMS 0x0000000082a00000, 0x0000000082900000| Untracked 
|  42|0x0000000082a00000, 0x0000000082b00000, 0x0000000082b00000|100%| O|  |TAMS 0x0000000082b00000, 0x0000000082a00000| Untracked 
|  43|0x0000000082b00000, 0x0000000082c00000, 0x0000000082c00000|100%| O|  |TAMS 0x0000000082c00000, 0x0000000082b00000| Untracked 
|  44|0x0000000082c00000, 0x0000000082d00000, 0x0000000082d00000|100%| O|  |TAMS 0x0000000082d00000, 0x0000000082c00000| Untracked 
|  45|0x0000000082d00000, 0x0000000082e00000, 0x0000000082e00000|100%| O|  |TAMS 0x0000000082e00000, 0x0000000082d00000| Untracked 
|  46|0x0000000082e00000, 0x0000000082f00000, 0x0000000082f00000|100%| O|  |TAMS 0x0000000082f00000, 0x0000000082e00000| Untracked 
|  47|0x0000000082f00000, 0x0000000083000000, 0x0000000083000000|100%|HS|  |TAMS 0x0000000083000000, 0x0000000082f00000| Complete 
|  48|0x0000000083000000, 0x0000000083100000, 0x0000000083100000|100%|HC|  |TAMS 0x0000000083100000, 0x0000000083000000| Complete 
|  49|0x0000000083100000, 0x0000000083200000, 0x0000000083200000|100%| O|  |TAMS 0x0000000083200000, 0x0000000083100000| Untracked 
|  50|0x0000000083200000, 0x0000000083300000, 0x0000000083300000|100%| O|  |TAMS 0x0000000083300000, 0x0000000083200000| Untracked 
|  51|0x0000000083300000, 0x0000000083400000, 0x0000000083400000|100%| O|  |TAMS 0x0000000083400000, 0x0000000083300000| Untracked 
|  52|0x0000000083400000, 0x0000000083500000, 0x0000000083500000|100%| O|  |TAMS 0x0000000083500000, 0x0000000083400000| Untracked 
|  53|0x0000000083500000, 0x0000000083600000, 0x0000000083600000|100%| O|  |TAMS 0x0000000083600000, 0x0000000083500000| Untracked 
|  54|0x0000000083600000, 0x0000000083700000, 0x0000000083700000|100%|HS|  |TAMS 0x0000000083700000, 0x0000000083600000| Complete 
|  55|0x0000000083700000, 0x0000000083800000, 0x0000000083800000|100%|HC|  |TAMS 0x0000000083800000, 0x0000000083700000| Complete 
|  56|0x0000000083800000, 0x0000000083900000, 0x0000000083900000|100%|HC|  |TAMS 0x0000000083900000, 0x0000000083800000| Complete 
|  57|0x0000000083900000, 0x0000000083a00000, 0x0000000083a00000|100%|HS|  |TAMS 0x0000000083a00000, 0x0000000083900000| Complete 
|  58|0x0000000083a00000, 0x0000000083b00000, 0x0000000083b00000|100%|HC|  |TAMS 0x0000000083b00000, 0x0000000083a00000| Complete 
|  59|0x0000000083b00000, 0x0000000083c00000, 0x0000000083c00000|100%| O|  |TAMS 0x0000000083c00000, 0x0000000083b00000| Untracked 
|  60|0x0000000083c00000, 0x0000000083d00000, 0x0000000083d00000|100%| O|  |TAMS 0x0000000083d00000, 0x0000000083c00000| Untracked 
|  61|0x0000000083d00000, 0x0000000083e00000, 0x0000000083e00000|100%| O|  |TAMS 0x0000000083e00000, 0x0000000083d00000| Untracked 
|  62|0x0000000083e00000, 0x0000000083f00000, 0x0000000083f00000|100%| O|  |TAMS 0x0000000083f00000, 0x0000000083e00000| Untracked 
|  63|0x0000000083f00000, 0x0000000084000000, 0x0000000084000000|100%|HS|  |TAMS 0x0000000084000000, 0x0000000083f00000| Complete 
|  64|0x0000000084000000, 0x0000000084100000, 0x0000000084100000|100%|HC|  |TAMS 0x0000000084100000, 0x0000000084000000| Complete 
|  65|0x0000000084100000, 0x0000000084200000, 0x0000000084200000|100%|HC|  |TAMS 0x0000000084200000, 0x0000000084100000| Complete 
|  66|0x0000000084200000, 0x0000000084300000, 0x0000000084300000|100%| O|  |TAMS 0x0000000084300000, 0x0000000084200000| Untracked 
|  67|0x0000000084300000, 0x0000000084400000, 0x0000000084400000|100%| O|  |TAMS 0x0000000084400000, 0x0000000084300000| Untracked 
|  68|0x0000000084400000, 0x0000000084500000, 0x0000000084500000|100%| O|  |TAMS 0x0000000084500000, 0x0000000084400000| Untracked 
|  69|0x0000000084500000, 0x0000000084600000, 0x0000000084600000|100%| O|  |TAMS 0x0000000084600000, 0x0000000084500000| Untracked 
|  70|0x0000000084600000, 0x0000000084700000, 0x0000000084700000|100%| O|  |TAMS 0x0000000084700000, 0x0000000084600000| Untracked 
|  71|0x0000000084700000, 0x0000000084800000, 0x0000000084800000|100%| O|  |TAMS 0x0000000084800000, 0x0000000084700000| Untracked 
|  72|0x0000000084800000, 0x0000000084900000, 0x0000000084900000|100%| O|  |TAMS 0x0000000084900000, 0x0000000084800000| Untracked 
|  73|0x0000000084900000, 0x0000000084a00000, 0x0000000084a00000|100%| O|  |TAMS 0x0000000084a00000, 0x0000000084900000| Untracked 
|  74|0x0000000084a00000, 0x0000000084b00000, 0x0000000084b00000|100%| O|  |TAMS 0x0000000084b00000, 0x0000000084a00000| Untracked 
|  75|0x0000000084b00000, 0x0000000084c00000, 0x0000000084c00000|100%| O|  |TAMS 0x0000000084c00000, 0x0000000084b00000| Untracked 
|  76|0x0000000084c00000, 0x0000000084d00000, 0x0000000084d00000|100%|HS|  |TAMS 0x0000000084d00000, 0x0000000084c00000| Complete 
|  77|0x0000000084d00000, 0x0000000084e00000, 0x0000000084e00000|100%|HC|  |TAMS 0x0000000084e00000, 0x0000000084d00000| Complete 
|  78|0x0000000084e00000, 0x0000000084f00000, 0x0000000084f00000|100%|HS|  |TAMS 0x0000000084f00000, 0x0000000084e00000| Complete 
|  79|0x0000000084f00000, 0x0000000085000000, 0x0000000085000000|100%|HC|  |TAMS 0x0000000085000000, 0x0000000084f00000| Complete 
|  80|0x0000000085000000, 0x0000000085100000, 0x0000000085100000|100%|HS|  |TAMS 0x0000000085100000, 0x0000000085000000| Complete 
|  81|0x0000000085100000, 0x0000000085200000, 0x0000000085200000|100%|HC|  |TAMS 0x0000000085200000, 0x0000000085100000| Complete 
|  82|0x0000000085200000, 0x0000000085300000, 0x0000000085300000|100%|HC|  |TAMS 0x0000000085300000, 0x0000000085200000| Complete 
|  83|0x0000000085300000, 0x0000000085400000, 0x0000000085400000|100%|HC|  |TAMS 0x0000000085400000, 0x0000000085300000| Complete 
|  84|0x0000000085400000, 0x0000000085500000, 0x0000000085500000|100%|HS|  |TAMS 0x0000000085500000, 0x0000000085400000| Complete 
|  85|0x0000000085500000, 0x0000000085600000, 0x0000000085600000|100%|HC|  |TAMS 0x0000000085600000, 0x0000000085500000| Complete 
|  86|0x0000000085600000, 0x0000000085700000, 0x0000000085700000|100%|HC|  |TAMS 0x0000000085700000, 0x0000000085600000| Complete 
|  87|0x0000000085700000, 0x0000000085800000, 0x0000000085800000|100%|HC|  |TAMS 0x0000000085800000, 0x0000000085700000| Complete 
|  88|0x0000000085800000, 0x0000000085900000, 0x0000000085900000|100%| O|  |TAMS 0x0000000085900000, 0x0000000085800000| Untracked 
|  89|0x0000000085900000, 0x0000000085a00000, 0x0000000085a00000|100%|HS|  |TAMS 0x0000000085900000, 0x0000000085900000| Complete 
|  90|0x0000000085a00000, 0x0000000085b00000, 0x0000000085b00000|100%|HS|  |TAMS 0x0000000085a00000, 0x0000000085a00000| Complete 
|  91|0x0000000085b00000, 0x0000000085c00000, 0x0000000085c00000|100%| O|  |TAMS 0x0000000085b00000, 0x0000000085b00000| Untracked 
|  92|0x0000000085c00000, 0x0000000085d00000, 0x0000000085d00000|100%| O|  |TAMS 0x0000000085d00000, 0x0000000085c00000| Untracked 
|  93|0x0000000085d00000, 0x0000000085e00000, 0x0000000085e00000|100%| O|  |TAMS 0x0000000085d00000, 0x0000000085d00000| Untracked 
|  94|0x0000000085e00000, 0x0000000085f00000, 0x0000000085f00000|100%| O|  |TAMS 0x0000000085f00000, 0x0000000085e00000| Untracked 
|  95|0x0000000085f00000, 0x0000000086000000, 0x0000000086000000|100%| O|  |TAMS 0x0000000086000000, 0x0000000085f00000| Untracked 
|  96|0x0000000086000000, 0x0000000086100000, 0x0000000086100000|100%| O|  |TAMS 0x0000000086000000, 0x0000000086000000| Untracked 
|  97|0x0000000086100000, 0x0000000086200000, 0x0000000086200000|100%| O|  |TAMS 0x0000000086200000, 0x0000000086100000| Untracked 
|  98|0x0000000086200000, 0x0000000086300000, 0x0000000086300000|100%| O|  |TAMS 0x0000000086300000, 0x0000000086200000| Untracked 
|  99|0x0000000086300000, 0x0000000086400000, 0x0000000086400000|100%| O|  |TAMS 0x0000000086400000, 0x0000000086300000| Untracked 
| 100|0x0000000086400000, 0x0000000086500000, 0x0000000086500000|100%| O|  |TAMS 0x0000000086500000, 0x0000000086400000| Untracked 
| 101|0x0000000086500000, 0x0000000086600000, 0x0000000086600000|100%| O|  |TAMS 0x0000000086600000, 0x0000000086500000| Untracked 
| 102|0x0000000086600000, 0x0000000086700000, 0x0000000086700000|100%| O|  |TAMS 0x0000000086700000, 0x0000000086600000| Untracked 
| 103|0x0000000086700000, 0x0000000086800000, 0x0000000086800000|100%| O|  |TAMS 0x0000000086800000, 0x0000000086700000| Untracked 
| 104|0x0000000086800000, 0x0000000086900000, 0x0000000086900000|100%| O|  |TAMS 0x0000000086900000, 0x0000000086800000| Untracked 
| 105|0x0000000086900000, 0x0000000086a00000, 0x0000000086a00000|100%| O|  |TAMS 0x0000000086a00000, 0x0000000086900000| Untracked 
| 106|0x0000000086a00000, 0x0000000086b00000, 0x0000000086b00000|100%| O|  |TAMS 0x0000000086b00000, 0x0000000086a00000| Untracked 
| 107|0x0000000086b00000, 0x0000000086c00000, 0x0000000086c00000|100%| O|  |TAMS 0x0000000086c00000, 0x0000000086b00000| Untracked 
| 108|0x0000000086c00000, 0x0000000086d00000, 0x0000000086d00000|100%| O|  |TAMS 0x0000000086d00000, 0x0000000086c00000| Untracked 
| 109|0x0000000086d00000, 0x0000000086e00000, 0x0000000086e00000|100%| O|  |TAMS 0x0000000086e00000, 0x0000000086d00000| Untracked 
| 110|0x0000000086e00000, 0x0000000086f00000, 0x0000000086f00000|100%| O|  |TAMS 0x0000000086f00000, 0x0000000086e00000| Untracked 
| 111|0x0000000086f00000, 0x0000000087000000, 0x0000000087000000|100%| O|  |TAMS 0x0000000087000000, 0x0000000086f00000| Untracked 
| 112|0x0000000087000000, 0x0000000087100000, 0x0000000087100000|100%| O|  |TAMS 0x0000000087100000, 0x0000000087000000| Untracked 
| 113|0x0000000087100000, 0x0000000087200000, 0x0000000087200000|100%| O|  |TAMS 0x0000000087200000, 0x0000000087100000| Untracked 
| 114|0x0000000087200000, 0x0000000087300000, 0x0000000087300000|100%| O|  |TAMS 0x0000000087300000, 0x0000000087200000| Untracked 
| 115|0x0000000087300000, 0x0000000087400000, 0x0000000087400000|100%| O|  |TAMS 0x0000000087400000, 0x0000000087300000| Untracked 
| 116|0x0000000087400000, 0x0000000087500000, 0x0000000087500000|100%| O|  |TAMS 0x0000000087500000, 0x0000000087400000| Untracked 
| 117|0x0000000087500000, 0x0000000087600000, 0x0000000087600000|100%| O|  |TAMS 0x0000000087600000, 0x0000000087500000| Untracked 
| 118|0x0000000087600000, 0x0000000087700000, 0x0000000087700000|100%| O|  |TAMS 0x0000000087700000, 0x0000000087600000| Untracked 
| 119|0x0000000087700000, 0x0000000087800000, 0x0000000087800000|100%| O|  |TAMS 0x0000000087700000, 0x0000000087700000| Untracked 
| 120|0x0000000087800000, 0x0000000087900000, 0x0000000087900000|100%|HS|  |TAMS 0x0000000087900000, 0x0000000087800000| Complete 
| 121|0x0000000087900000, 0x0000000087a00000, 0x0000000087a00000|100%|HS|  |TAMS 0x0000000087a00000, 0x0000000087900000| Complete 
| 122|0x0000000087a00000, 0x0000000087b00000, 0x0000000087b00000|100%|HS|  |TAMS 0x0000000087b00000, 0x0000000087a00000| Complete 
| 123|0x0000000087b00000, 0x0000000087c00000, 0x0000000087c00000|100%|HS|  |TAMS 0x0000000087c00000, 0x0000000087b00000| Complete 
| 124|0x0000000087c00000, 0x0000000087d00000, 0x0000000087d00000|100%| O|  |TAMS 0x0000000087d00000, 0x0000000087c00000| Untracked 
| 125|0x0000000087d00000, 0x0000000087e00000, 0x0000000087e00000|100%|HS|  |TAMS 0x0000000087e00000, 0x0000000087d00000| Complete 
| 126|0x0000000087e00000, 0x0000000087f00000, 0x0000000087f00000|100%|HS|  |TAMS 0x0000000087f00000, 0x0000000087e00000| Complete 
| 127|0x0000000087f00000, 0x0000000088000000, 0x0000000088000000|100%| O|  |TAMS 0x0000000088000000, 0x0000000087f00000| Untracked 
| 128|0x0000000088000000, 0x0000000088100000, 0x0000000088100000|100%| O|  |TAMS 0x0000000088100000, 0x0000000088000000| Untracked 
| 129|0x0000000088100000, 0x0000000088200000, 0x0000000088200000|100%| O|  |TAMS 0x0000000088200000, 0x0000000088100000| Untracked 
| 130|0x0000000088200000, 0x0000000088300000, 0x0000000088300000|100%|HS|  |TAMS 0x0000000088300000, 0x0000000088200000| Complete 
| 131|0x0000000088300000, 0x0000000088400000, 0x0000000088400000|100%|HS|  |TAMS 0x0000000088400000, 0x0000000088300000| Complete 
| 132|0x0000000088400000, 0x0000000088500000, 0x0000000088500000|100%|HC|  |TAMS 0x0000000088500000, 0x0000000088400000| Complete 
| 133|0x0000000088500000, 0x0000000088600000, 0x0000000088600000|100%| O|  |TAMS 0x0000000088600000, 0x0000000088500000| Untracked 
| 134|0x0000000088600000, 0x0000000088700000, 0x0000000088700000|100%| O|  |TAMS 0x0000000088700000, 0x0000000088600000| Untracked 
| 135|0x0000000088700000, 0x0000000088800000, 0x0000000088800000|100%| O|  |TAMS 0x0000000088800000, 0x0000000088700000| Untracked 
| 136|0x0000000088800000, 0x0000000088900000, 0x0000000088900000|100%| O|  |TAMS 0x0000000088900000, 0x0000000088800000| Untracked 
| 137|0x0000000088900000, 0x0000000088a00000, 0x0000000088a00000|100%| O|  |TAMS 0x0000000088a00000, 0x0000000088900000| Untracked 
| 138|0x0000000088a00000, 0x0000000088b00000, 0x0000000088b00000|100%| O|  |TAMS 0x0000000088b00000, 0x0000000088a00000| Untracked 
| 139|0x0000000088b00000, 0x0000000088c00000, 0x0000000088c00000|100%| O|  |TAMS 0x0000000088c00000, 0x0000000088b00000| Untracked 
| 140|0x0000000088c00000, 0x0000000088d00000, 0x0000000088d00000|100%| O|  |TAMS 0x0000000088d00000, 0x0000000088c00000| Untracked 
| 141|0x0000000088d00000, 0x0000000088e00000, 0x0000000088e00000|100%| O|  |TAMS 0x0000000088e00000, 0x0000000088d00000| Untracked 
| 142|0x0000000088e00000, 0x0000000088f00000, 0x0000000088f00000|100%| O|  |TAMS 0x0000000088f00000, 0x0000000088e00000| Untracked 
| 143|0x0000000088f00000, 0x0000000089000000, 0x0000000089000000|100%| O|  |TAMS 0x0000000089000000, 0x0000000088f00000| Untracked 
| 144|0x0000000089000000, 0x0000000089100000, 0x0000000089100000|100%| O|  |TAMS 0x0000000089100000, 0x0000000089000000| Untracked 
| 145|0x0000000089100000, 0x0000000089200000, 0x0000000089200000|100%| O|  |TAMS 0x0000000089200000, 0x0000000089100000| Untracked 
| 146|0x0000000089200000, 0x0000000089300000, 0x0000000089300000|100%| O|  |TAMS 0x0000000089300000, 0x0000000089200000| Untracked 
| 147|0x0000000089300000, 0x0000000089400000, 0x0000000089400000|100%| O|  |TAMS 0x0000000089400000, 0x0000000089300000| Untracked 
| 148|0x0000000089400000, 0x0000000089500000, 0x0000000089500000|100%| O|  |TAMS 0x0000000089500000, 0x0000000089400000| Untracked 
| 149|0x0000000089500000, 0x0000000089600000, 0x0000000089600000|100%| O|  |TAMS 0x0000000089600000, 0x0000000089500000| Untracked 
| 150|0x0000000089600000, 0x0000000089700000, 0x0000000089700000|100%| O|  |TAMS 0x0000000089700000, 0x0000000089600000| Untracked 
| 151|0x0000000089700000, 0x0000000089800000, 0x0000000089800000|100%| O|  |TAMS 0x0000000089800000, 0x0000000089700000| Untracked 
| 152|0x0000000089800000, 0x0000000089900000, 0x0000000089900000|100%| O|  |TAMS 0x0000000089900000, 0x0000000089800000| Untracked 
| 153|0x0000000089900000, 0x0000000089a00000, 0x0000000089a00000|100%| O|  |TAMS 0x0000000089a00000, 0x0000000089900000| Untracked 
| 154|0x0000000089a00000, 0x0000000089b00000, 0x0000000089b00000|100%| O|  |TAMS 0x0000000089b00000, 0x0000000089a00000| Untracked 
| 155|0x0000000089b00000, 0x0000000089c00000, 0x0000000089c00000|100%| O|  |TAMS 0x0000000089c00000, 0x0000000089b00000| Untracked 
| 156|0x0000000089c00000, 0x0000000089d00000, 0x0000000089d00000|100%| O|  |TAMS 0x0000000089d00000, 0x0000000089c00000| Untracked 
| 157|0x0000000089d00000, 0x0000000089e00000, 0x0000000089e00000|100%| O|  |TAMS 0x0000000089e00000, 0x0000000089d00000| Untracked 
| 158|0x0000000089e00000, 0x0000000089f00000, 0x0000000089f00000|100%| O|  |TAMS 0x0000000089f00000, 0x0000000089e00000| Untracked 
| 159|0x0000000089f00000, 0x000000008a000000, 0x000000008a000000|100%| O|  |TAMS 0x000000008a000000, 0x0000000089f00000| Untracked 
| 160|0x000000008a000000, 0x000000008a100000, 0x000000008a100000|100%| O|  |TAMS 0x000000008a100000, 0x000000008a000000| Untracked 
| 161|0x000000008a100000, 0x000000008a200000, 0x000000008a200000|100%| O|  |TAMS 0x000000008a200000, 0x000000008a100000| Untracked 
| 162|0x000000008a200000, 0x000000008a300000, 0x000000008a300000|100%| O|  |TAMS 0x000000008a300000, 0x000000008a200000| Untracked 
| 163|0x000000008a300000, 0x000000008a400000, 0x000000008a400000|100%| O|  |TAMS 0x000000008a400000, 0x000000008a300000| Untracked 
| 164|0x000000008a400000, 0x000000008a500000, 0x000000008a500000|100%| O|  |TAMS 0x000000008a500000, 0x000000008a400000| Untracked 
| 165|0x000000008a500000, 0x000000008a600000, 0x000000008a600000|100%| O|  |TAMS 0x000000008a600000, 0x000000008a500000| Untracked 
| 166|0x000000008a600000, 0x000000008a700000, 0x000000008a700000|100%| O|  |TAMS 0x000000008a700000, 0x000000008a600000| Untracked 
| 167|0x000000008a700000, 0x000000008a800000, 0x000000008a800000|100%| O|  |TAMS 0x000000008a800000, 0x000000008a700000| Untracked 
| 168|0x000000008a800000, 0x000000008a900000, 0x000000008a900000|100%| O|  |TAMS 0x000000008a900000, 0x000000008a800000| Untracked 
| 169|0x000000008a900000, 0x000000008aa00000, 0x000000008aa00000|100%| O|  |TAMS 0x000000008aa00000, 0x000000008a900000| Untracked 
| 170|0x000000008aa00000, 0x000000008ab00000, 0x000000008ab00000|100%| O|  |TAMS 0x000000008ab00000, 0x000000008aa00000| Untracked 
| 171|0x000000008ab00000, 0x000000008ac00000, 0x000000008ac00000|100%| O|  |TAMS 0x000000008ac00000, 0x000000008ab00000| Untracked 
| 172|0x000000008ac00000, 0x000000008ad00000, 0x000000008ad00000|100%| O|  |TAMS 0x000000008ad00000, 0x000000008ac00000| Untracked 
| 173|0x000000008ad00000, 0x000000008ae00000, 0x000000008ae00000|100%| O|  |TAMS 0x000000008ae00000, 0x000000008ad00000| Untracked 
| 174|0x000000008ae00000, 0x000000008af00000, 0x000000008af00000|100%| O|  |TAMS 0x000000008af00000, 0x000000008ae00000| Untracked 
| 175|0x000000008af00000, 0x000000008b000000, 0x000000008b000000|100%| O|  |TAMS 0x000000008b000000, 0x000000008af00000| Untracked 
| 176|0x000000008b000000, 0x000000008b100000, 0x000000008b100000|100%| O|  |TAMS 0x000000008b100000, 0x000000008b000000| Untracked 
| 177|0x000000008b100000, 0x000000008b200000, 0x000000008b200000|100%| O|  |TAMS 0x000000008b200000, 0x000000008b100000| Untracked 
| 178|0x000000008b200000, 0x000000008b300000, 0x000000008b300000|100%| O|  |TAMS 0x000000008b300000, 0x000000008b200000| Untracked 
| 179|0x000000008b300000, 0x000000008b400000, 0x000000008b400000|100%| O|  |TAMS 0x000000008b400000, 0x000000008b300000| Untracked 
| 180|0x000000008b400000, 0x000000008b500000, 0x000000008b500000|100%| O|  |TAMS 0x000000008b500000, 0x000000008b400000| Untracked 
| 181|0x000000008b500000, 0x000000008b600000, 0x000000008b600000|100%| O|  |TAMS 0x000000008b500000, 0x000000008b500000| Untracked 
| 182|0x000000008b600000, 0x000000008b700000, 0x000000008b700000|100%| O|  |TAMS 0x000000008b700000, 0x000000008b600000| Untracked 
| 183|0x000000008b700000, 0x000000008b800000, 0x000000008b800000|100%| O|  |TAMS 0x000000008b800000, 0x000000008b700000| Untracked 
| 184|0x000000008b800000, 0x000000008b900000, 0x000000008b900000|100%| O|  |TAMS 0x000000008b900000, 0x000000008b800000| Untracked 
| 185|0x000000008b900000, 0x000000008ba00000, 0x000000008ba00000|100%| O|  |TAMS 0x000000008ba00000, 0x000000008b900000| Untracked 
| 186|0x000000008ba00000, 0x000000008bb00000, 0x000000008bb00000|100%| O|  |TAMS 0x000000008bb00000, 0x000000008ba00000| Untracked 
| 187|0x000000008bb00000, 0x000000008bc00000, 0x000000008bc00000|100%| O|  |TAMS 0x000000008bc00000, 0x000000008bb00000| Untracked 
| 188|0x000000008bc00000, 0x000000008bd00000, 0x000000008bd00000|100%| O|  |TAMS 0x000000008bd00000, 0x000000008bc00000| Untracked 
| 189|0x000000008bd00000, 0x000000008be00000, 0x000000008be00000|100%| O|  |TAMS 0x000000008be00000, 0x000000008bd00000| Untracked 
| 190|0x000000008be00000, 0x000000008bf00000, 0x000000008bf00000|100%| O|  |TAMS 0x000000008bf00000, 0x000000008be00000| Untracked 
| 191|0x000000008bf00000, 0x000000008c000000, 0x000000008c000000|100%| O|  |TAMS 0x000000008c000000, 0x000000008bf00000| Untracked 
| 192|0x000000008c000000, 0x000000008c100000, 0x000000008c100000|100%| O|  |TAMS 0x000000008c100000, 0x000000008c000000| Untracked 
| 193|0x000000008c100000, 0x000000008c200000, 0x000000008c200000|100%| O|  |TAMS 0x000000008c200000, 0x000000008c100000| Untracked 
| 194|0x000000008c200000, 0x000000008c300000, 0x000000008c300000|100%| O|  |TAMS 0x000000008c300000, 0x000000008c200000| Untracked 
| 195|0x000000008c300000, 0x000000008c400000, 0x000000008c400000|100%| O|  |TAMS 0x000000008c300000, 0x000000008c300000| Untracked 
| 196|0x000000008c400000, 0x000000008c500000, 0x000000008c500000|100%| O|  |TAMS 0x000000008c500000, 0x000000008c400000| Untracked 
| 197|0x000000008c500000, 0x000000008c600000, 0x000000008c600000|100%| O|  |TAMS 0x000000008c600000, 0x000000008c500000| Untracked 
| 198|0x000000008c600000, 0x000000008c700000, 0x000000008c700000|100%| O|  |TAMS 0x000000008c700000, 0x000000008c600000| Untracked 
| 199|0x000000008c700000, 0x000000008c800000, 0x000000008c800000|100%| O|  |TAMS 0x000000008c800000, 0x000000008c700000| Untracked 
| 200|0x000000008c800000, 0x000000008c900000, 0x000000008c900000|100%| O|  |TAMS 0x000000008c900000, 0x000000008c800000| Untracked 
| 201|0x000000008c900000, 0x000000008ca00000, 0x000000008ca00000|100%| O|  |TAMS 0x000000008ca00000, 0x000000008c900000| Untracked 
| 202|0x000000008ca00000, 0x000000008cb00000, 0x000000008cb00000|100%| O|  |TAMS 0x000000008cb00000, 0x000000008ca00000| Untracked 
| 203|0x000000008cb00000, 0x000000008cc00000, 0x000000008cc00000|100%| O|  |TAMS 0x000000008cc00000, 0x000000008cb00000| Untracked 
| 204|0x000000008cc00000, 0x000000008cd00000, 0x000000008cd00000|100%| O|  |TAMS 0x000000008cd00000, 0x000000008cc00000| Untracked 
| 205|0x000000008cd00000, 0x000000008ce00000, 0x000000008ce00000|100%| O|  |TAMS 0x000000008ce00000, 0x000000008cd00000| Untracked 
| 206|0x000000008ce00000, 0x000000008cf00000, 0x000000008cf00000|100%| O|  |TAMS 0x000000008cf00000, 0x000000008ce00000| Untracked 
| 207|0x000000008cf00000, 0x000000008d000000, 0x000000008d000000|100%| O|  |TAMS 0x000000008d000000, 0x000000008cf00000| Untracked 
| 208|0x000000008d000000, 0x000000008d100000, 0x000000008d100000|100%| O|  |TAMS 0x000000008d000000, 0x000000008d000000| Untracked 
| 209|0x000000008d100000, 0x000000008d200000, 0x000000008d200000|100%| O|  |TAMS 0x000000008d200000, 0x000000008d100000| Untracked 
| 210|0x000000008d200000, 0x000000008d300000, 0x000000008d300000|100%|HS|  |TAMS 0x000000008d300000, 0x000000008d200000| Complete 
| 211|0x000000008d300000, 0x000000008d400000, 0x000000008d400000|100%|HS|  |TAMS 0x000000008d400000, 0x000000008d300000| Complete 
| 212|0x000000008d400000, 0x000000008d500000, 0x000000008d500000|100%|HS|  |TAMS 0x000000008d500000, 0x000000008d400000| Complete 
| 213|0x000000008d500000, 0x000000008d600000, 0x000000008d600000|100%| O|  |TAMS 0x000000008d600000, 0x000000008d500000| Untracked 
| 214|0x000000008d600000, 0x000000008d700000, 0x000000008d700000|100%| O|  |TAMS 0x000000008d700000, 0x000000008d600000| Untracked 
| 215|0x000000008d700000, 0x000000008d800000, 0x000000008d800000|100%| O|  |TAMS 0x000000008d800000, 0x000000008d700000| Untracked 
| 216|0x000000008d800000, 0x000000008d900000, 0x000000008d900000|100%| O|  |TAMS 0x000000008d900000, 0x000000008d800000| Untracked 
| 217|0x000000008d900000, 0x000000008da00000, 0x000000008da00000|100%| O|  |TAMS 0x000000008da00000, 0x000000008d900000| Untracked 
| 218|0x000000008da00000, 0x000000008db00000, 0x000000008db00000|100%| O|  |TAMS 0x000000008db00000, 0x000000008da00000| Untracked 
| 219|0x000000008db00000, 0x000000008dc00000, 0x000000008dc00000|100%| O|  |TAMS 0x000000008dc00000, 0x000000008db00000| Untracked 
| 220|0x000000008dc00000, 0x000000008dd00000, 0x000000008dd00000|100%| O|  |TAMS 0x000000008dd00000, 0x000000008dc00000| Untracked 
| 221|0x000000008dd00000, 0x000000008de00000, 0x000000008de00000|100%| O|  |TAMS 0x000000008de00000, 0x000000008dd00000| Untracked 
| 222|0x000000008de00000, 0x000000008df00000, 0x000000008df00000|100%| O|  |TAMS 0x000000008df00000, 0x000000008de00000| Untracked 
| 223|0x000000008df00000, 0x000000008e000000, 0x000000008e000000|100%| O|  |TAMS 0x000000008e000000, 0x000000008df00000| Untracked 
| 224|0x000000008e000000, 0x000000008e100000, 0x000000008e100000|100%| O|  |TAMS 0x000000008e100000, 0x000000008e000000| Untracked 
| 225|0x000000008e100000, 0x000000008e200000, 0x000000008e200000|100%| O|  |TAMS 0x000000008e200000, 0x000000008e100000| Untracked 
| 226|0x000000008e200000, 0x000000008e300000, 0x000000008e300000|100%| O|  |TAMS 0x000000008e300000, 0x000000008e200000| Untracked 
| 227|0x000000008e300000, 0x000000008e400000, 0x000000008e400000|100%|HS|  |TAMS 0x000000008e400000, 0x000000008e300000| Complete 
| 228|0x000000008e400000, 0x000000008e500000, 0x000000008e500000|100%|HS|  |TAMS 0x000000008e500000, 0x000000008e400000| Complete 
| 229|0x000000008e500000, 0x000000008e600000, 0x000000008e600000|100%|HS|  |TAMS 0x000000008e600000, 0x000000008e500000| Complete 
| 230|0x000000008e600000, 0x000000008e700000, 0x000000008e700000|100%|HC|  |TAMS 0x000000008e700000, 0x000000008e600000| Complete 
| 231|0x000000008e700000, 0x000000008e800000, 0x000000008e800000|100%| O|  |TAMS 0x000000008e800000, 0x000000008e700000| Untracked 
| 232|0x000000008e800000, 0x000000008e900000, 0x000000008e900000|100%| O|  |TAMS 0x000000008e900000, 0x000000008e800000| Untracked 
| 233|0x000000008e900000, 0x000000008ea00000, 0x000000008ea00000|100%| O|  |TAMS 0x000000008ea00000, 0x000000008e900000| Untracked 
| 234|0x000000008ea00000, 0x000000008eb00000, 0x000000008eb00000|100%| O|  |TAMS 0x000000008eb00000, 0x000000008ea00000| Untracked 
| 235|0x000000008eb00000, 0x000000008ec00000, 0x000000008ec00000|100%| O|  |TAMS 0x000000008ec00000, 0x000000008eb00000| Untracked 
| 236|0x000000008ec00000, 0x000000008ed00000, 0x000000008ed00000|100%| O|  |TAMS 0x000000008ed00000, 0x000000008ec00000| Untracked 
| 237|0x000000008ed00000, 0x000000008ee00000, 0x000000008ee00000|100%| O|  |TAMS 0x000000008ee00000, 0x000000008ed00000| Untracked 
| 238|0x000000008ee00000, 0x000000008ef00000, 0x000000008ef00000|100%| O|  |TAMS 0x000000008ef00000, 0x000000008ee00000| Untracked 
| 239|0x000000008ef00000, 0x000000008f000000, 0x000000008f000000|100%| O|  |TAMS 0x000000008f000000, 0x000000008ef00000| Untracked 
| 240|0x000000008f000000, 0x000000008f100000, 0x000000008f100000|100%| O|  |TAMS 0x000000008f100000, 0x000000008f000000| Untracked 
| 241|0x000000008f100000, 0x000000008f200000, 0x000000008f200000|100%| O|  |TAMS 0x000000008f200000, 0x000000008f100000| Untracked 
| 242|0x000000008f200000, 0x000000008f300000, 0x000000008f300000|100%| O|  |TAMS 0x000000008f300000, 0x000000008f200000| Untracked 
| 243|0x000000008f300000, 0x000000008f400000, 0x000000008f400000|100%| O|  |TAMS 0x000000008f400000, 0x000000008f300000| Untracked 
| 244|0x000000008f400000, 0x000000008f500000, 0x000000008f500000|100%| O|  |TAMS 0x000000008f500000, 0x000000008f400000| Untracked 
| 245|0x000000008f500000, 0x000000008f600000, 0x000000008f600000|100%| O|  |TAMS 0x000000008f600000, 0x000000008f500000| Untracked 
| 246|0x000000008f600000, 0x000000008f700000, 0x000000008f700000|100%|HS|  |TAMS 0x000000008f700000, 0x000000008f600000| Complete 
| 247|0x000000008f700000, 0x000000008f800000, 0x000000008f800000|100%|HS|  |TAMS 0x000000008f800000, 0x000000008f700000| Complete 
| 248|0x000000008f800000, 0x000000008f900000, 0x000000008f900000|100%|HS|  |TAMS 0x000000008f900000, 0x000000008f800000| Complete 
| 249|0x000000008f900000, 0x000000008fa00000, 0x000000008fa00000|100%| O|  |TAMS 0x000000008fa00000, 0x000000008f900000| Untracked 
| 250|0x000000008fa00000, 0x000000008fb00000, 0x000000008fb00000|100%| O|  |TAMS 0x000000008fb00000, 0x000000008fa00000| Untracked 
| 251|0x000000008fb00000, 0x000000008fc00000, 0x000000008fc00000|100%| O|  |TAMS 0x000000008fc00000, 0x000000008fb00000| Untracked 
| 252|0x000000008fc00000, 0x000000008fd00000, 0x000000008fd00000|100%| O|  |TAMS 0x000000008fd00000, 0x000000008fc00000| Untracked 
| 253|0x000000008fd00000, 0x000000008fe00000, 0x000000008fe00000|100%| O|  |TAMS 0x000000008fe00000, 0x000000008fd00000| Untracked 
| 254|0x000000008fe00000, 0x000000008ff00000, 0x000000008ff00000|100%| O|  |TAMS 0x000000008ff00000, 0x000000008fe00000| Untracked 
| 255|0x000000008ff00000, 0x0000000090000000, 0x0000000090000000|100%| O|  |TAMS 0x0000000090000000, 0x000000008ff00000| Untracked 
| 256|0x0000000090000000, 0x0000000090100000, 0x0000000090100000|100%| O|  |TAMS 0x0000000090100000, 0x0000000090000000| Untracked 
| 257|0x0000000090100000, 0x0000000090200000, 0x0000000090200000|100%| O|  |TAMS 0x0000000090200000, 0x0000000090100000| Untracked 
| 258|0x0000000090200000, 0x0000000090300000, 0x0000000090300000|100%| O|  |TAMS 0x0000000090300000, 0x0000000090200000| Untracked 
| 259|0x0000000090300000, 0x0000000090400000, 0x0000000090400000|100%| O|  |TAMS 0x0000000090400000, 0x0000000090300000| Untracked 
| 260|0x0000000090400000, 0x0000000090500000, 0x0000000090500000|100%| O|  |TAMS 0x0000000090466400, 0x0000000090400000| Untracked 
| 261|0x0000000090500000, 0x0000000090600000, 0x0000000090600000|100%| O|  |TAMS 0x0000000090500000, 0x0000000090500000| Untracked 
| 262|0x0000000090600000, 0x0000000090700000, 0x0000000090700000|100%| O|  |TAMS 0x0000000090600000, 0x0000000090600000| Untracked 
| 263|0x0000000090700000, 0x0000000090800000, 0x0000000090800000|100%| O|  |TAMS 0x0000000090700000, 0x0000000090700000| Untracked 
| 264|0x0000000090800000, 0x0000000090900000, 0x0000000090900000|100%| O|  |TAMS 0x0000000090800000, 0x0000000090800000| Untracked 
| 265|0x0000000090900000, 0x0000000090a00000, 0x0000000090a00000|100%| O|  |TAMS 0x0000000090900000, 0x0000000090900000| Untracked 
| 266|0x0000000090a00000, 0x0000000090b00000, 0x0000000090b00000|100%| O|  |TAMS 0x0000000090a00000, 0x0000000090a00000| Untracked 
| 267|0x0000000090b00000, 0x0000000090c00000, 0x0000000090c00000|100%| O|  |TAMS 0x0000000090b00000, 0x0000000090b00000| Untracked 
| 268|0x0000000090c00000, 0x0000000090d00000, 0x0000000090d00000|100%| O|  |TAMS 0x0000000090c00000, 0x0000000090c00000| Untracked 
| 269|0x0000000090d00000, 0x0000000090e00000, 0x0000000090e00000|100%| O|  |TAMS 0x0000000090d00000, 0x0000000090d00000| Untracked 
| 270|0x0000000090e00000, 0x0000000090f00000, 0x0000000090f00000|100%| O|  |TAMS 0x0000000090e00000, 0x0000000090e00000| Untracked 
| 271|0x0000000090f00000, 0x0000000091000000, 0x0000000091000000|100%| O|  |TAMS 0x0000000090f00000, 0x0000000090f00000| Untracked 
| 272|0x0000000091000000, 0x0000000091100000, 0x0000000091100000|100%| O|  |TAMS 0x0000000091000000, 0x0000000091000000| Untracked 
| 273|0x0000000091100000, 0x0000000091200000, 0x0000000091200000|100%| O|  |TAMS 0x0000000091100000, 0x0000000091100000| Untracked 
| 274|0x0000000091200000, 0x0000000091300000, 0x0000000091300000|100%| O|  |TAMS 0x0000000091200000, 0x0000000091200000| Untracked 
| 275|0x0000000091300000, 0x0000000091400000, 0x0000000091400000|100%| O|  |TAMS 0x0000000091300000, 0x0000000091300000| Untracked 
| 276|0x0000000091400000, 0x0000000091500000, 0x0000000091500000|100%| O|  |TAMS 0x0000000091400000, 0x0000000091400000| Untracked 
| 277|0x0000000091500000, 0x0000000091600000, 0x0000000091600000|100%| O|  |TAMS 0x0000000091500000, 0x0000000091500000| Untracked 
| 278|0x0000000091600000, 0x0000000091700000, 0x0000000091700000|100%| O|  |TAMS 0x0000000091600000, 0x0000000091600000| Untracked 
| 279|0x0000000091700000, 0x0000000091800000, 0x0000000091800000|100%| O|  |TAMS 0x0000000091700000, 0x0000000091700000| Untracked 
| 280|0x0000000091800000, 0x0000000091900000, 0x0000000091900000|100%| O|  |TAMS 0x0000000091800000, 0x0000000091800000| Untracked 
| 281|0x0000000091900000, 0x0000000091a00000, 0x0000000091a00000|100%| O|  |TAMS 0x0000000091900000, 0x0000000091900000| Untracked 
| 282|0x0000000091a00000, 0x0000000091b00000, 0x0000000091b00000|100%| O|  |TAMS 0x0000000091a00000, 0x0000000091a00000| Untracked 
| 283|0x0000000091b00000, 0x0000000091c00000, 0x0000000091c00000|100%| O|  |TAMS 0x0000000091b00000, 0x0000000091b00000| Untracked 
| 284|0x0000000091c00000, 0x0000000091d00000, 0x0000000091d00000|100%| O|  |TAMS 0x0000000091c00000, 0x0000000091c00000| Untracked 
| 285|0x0000000091d00000, 0x0000000091e00000, 0x0000000091e00000|100%| O|  |TAMS 0x0000000091d00000, 0x0000000091d00000| Untracked 
| 286|0x0000000091e00000, 0x0000000091f00000, 0x0000000091f00000|100%| O|  |TAMS 0x0000000091e00000, 0x0000000091e00000| Untracked 
| 287|0x0000000091f00000, 0x0000000092000000, 0x0000000092000000|100%| O|  |TAMS 0x0000000091f00000, 0x0000000091f00000| Untracked 
| 288|0x0000000092000000, 0x0000000092100000, 0x0000000092100000|100%| O|  |TAMS 0x0000000092000000, 0x0000000092000000| Untracked 
| 289|0x0000000092100000, 0x0000000092200000, 0x0000000092200000|100%| O|  |TAMS 0x0000000092100000, 0x0000000092100000| Untracked 
| 290|0x0000000092200000, 0x0000000092300000, 0x0000000092300000|100%| O|  |TAMS 0x0000000092200000, 0x0000000092200000| Untracked 
| 291|0x0000000092300000, 0x0000000092400000, 0x0000000092400000|100%| O|  |TAMS 0x0000000092300000, 0x0000000092300000| Untracked 
| 292|0x0000000092400000, 0x0000000092500000, 0x0000000092500000|100%| O|  |TAMS 0x0000000092400000, 0x0000000092400000| Untracked 
| 293|0x0000000092500000, 0x0000000092600000, 0x0000000092600000|100%| O|  |TAMS 0x0000000092500000, 0x0000000092500000| Untracked 
| 294|0x0000000092600000, 0x0000000092700000, 0x0000000092700000|100%| O|  |TAMS 0x0000000092600000, 0x0000000092600000| Untracked 
| 295|0x0000000092700000, 0x0000000092800000, 0x0000000092800000|100%| O|  |TAMS 0x0000000092700000, 0x0000000092700000| Untracked 
| 296|0x0000000092800000, 0x0000000092900000, 0x0000000092900000|100%| O|  |TAMS 0x0000000092800000, 0x0000000092800000| Untracked 
| 297|0x0000000092900000, 0x0000000092a00000, 0x0000000092a00000|100%| O|  |TAMS 0x0000000092900000, 0x0000000092900000| Untracked 
| 298|0x0000000092a00000, 0x0000000092b00000, 0x0000000092b00000|100%| O|  |TAMS 0x0000000092a00000, 0x0000000092a00000| Untracked 
| 299|0x0000000092b00000, 0x0000000092c00000, 0x0000000092c00000|100%| O|  |TAMS 0x0000000092b00000, 0x0000000092b00000| Untracked 
| 300|0x0000000092c00000, 0x0000000092d00000, 0x0000000092d00000|100%| O|  |TAMS 0x0000000092c00000, 0x0000000092c00000| Untracked 
| 301|0x0000000092d00000, 0x0000000092e00000, 0x0000000092e00000|100%|HS|  |TAMS 0x0000000092d00000, 0x0000000092d00000| Complete 
| 302|0x0000000092e00000, 0x0000000092f00000, 0x0000000092f00000|100%|HS|  |TAMS 0x0000000092e00000, 0x0000000092e00000| Complete 
| 303|0x0000000092f00000, 0x0000000093000000, 0x0000000093000000|100%| O|  |TAMS 0x0000000092f00000, 0x0000000092f00000| Untracked 
| 304|0x0000000093000000, 0x0000000093100000, 0x0000000093100000|100%| O|  |TAMS 0x0000000093000000, 0x0000000093000000| Untracked 
| 305|0x0000000093100000, 0x0000000093200000, 0x0000000093200000|100%| O|  |TAMS 0x0000000093100000, 0x0000000093100000| Untracked 
| 306|0x0000000093200000, 0x0000000093300000, 0x0000000093300000|100%| O|  |TAMS 0x0000000093200000, 0x0000000093200000| Untracked 
| 307|0x0000000093300000, 0x0000000093400000, 0x0000000093400000|100%| O|  |TAMS 0x0000000093300000, 0x0000000093300000| Untracked 
| 308|0x0000000093400000, 0x0000000093500000, 0x0000000093500000|100%|HS|  |TAMS 0x0000000093400000, 0x0000000093400000| Complete 
| 309|0x0000000093500000, 0x0000000093600000, 0x0000000093600000|100%| O|  |TAMS 0x0000000093500000, 0x0000000093500000| Untracked 
| 310|0x0000000093600000, 0x0000000093700000, 0x0000000093700000|100%| O|  |TAMS 0x0000000093600000, 0x0000000093600000| Untracked 
| 311|0x0000000093700000, 0x0000000093800000, 0x0000000093800000|100%| O|  |TAMS 0x0000000093700000, 0x0000000093700000| Untracked 
| 312|0x0000000093800000, 0x0000000093900000, 0x0000000093900000|100%| O|  |TAMS 0x0000000093800000, 0x0000000093800000| Untracked 
| 313|0x0000000093900000, 0x0000000093a00000, 0x0000000093a00000|100%| O|  |TAMS 0x0000000093900000, 0x0000000093900000| Untracked 
| 314|0x0000000093a00000, 0x0000000093b00000, 0x0000000093b00000|100%| O|  |TAMS 0x0000000093a00000, 0x0000000093a00000| Untracked 
| 315|0x0000000093b00000, 0x0000000093c00000, 0x0000000093c00000|100%| O|  |TAMS 0x0000000093b00000, 0x0000000093b00000| Untracked 
| 316|0x0000000093c00000, 0x0000000093d00000, 0x0000000093d00000|100%| O|  |TAMS 0x0000000093c00000, 0x0000000093c00000| Untracked 
| 317|0x0000000093d00000, 0x0000000093e00000, 0x0000000093e00000|100%| O|  |TAMS 0x0000000093d00000, 0x0000000093d00000| Untracked 
| 318|0x0000000093e00000, 0x0000000093f00000, 0x0000000093f00000|100%| O|  |TAMS 0x0000000093e00000, 0x0000000093e00000| Untracked 
| 319|0x0000000093f00000, 0x0000000094000000, 0x0000000094000000|100%| O|  |TAMS 0x0000000093f00000, 0x0000000093f00000| Untracked 
| 320|0x0000000094000000, 0x0000000094100000, 0x0000000094100000|100%| O|  |TAMS 0x0000000094000000, 0x0000000094000000| Untracked 
| 321|0x0000000094100000, 0x0000000094200000, 0x0000000094200000|100%| O|  |TAMS 0x0000000094100000, 0x0000000094100000| Untracked 
| 322|0x0000000094200000, 0x0000000094300000, 0x0000000094300000|100%| O|  |TAMS 0x0000000094200000, 0x0000000094200000| Untracked 
| 323|0x0000000094300000, 0x0000000094400000, 0x0000000094400000|100%| O|  |TAMS 0x0000000094300000, 0x0000000094300000| Untracked 
| 324|0x0000000094400000, 0x0000000094500000, 0x0000000094500000|100%| O|  |TAMS 0x0000000094400000, 0x0000000094400000| Untracked 
| 325|0x0000000094500000, 0x0000000094600000, 0x0000000094600000|100%| O|  |TAMS 0x0000000094500000, 0x0000000094500000| Untracked 
| 326|0x0000000094600000, 0x0000000094700000, 0x0000000094700000|100%| O|  |TAMS 0x0000000094600000, 0x0000000094600000| Untracked 
| 327|0x0000000094700000, 0x0000000094800000, 0x0000000094800000|100%| O|  |TAMS 0x0000000094700000, 0x0000000094700000| Untracked 
| 328|0x0000000094800000, 0x0000000094900000, 0x0000000094900000|100%| O|  |TAMS 0x0000000094800000, 0x0000000094800000| Untracked 
| 329|0x0000000094900000, 0x0000000094a00000, 0x0000000094a00000|100%| O|  |TAMS 0x0000000094900000, 0x0000000094900000| Untracked 
| 330|0x0000000094a00000, 0x0000000094b00000, 0x0000000094b00000|100%| O|  |TAMS 0x0000000094a00000, 0x0000000094a00000| Untracked 
| 331|0x0000000094b00000, 0x0000000094c00000, 0x0000000094c00000|100%| O|  |TAMS 0x0000000094b00000, 0x0000000094b00000| Untracked 
| 332|0x0000000094c00000, 0x0000000094d00000, 0x0000000094d00000|100%| O|  |TAMS 0x0000000094c00000, 0x0000000094c00000| Untracked 
| 333|0x0000000094d00000, 0x0000000094e00000, 0x0000000094e00000|100%| O|  |TAMS 0x0000000094d00000, 0x0000000094d00000| Untracked 
| 334|0x0000000094e00000, 0x0000000094f00000, 0x0000000094f00000|100%| O|  |TAMS 0x0000000094e00000, 0x0000000094e00000| Untracked 
| 335|0x0000000094f00000, 0x0000000095000000, 0x0000000095000000|100%| O|  |TAMS 0x0000000094f00000, 0x0000000094f00000| Untracked 
| 336|0x0000000095000000, 0x0000000095100000, 0x0000000095100000|100%| O|  |TAMS 0x0000000095000000, 0x0000000095000000| Untracked 
| 337|0x0000000095100000, 0x0000000095200000, 0x0000000095200000|100%| O|  |TAMS 0x0000000095100000, 0x0000000095100000| Untracked 
| 338|0x0000000095200000, 0x0000000095300000, 0x0000000095300000|100%| O|  |TAMS 0x0000000095200000, 0x0000000095200000| Untracked 
| 339|0x0000000095300000, 0x0000000095400000, 0x0000000095400000|100%| O|  |TAMS 0x0000000095300000, 0x0000000095300000| Untracked 
| 340|0x0000000095400000, 0x0000000095500000, 0x0000000095500000|100%| O|  |TAMS 0x0000000095400000, 0x0000000095400000| Untracked 
| 341|0x0000000095500000, 0x0000000095600000, 0x0000000095600000|100%| O|  |TAMS 0x0000000095500000, 0x0000000095500000| Untracked 
| 342|0x0000000095600000, 0x0000000095700000, 0x0000000095700000|100%| O|  |TAMS 0x0000000095600000, 0x0000000095600000| Untracked 
| 343|0x0000000095700000, 0x0000000095800000, 0x0000000095800000|100%| O|  |TAMS 0x0000000095700000, 0x0000000095700000| Untracked 
| 344|0x0000000095800000, 0x0000000095900000, 0x0000000095900000|100%| O|  |TAMS 0x0000000095800000, 0x0000000095800000| Untracked 
| 345|0x0000000095900000, 0x0000000095a00000, 0x0000000095a00000|100%| O|  |TAMS 0x0000000095900000, 0x0000000095900000| Untracked 
| 346|0x0000000095a00000, 0x0000000095b00000, 0x0000000095b00000|100%| O|  |TAMS 0x0000000095a00000, 0x0000000095a00000| Untracked 
| 347|0x0000000095b00000, 0x0000000095c00000, 0x0000000095c00000|100%| O|  |TAMS 0x0000000095b00000, 0x0000000095b00000| Untracked 
| 348|0x0000000095c00000, 0x0000000095d00000, 0x0000000095d00000|100%| O|  |TAMS 0x0000000095c00000, 0x0000000095c00000| Untracked 
| 349|0x0000000095d00000, 0x0000000095e00000, 0x0000000095e00000|100%| O|  |TAMS 0x0000000095d00000, 0x0000000095d00000| Untracked 
| 350|0x0000000095e00000, 0x0000000095f00000, 0x0000000095f00000|100%| O|  |TAMS 0x0000000095e00000, 0x0000000095e00000| Untracked 
| 351|0x0000000095f00000, 0x0000000096000000, 0x0000000096000000|100%| O|  |TAMS 0x0000000095f00000, 0x0000000095f00000| Untracked 
| 352|0x0000000096000000, 0x0000000096100000, 0x0000000096100000|100%| O|  |TAMS 0x0000000096000000, 0x0000000096000000| Untracked 
| 353|0x0000000096100000, 0x0000000096200000, 0x0000000096200000|100%| O|  |TAMS 0x0000000096100000, 0x0000000096100000| Untracked 
| 354|0x0000000096200000, 0x0000000096300000, 0x0000000096300000|100%| O|  |TAMS 0x0000000096200000, 0x0000000096200000| Untracked 
| 355|0x0000000096300000, 0x0000000096400000, 0x0000000096400000|100%| O|  |TAMS 0x0000000096300000, 0x0000000096300000| Untracked 
| 356|0x0000000096400000, 0x0000000096500000, 0x0000000096500000|100%| O|  |TAMS 0x0000000096400000, 0x0000000096400000| Untracked 
| 357|0x0000000096500000, 0x0000000096600000, 0x0000000096600000|100%| O|  |TAMS 0x0000000096500000, 0x0000000096500000| Untracked 
| 358|0x0000000096600000, 0x0000000096700000, 0x0000000096700000|100%| O|  |TAMS 0x0000000096600000, 0x0000000096600000| Untracked 
| 359|0x0000000096700000, 0x0000000096800000, 0x0000000096800000|100%| O|  |TAMS 0x0000000096700000, 0x0000000096700000| Untracked 
| 360|0x0000000096800000, 0x0000000096900000, 0x0000000096900000|100%| O|  |TAMS 0x0000000096800000, 0x0000000096800000| Untracked 
| 361|0x0000000096900000, 0x0000000096a00000, 0x0000000096a00000|100%| O|  |TAMS 0x0000000096900000, 0x0000000096900000| Untracked 
| 362|0x0000000096a00000, 0x0000000096b00000, 0x0000000096b00000|100%| O|  |TAMS 0x0000000096a00000, 0x0000000096a00000| Untracked 
| 363|0x0000000096b00000, 0x0000000096c00000, 0x0000000096c00000|100%| O|  |TAMS 0x0000000096b00000, 0x0000000096b00000| Untracked 
| 364|0x0000000096c00000, 0x0000000096d00000, 0x0000000096d00000|100%| O|  |TAMS 0x0000000096c00000, 0x0000000096c00000| Untracked 
| 365|0x0000000096d00000, 0x0000000096e00000, 0x0000000096e00000|100%| O|  |TAMS 0x0000000096d00000, 0x0000000096d00000| Untracked 
| 366|0x0000000096e00000, 0x0000000096f00000, 0x0000000096f00000|100%| O|  |TAMS 0x0000000096e00000, 0x0000000096e00000| Untracked 
| 367|0x0000000096f00000, 0x0000000097000000, 0x0000000097000000|100%| O|  |TAMS 0x0000000096f00000, 0x0000000096f00000| Untracked 
| 368|0x0000000097000000, 0x0000000097100000, 0x0000000097100000|100%| O|  |TAMS 0x0000000097000000, 0x0000000097000000| Untracked 
| 369|0x0000000097100000, 0x0000000097200000, 0x0000000097200000|100%| O|  |TAMS 0x0000000097100000, 0x0000000097100000| Untracked 
| 370|0x0000000097200000, 0x0000000097300000, 0x0000000097300000|100%| O|  |TAMS 0x0000000097200000, 0x0000000097200000| Untracked 
| 371|0x0000000097300000, 0x0000000097400000, 0x0000000097400000|100%| O|  |TAMS 0x0000000097300000, 0x0000000097300000| Untracked 
| 372|0x0000000097400000, 0x0000000097500000, 0x0000000097500000|100%| O|  |TAMS 0x0000000097400000, 0x0000000097400000| Untracked 
| 373|0x0000000097500000, 0x0000000097600000, 0x0000000097600000|100%| O|  |TAMS 0x0000000097500000, 0x0000000097500000| Untracked 
| 374|0x0000000097600000, 0x0000000097700000, 0x0000000097700000|100%| O|  |TAMS 0x0000000097600000, 0x0000000097600000| Untracked 
| 375|0x0000000097700000, 0x0000000097800000, 0x0000000097800000|100%| O|  |TAMS 0x0000000097700000, 0x0000000097700000| Untracked 
| 376|0x0000000097800000, 0x0000000097900000, 0x0000000097900000|100%| O|  |TAMS 0x0000000097800000, 0x0000000097800000| Untracked 
| 377|0x0000000097900000, 0x0000000097a00000, 0x0000000097a00000|100%| O|  |TAMS 0x0000000097900000, 0x0000000097900000| Untracked 
| 378|0x0000000097a00000, 0x0000000097b00000, 0x0000000097b00000|100%| O|  |TAMS 0x0000000097a00000, 0x0000000097a00000| Untracked 
| 379|0x0000000097b00000, 0x0000000097c00000, 0x0000000097c00000|100%| O|  |TAMS 0x0000000097b00000, 0x0000000097b00000| Untracked 
| 380|0x0000000097c00000, 0x0000000097d00000, 0x0000000097d00000|100%| O|  |TAMS 0x0000000097c00000, 0x0000000097c00000| Untracked 
| 381|0x0000000097d00000, 0x0000000097e00000, 0x0000000097e00000|100%| O|  |TAMS 0x0000000097d00000, 0x0000000097d00000| Untracked 
| 382|0x0000000097e00000, 0x0000000097f00000, 0x0000000097f00000|100%| O|  |TAMS 0x0000000097e00000, 0x0000000097e00000| Untracked 
| 383|0x0000000097f00000, 0x0000000098000000, 0x0000000098000000|100%| O|  |TAMS 0x0000000097f00000, 0x0000000097f00000| Untracked 
| 384|0x0000000098000000, 0x0000000098100000, 0x0000000098100000|100%| O|  |TAMS 0x0000000098000000, 0x0000000098000000| Untracked 
| 385|0x0000000098100000, 0x0000000098200000, 0x0000000098200000|100%| O|  |TAMS 0x0000000098100000, 0x0000000098100000| Untracked 
| 386|0x0000000098200000, 0x0000000098300000, 0x0000000098300000|100%| O|  |TAMS 0x0000000098200000, 0x0000000098200000| Untracked 
| 387|0x0000000098300000, 0x0000000098400000, 0x0000000098400000|100%| O|  |TAMS 0x0000000098300000, 0x0000000098300000| Untracked 
| 388|0x0000000098400000, 0x0000000098500000, 0x0000000098500000|100%| O|  |TAMS 0x0000000098400000, 0x0000000098400000| Untracked 
| 389|0x0000000098500000, 0x0000000098600000, 0x0000000098600000|100%| O|  |TAMS 0x0000000098500000, 0x0000000098500000| Untracked 
| 390|0x0000000098600000, 0x0000000098700000, 0x0000000098700000|100%| O|  |TAMS 0x0000000098600000, 0x0000000098600000| Untracked 
| 391|0x0000000098700000, 0x0000000098800000, 0x0000000098800000|100%| O|  |TAMS 0x0000000098700000, 0x0000000098700000| Untracked 
| 392|0x0000000098800000, 0x0000000098900000, 0x0000000098900000|100%| O|  |TAMS 0x0000000098800000, 0x0000000098800000| Untracked 
| 393|0x0000000098900000, 0x0000000098a00000, 0x0000000098a00000|100%| O|  |TAMS 0x0000000098900000, 0x0000000098900000| Untracked 
| 394|0x0000000098a00000, 0x0000000098b00000, 0x0000000098b00000|100%| O|  |TAMS 0x0000000098a00000, 0x0000000098a00000| Untracked 
| 395|0x0000000098b00000, 0x0000000098c00000, 0x0000000098c00000|100%| O|  |TAMS 0x0000000098b00000, 0x0000000098b00000| Untracked 
| 396|0x0000000098c00000, 0x0000000098d00000, 0x0000000098d00000|100%| O|  |TAMS 0x0000000098c00000, 0x0000000098c00000| Untracked 
| 397|0x0000000098d00000, 0x0000000098e00000, 0x0000000098e00000|100%| O|  |TAMS 0x0000000098d00000, 0x0000000098d00000| Untracked 
| 398|0x0000000098e00000, 0x0000000098f00000, 0x0000000098f00000|100%| O|  |TAMS 0x0000000098e00000, 0x0000000098e00000| Untracked 
| 399|0x0000000098f00000, 0x0000000099000000, 0x0000000099000000|100%| O|  |TAMS 0x0000000098f00000, 0x0000000098f00000| Untracked 
| 400|0x0000000099000000, 0x0000000099100000, 0x0000000099100000|100%| O|  |TAMS 0x0000000099000000, 0x0000000099000000| Untracked 
| 401|0x0000000099100000, 0x0000000099200000, 0x0000000099200000|100%| O|  |TAMS 0x0000000099100000, 0x0000000099100000| Untracked 
| 402|0x0000000099200000, 0x0000000099300000, 0x0000000099300000|100%| O|  |TAMS 0x0000000099200000, 0x0000000099200000| Untracked 
| 403|0x0000000099300000, 0x0000000099400000, 0x0000000099400000|100%| O|  |TAMS 0x0000000099300000, 0x0000000099300000| Untracked 
| 404|0x0000000099400000, 0x0000000099500000, 0x0000000099500000|100%| O|  |TAMS 0x0000000099400000, 0x0000000099400000| Untracked 
| 405|0x0000000099500000, 0x0000000099600000, 0x0000000099600000|100%| O|  |TAMS 0x0000000099500000, 0x0000000099500000| Untracked 
| 406|0x0000000099600000, 0x0000000099700000, 0x0000000099700000|100%| O|  |TAMS 0x0000000099600000, 0x0000000099600000| Untracked 
| 407|0x0000000099700000, 0x0000000099800000, 0x0000000099800000|100%| O|  |TAMS 0x0000000099700000, 0x0000000099700000| Untracked 
| 408|0x0000000099800000, 0x0000000099900000, 0x0000000099900000|100%| O|  |TAMS 0x0000000099800000, 0x0000000099800000| Untracked 
| 409|0x0000000099900000, 0x0000000099a00000, 0x0000000099a00000|100%| O|  |TAMS 0x0000000099900000, 0x0000000099900000| Untracked 
| 410|0x0000000099a00000, 0x0000000099b00000, 0x0000000099b00000|100%| O|  |TAMS 0x0000000099a00000, 0x0000000099a00000| Untracked 
| 411|0x0000000099b00000, 0x0000000099c00000, 0x0000000099c00000|100%| O|  |TAMS 0x0000000099b00000, 0x0000000099b00000| Untracked 
| 412|0x0000000099c00000, 0x0000000099d00000, 0x0000000099d00000|100%| O|  |TAMS 0x0000000099c00000, 0x0000000099c00000| Untracked 
| 413|0x0000000099d00000, 0x0000000099e00000, 0x0000000099e00000|100%| O|  |TAMS 0x0000000099d00000, 0x0000000099d00000| Untracked 
| 414|0x0000000099e00000, 0x0000000099f00000, 0x0000000099f00000|100%| O|  |TAMS 0x0000000099e00000, 0x0000000099e00000| Untracked 
| 415|0x0000000099f00000, 0x000000009a000000, 0x000000009a000000|100%| O|  |TAMS 0x0000000099f00000, 0x0000000099f00000| Untracked 
| 416|0x000000009a000000, 0x000000009a100000, 0x000000009a100000|100%| O|  |TAMS 0x000000009a000000, 0x000000009a000000| Untracked 
| 417|0x000000009a100000, 0x000000009a200000, 0x000000009a200000|100%| O|  |TAMS 0x000000009a100000, 0x000000009a100000| Untracked 
| 418|0x000000009a200000, 0x000000009a300000, 0x000000009a300000|100%| O|  |TAMS 0x000000009a200000, 0x000000009a200000| Untracked 
| 419|0x000000009a300000, 0x000000009a400000, 0x000000009a400000|100%| O|  |TAMS 0x000000009a300000, 0x000000009a300000| Untracked 
| 420|0x000000009a400000, 0x000000009a500000, 0x000000009a500000|100%| O|  |TAMS 0x000000009a400000, 0x000000009a400000| Untracked 
| 421|0x000000009a500000, 0x000000009a600000, 0x000000009a600000|100%| O|  |TAMS 0x000000009a500000, 0x000000009a500000| Untracked 
| 422|0x000000009a600000, 0x000000009a700000, 0x000000009a700000|100%| O|  |TAMS 0x000000009a600000, 0x000000009a600000| Untracked 
| 423|0x000000009a700000, 0x000000009a800000, 0x000000009a800000|100%| O|  |TAMS 0x000000009a700000, 0x000000009a700000| Untracked 
| 424|0x000000009a800000, 0x000000009a900000, 0x000000009a900000|100%| O|  |TAMS 0x000000009a800000, 0x000000009a800000| Untracked 
| 425|0x000000009a900000, 0x000000009aa00000, 0x000000009aa00000|100%| O|  |TAMS 0x000000009a900000, 0x000000009a900000| Untracked 
| 426|0x000000009aa00000, 0x000000009ab00000, 0x000000009ab00000|100%| O|  |TAMS 0x000000009aa00000, 0x000000009aa00000| Untracked 
| 427|0x000000009ab00000, 0x000000009ac00000, 0x000000009ac00000|100%| O|  |TAMS 0x000000009ab00000, 0x000000009ab00000| Untracked 
| 428|0x000000009ac00000, 0x000000009ad00000, 0x000000009ad00000|100%| O|  |TAMS 0x000000009ac00000, 0x000000009ac00000| Untracked 
| 429|0x000000009ad00000, 0x000000009ae00000, 0x000000009ae00000|100%| O|  |TAMS 0x000000009ad00000, 0x000000009ad00000| Untracked 
| 430|0x000000009ae00000, 0x000000009af00000, 0x000000009af00000|100%| O|  |TAMS 0x000000009ae00000, 0x000000009ae00000| Untracked 
| 431|0x000000009af00000, 0x000000009b000000, 0x000000009b000000|100%| O|  |TAMS 0x000000009af00000, 0x000000009af00000| Untracked 
| 432|0x000000009b000000, 0x000000009b100000, 0x000000009b100000|100%| O|  |TAMS 0x000000009b000000, 0x000000009b000000| Untracked 
| 433|0x000000009b100000, 0x000000009b200000, 0x000000009b200000|100%| O|  |TAMS 0x000000009b100000, 0x000000009b100000| Untracked 
| 434|0x000000009b200000, 0x000000009b300000, 0x000000009b300000|100%| O|  |TAMS 0x000000009b200000, 0x000000009b200000| Untracked 
| 435|0x000000009b300000, 0x000000009b400000, 0x000000009b400000|100%| O|  |TAMS 0x000000009b300000, 0x000000009b300000| Untracked 
| 436|0x000000009b400000, 0x000000009b500000, 0x000000009b500000|100%| O|  |TAMS 0x000000009b400000, 0x000000009b400000| Untracked 
| 437|0x000000009b500000, 0x000000009b600000, 0x000000009b600000|100%| O|  |TAMS 0x000000009b500000, 0x000000009b500000| Untracked 
| 438|0x000000009b600000, 0x000000009b700000, 0x000000009b700000|100%| O|  |TAMS 0x000000009b600000, 0x000000009b600000| Untracked 
| 439|0x000000009b700000, 0x000000009b800000, 0x000000009b800000|100%| O|  |TAMS 0x000000009b700000, 0x000000009b700000| Untracked 
| 440|0x000000009b800000, 0x000000009b900000, 0x000000009b900000|100%| O|  |TAMS 0x000000009b800000, 0x000000009b800000| Untracked 
| 441|0x000000009b900000, 0x000000009b9ce400, 0x000000009ba00000| 80%| O|  |TAMS 0x000000009b900000, 0x000000009b900000| Untracked 
| 442|0x000000009ba00000, 0x000000009ba00000, 0x000000009bb00000|  0%| F|  |TAMS 0x000000009ba00000, 0x000000009ba00000| Untracked 
| 443|0x000000009bb00000, 0x000000009bb00000, 0x000000009bc00000|  0%| F|  |TAMS 0x000000009bb00000, 0x000000009bb00000| Untracked 
| 444|0x000000009bc00000, 0x000000009bc00000, 0x000000009bd00000|  0%| F|  |TAMS 0x000000009bc00000, 0x000000009bc00000| Untracked 
| 445|0x000000009bd00000, 0x000000009bd00000, 0x000000009be00000|  0%| F|  |TAMS 0x000000009bd00000, 0x000000009bd00000| Untracked 
| 446|0x000000009be00000, 0x000000009be00000, 0x000000009bf00000|  0%| F|  |TAMS 0x000000009be00000, 0x000000009be00000| Untracked 
| 447|0x000000009bf00000, 0x000000009bf00000, 0x000000009c000000|  0%| F|  |TAMS 0x000000009bf00000, 0x000000009bf00000| Untracked 
| 448|0x000000009c000000, 0x000000009c000000, 0x000000009c100000|  0%| F|  |TAMS 0x000000009c000000, 0x000000009c000000| Untracked 
| 449|0x000000009c100000, 0x000000009c100000, 0x000000009c200000|  0%| F|  |TAMS 0x000000009c100000, 0x000000009c100000| Untracked 
| 450|0x000000009c200000, 0x000000009c200000, 0x000000009c300000|  0%| F|  |TAMS 0x000000009c200000, 0x000000009c200000| Untracked 
| 451|0x000000009c300000, 0x000000009c300000, 0x000000009c400000|  0%| F|  |TAMS 0x000000009c300000, 0x000000009c300000| Untracked 
| 452|0x000000009c400000, 0x000000009c400000, 0x000000009c500000|  0%| F|  |TAMS 0x000000009c400000, 0x000000009c400000| Untracked 
| 453|0x000000009c500000, 0x000000009c500000, 0x000000009c600000|  0%| F|  |TAMS 0x000000009c500000, 0x000000009c500000| Untracked 
| 454|0x000000009c600000, 0x000000009c600000, 0x000000009c700000|  0%| F|  |TAMS 0x000000009c600000, 0x000000009c600000| Untracked 
| 455|0x000000009c700000, 0x000000009c700000, 0x000000009c800000|  0%| F|  |TAMS 0x000000009c700000, 0x000000009c700000| Untracked 
| 456|0x000000009c800000, 0x000000009c800000, 0x000000009c900000|  0%| F|  |TAMS 0x000000009c800000, 0x000000009c800000| Untracked 
| 457|0x000000009c900000, 0x000000009c900000, 0x000000009ca00000|  0%| F|  |TAMS 0x000000009c900000, 0x000000009c900000| Untracked 
| 458|0x000000009ca00000, 0x000000009ca00000, 0x000000009cb00000|  0%| F|  |TAMS 0x000000009ca00000, 0x000000009ca00000| Untracked 
| 459|0x000000009cb00000, 0x000000009cb00000, 0x000000009cc00000|  0%| F|  |TAMS 0x000000009cb00000, 0x000000009cb00000| Untracked 
| 460|0x000000009cc00000, 0x000000009cc00000, 0x000000009cd00000|  0%| F|  |TAMS 0x000000009cc00000, 0x000000009cc00000| Untracked 
| 461|0x000000009cd00000, 0x000000009cd00000, 0x000000009ce00000|  0%| F|  |TAMS 0x000000009cd00000, 0x000000009cd00000| Untracked 
| 462|0x000000009ce00000, 0x000000009ce00000, 0x000000009cf00000|  0%| F|  |TAMS 0x000000009ce00000, 0x000000009ce00000| Untracked 
| 463|0x000000009cf00000, 0x000000009cf00000, 0x000000009d000000|  0%| F|  |TAMS 0x000000009cf00000, 0x000000009cf00000| Untracked 
| 464|0x000000009d000000, 0x000000009d000000, 0x000000009d100000|  0%| F|  |TAMS 0x000000009d000000, 0x000000009d000000| Untracked 
| 465|0x000000009d100000, 0x000000009d100000, 0x000000009d200000|  0%| F|  |TAMS 0x000000009d100000, 0x000000009d100000| Untracked 
| 466|0x000000009d200000, 0x000000009d200000, 0x000000009d300000|  0%| F|  |TAMS 0x000000009d200000, 0x000000009d200000| Untracked 
| 467|0x000000009d300000, 0x000000009d300000, 0x000000009d400000|  0%| F|  |TAMS 0x000000009d300000, 0x000000009d300000| Untracked 
| 468|0x000000009d400000, 0x000000009d400000, 0x000000009d500000|  0%| F|  |TAMS 0x000000009d400000, 0x000000009d400000| Untracked 
| 469|0x000000009d500000, 0x000000009d500000, 0x000000009d600000|  0%| F|  |TAMS 0x000000009d500000, 0x000000009d500000| Untracked 
| 470|0x000000009d600000, 0x000000009d600000, 0x000000009d700000|  0%| F|  |TAMS 0x000000009d600000, 0x000000009d600000| Untracked 
| 471|0x000000009d700000, 0x000000009d700000, 0x000000009d800000|  0%| F|  |TAMS 0x000000009d700000, 0x000000009d700000| Untracked 
| 472|0x000000009d800000, 0x000000009d800000, 0x000000009d900000|  0%| F|  |TAMS 0x000000009d800000, 0x000000009d800000| Untracked 
| 473|0x000000009d900000, 0x000000009d900000, 0x000000009da00000|  0%| F|  |TAMS 0x000000009d900000, 0x000000009d900000| Untracked 
| 474|0x000000009da00000, 0x000000009da00000, 0x000000009db00000|  0%| F|  |TAMS 0x000000009da00000, 0x000000009da00000| Untracked 
| 475|0x000000009db00000, 0x000000009db00000, 0x000000009dc00000|  0%| F|  |TAMS 0x000000009db00000, 0x000000009db00000| Untracked 
| 476|0x000000009dc00000, 0x000000009dc00000, 0x000000009dd00000|  0%| F|  |TAMS 0x000000009dc00000, 0x000000009dc00000| Untracked 
| 477|0x000000009dd00000, 0x000000009dd00000, 0x000000009de00000|  0%| F|  |TAMS 0x000000009dd00000, 0x000000009dd00000| Untracked 
| 478|0x000000009de00000, 0x000000009de00000, 0x000000009df00000|  0%| F|  |TAMS 0x000000009de00000, 0x000000009de00000| Untracked 
| 479|0x000000009df00000, 0x000000009df00000, 0x000000009e000000|  0%| F|  |TAMS 0x000000009df00000, 0x000000009df00000| Untracked 
| 480|0x000000009e000000, 0x000000009e000000, 0x000000009e100000|  0%| F|  |TAMS 0x000000009e000000, 0x000000009e000000| Untracked 
| 481|0x000000009e100000, 0x000000009e100000, 0x000000009e200000|  0%| F|  |TAMS 0x000000009e100000, 0x000000009e100000| Untracked 
| 482|0x000000009e200000, 0x000000009e200000, 0x000000009e300000|  0%| F|  |TAMS 0x000000009e200000, 0x000000009e200000| Untracked 
| 483|0x000000009e300000, 0x000000009e300000, 0x000000009e400000|  0%| F|  |TAMS 0x000000009e300000, 0x000000009e300000| Untracked 
| 484|0x000000009e400000, 0x000000009e400000, 0x000000009e500000|  0%| F|  |TAMS 0x000000009e400000, 0x000000009e400000| Untracked 
| 485|0x000000009e500000, 0x000000009e500000, 0x000000009e600000|  0%| F|  |TAMS 0x000000009e500000, 0x000000009e500000| Untracked 
| 486|0x000000009e600000, 0x000000009e600000, 0x000000009e700000|  0%| F|  |TAMS 0x000000009e600000, 0x000000009e600000| Untracked 
| 487|0x000000009e700000, 0x000000009e700000, 0x000000009e800000|  0%| F|  |TAMS 0x000000009e700000, 0x000000009e700000| Untracked 
| 488|0x000000009e800000, 0x000000009e800000, 0x000000009e900000|  0%| F|  |TAMS 0x000000009e800000, 0x000000009e800000| Untracked 
| 489|0x000000009e900000, 0x000000009e900000, 0x000000009ea00000|  0%| F|  |TAMS 0x000000009e900000, 0x000000009e900000| Untracked 
| 490|0x000000009ea00000, 0x000000009ea00000, 0x000000009eb00000|  0%| F|  |TAMS 0x000000009ea00000, 0x000000009ea00000| Untracked 
| 491|0x000000009eb00000, 0x000000009eb00000, 0x000000009ec00000|  0%| F|  |TAMS 0x000000009eb00000, 0x000000009eb00000| Untracked 
| 492|0x000000009ec00000, 0x000000009ec00000, 0x000000009ed00000|  0%| F|  |TAMS 0x000000009ec00000, 0x000000009ec00000| Untracked 
| 493|0x000000009ed00000, 0x000000009ed00000, 0x000000009ee00000|  0%| F|  |TAMS 0x000000009ed00000, 0x000000009ed00000| Untracked 
| 494|0x000000009ee00000, 0x000000009ee00000, 0x000000009ef00000|  0%| F|  |TAMS 0x000000009ee00000, 0x000000009ee00000| Untracked 
| 495|0x000000009ef00000, 0x000000009ef00000, 0x000000009f000000|  0%| F|  |TAMS 0x000000009ef00000, 0x000000009ef00000| Untracked 
| 496|0x000000009f000000, 0x000000009f000000, 0x000000009f100000|  0%| F|  |TAMS 0x000000009f000000, 0x000000009f000000| Untracked 
| 497|0x000000009f100000, 0x000000009f100000, 0x000000009f200000|  0%| F|  |TAMS 0x000000009f100000, 0x000000009f100000| Untracked 
| 498|0x000000009f200000, 0x000000009f200000, 0x000000009f300000|  0%| F|  |TAMS 0x000000009f200000, 0x000000009f200000| Untracked 
| 499|0x000000009f300000, 0x000000009f300000, 0x000000009f400000|  0%| F|  |TAMS 0x000000009f300000, 0x000000009f300000| Untracked 
| 500|0x000000009f400000, 0x000000009f400000, 0x000000009f500000|  0%| F|  |TAMS 0x000000009f400000, 0x000000009f400000| Untracked 
| 501|0x000000009f500000, 0x000000009f500000, 0x000000009f600000|  0%| F|  |TAMS 0x000000009f500000, 0x000000009f500000| Untracked 
| 502|0x000000009f600000, 0x000000009f600000, 0x000000009f700000|  0%| F|  |TAMS 0x000000009f600000, 0x000000009f600000| Untracked 
| 503|0x000000009f700000, 0x000000009f700000, 0x000000009f800000|  0%| F|  |TAMS 0x000000009f700000, 0x000000009f700000| Untracked 
| 504|0x000000009f800000, 0x000000009f800000, 0x000000009f900000|  0%| F|  |TAMS 0x000000009f800000, 0x000000009f800000| Untracked 
| 505|0x000000009f900000, 0x000000009f900000, 0x000000009fa00000|  0%| F|  |TAMS 0x000000009f900000, 0x000000009f900000| Untracked 
| 506|0x000000009fa00000, 0x000000009fa44ea8, 0x000000009fb00000| 26%| S|CS|TAMS 0x000000009fa00000, 0x000000009fa00000| Complete 
| 507|0x000000009fb00000, 0x000000009fc00000, 0x000000009fc00000|100%| S|CS|TAMS 0x000000009fb00000, 0x000000009fb00000| Complete 
| 508|0x000000009fc00000, 0x000000009fd00000, 0x000000009fd00000|100%| S|CS|TAMS 0x000000009fc00000, 0x000000009fc00000| Complete 
| 509|0x000000009fd00000, 0x000000009fe00000, 0x000000009fe00000|100%| S|CS|TAMS 0x000000009fd00000, 0x000000009fd00000| Complete 
| 510|0x000000009fe00000, 0x000000009ff00000, 0x000000009ff00000|100%| S|CS|TAMS 0x000000009fe00000, 0x000000009fe00000| Complete 
| 511|0x000000009ff00000, 0x000000009ff00000, 0x00000000a0000000|  0%| F|  |TAMS 0x000000009ff00000, 0x000000009ff00000| Untracked 
| 512|0x00000000a0000000, 0x00000000a0000000, 0x00000000a0100000|  0%| F|  |TAMS 0x00000000a0000000, 0x00000000a0000000| Untracked 
| 513|0x00000000a0100000, 0x00000000a0100000, 0x00000000a0200000|  0%| F|  |TAMS 0x00000000a0100000, 0x00000000a0100000| Untracked 
| 514|0x00000000a0200000, 0x00000000a0300000, 0x00000000a0300000|100%| E|CS|TAMS 0x00000000a0200000, 0x00000000a0200000| Complete 
| 515|0x00000000a0300000, 0x00000000a0400000, 0x00000000a0400000|100%| E|CS|TAMS 0x00000000a0300000, 0x00000000a0300000| Complete 
| 516|0x00000000a0400000, 0x00000000a0500000, 0x00000000a0500000|100%| E|CS|TAMS 0x00000000a0400000, 0x00000000a0400000| Complete 
| 517|0x00000000a0500000, 0x00000000a0600000, 0x00000000a0600000|100%| E|CS|TAMS 0x00000000a0500000, 0x00000000a0500000| Complete 
| 518|0x00000000a0600000, 0x00000000a0700000, 0x00000000a0700000|100%| E|CS|TAMS 0x00000000a0600000, 0x00000000a0600000| Complete 
| 519|0x00000000a0700000, 0x00000000a0800000, 0x00000000a0800000|100%| E|CS|TAMS 0x00000000a0700000, 0x00000000a0700000| Complete 
| 520|0x00000000a0800000, 0x00000000a0900000, 0x00000000a0900000|100%| E|CS|TAMS 0x00000000a0800000, 0x00000000a0800000| Complete 
| 521|0x00000000a0900000, 0x00000000a0a00000, 0x00000000a0a00000|100%| E|CS|TAMS 0x00000000a0900000, 0x00000000a0900000| Complete 
| 522|0x00000000a0a00000, 0x00000000a0b00000, 0x00000000a0b00000|100%| E|CS|TAMS 0x00000000a0a00000, 0x00000000a0a00000| Complete 
| 523|0x00000000a0b00000, 0x00000000a0c00000, 0x00000000a0c00000|100%| E|CS|TAMS 0x00000000a0b00000, 0x00000000a0b00000| Complete 
| 524|0x00000000a0c00000, 0x00000000a0d00000, 0x00000000a0d00000|100%| E|CS|TAMS 0x00000000a0c00000, 0x00000000a0c00000| Complete 
| 525|0x00000000a0d00000, 0x00000000a0e00000, 0x00000000a0e00000|100%| E|CS|TAMS 0x00000000a0d00000, 0x00000000a0d00000| Complete 
| 526|0x00000000a0e00000, 0x00000000a0f00000, 0x00000000a0f00000|100%| E|CS|TAMS 0x00000000a0e00000, 0x00000000a0e00000| Complete 
| 527|0x00000000a0f00000, 0x00000000a1000000, 0x00000000a1000000|100%| E|CS|TAMS 0x00000000a0f00000, 0x00000000a0f00000| Complete 
| 528|0x00000000a1000000, 0x00000000a1100000, 0x00000000a1100000|100%| E|CS|TAMS 0x00000000a1000000, 0x00000000a1000000| Complete 
| 529|0x00000000a1100000, 0x00000000a1200000, 0x00000000a1200000|100%| E|CS|TAMS 0x00000000a1100000, 0x00000000a1100000| Complete 
| 530|0x00000000a1200000, 0x00000000a1300000, 0x00000000a1300000|100%| E|CS|TAMS 0x00000000a1200000, 0x00000000a1200000| Complete 
| 531|0x00000000a1300000, 0x00000000a1400000, 0x00000000a1400000|100%| E|CS|TAMS 0x00000000a1300000, 0x00000000a1300000| Complete 
| 532|0x00000000a1400000, 0x00000000a1500000, 0x00000000a1500000|100%| E|CS|TAMS 0x00000000a1400000, 0x00000000a1400000| Complete 
| 533|0x00000000a1500000, 0x00000000a1600000, 0x00000000a1600000|100%| E|CS|TAMS 0x00000000a1500000, 0x00000000a1500000| Complete 
| 534|0x00000000a1600000, 0x00000000a1700000, 0x00000000a1700000|100%| E|CS|TAMS 0x00000000a1600000, 0x00000000a1600000| Complete 
| 535|0x00000000a1700000, 0x00000000a1800000, 0x00000000a1800000|100%| E|CS|TAMS 0x00000000a1700000, 0x00000000a1700000| Complete 
| 536|0x00000000a1800000, 0x00000000a1900000, 0x00000000a1900000|100%| E|CS|TAMS 0x00000000a1800000, 0x00000000a1800000| Complete 
| 537|0x00000000a1900000, 0x00000000a1a00000, 0x00000000a1a00000|100%| E|CS|TAMS 0x00000000a1900000, 0x00000000a1900000| Complete 
| 538|0x00000000a1a00000, 0x00000000a1b00000, 0x00000000a1b00000|100%| E|CS|TAMS 0x00000000a1a00000, 0x00000000a1a00000| Complete 
| 539|0x00000000a1b00000, 0x00000000a1c00000, 0x00000000a1c00000|100%| E|CS|TAMS 0x00000000a1b00000, 0x00000000a1b00000| Complete 
| 540|0x00000000a1c00000, 0x00000000a1d00000, 0x00000000a1d00000|100%| E|CS|TAMS 0x00000000a1c00000, 0x00000000a1c00000| Complete 
| 541|0x00000000a1d00000, 0x00000000a1e00000, 0x00000000a1e00000|100%| E|CS|TAMS 0x00000000a1d00000, 0x00000000a1d00000| Complete 
| 542|0x00000000a1e00000, 0x00000000a1f00000, 0x00000000a1f00000|100%| E|CS|TAMS 0x00000000a1e00000, 0x00000000a1e00000| Complete 
| 543|0x00000000a1f00000, 0x00000000a2000000, 0x00000000a2000000|100%| E|CS|TAMS 0x00000000a1f00000, 0x00000000a1f00000| Complete 
| 544|0x00000000a2000000, 0x00000000a2100000, 0x00000000a2100000|100%| E|CS|TAMS 0x00000000a2000000, 0x00000000a2000000| Complete 
| 545|0x00000000a2100000, 0x00000000a2200000, 0x00000000a2200000|100%| E|CS|TAMS 0x00000000a2100000, 0x00000000a2100000| Complete 
| 546|0x00000000a2200000, 0x00000000a2300000, 0x00000000a2300000|100%| E|CS|TAMS 0x00000000a2200000, 0x00000000a2200000| Complete 
| 547|0x00000000a2300000, 0x00000000a2400000, 0x00000000a2400000|100%| E|CS|TAMS 0x00000000a2300000, 0x00000000a2300000| Complete 

Card table byte_map: [0x000001b8ed130000,0x000001b8ed530000] _byte_map_base: 0x000001b8ecd30000

Marking Bits (Prev, Next): (CMBitMap*) 0x000001b8d3d2b1c0, (CMBitMap*) 0x000001b8d3d2b180
 Prev Bits: [0x000001b8ef930000, 0x000001b8f1930000)
 Next Bits: [0x000001b8ed930000, 0x000001b8ef930000)

Polling page: 0x000001b8d4040000

Metaspace:

Usage:
  Non-class:    123.85 MB used.
      Class:     19.21 MB used.
       Both:    143.06 MB used.

Virtual space:
  Non-class space:      128.00 MB reserved,     125.56 MB ( 98%) committed,  2 nodes.
      Class space:      412.00 MB reserved,      20.94 MB (  5%) committed,  1 nodes.
             Both:      540.00 MB reserved,     146.50 MB ( 27%) committed. 

Chunk freelists:
   Non-Class:  1.50 MB
       Class:  3.08 MB
        Both:  4.58 MB

MaxMetaspaceSize: 512.00 MB
CompressedClassSpaceSize: 412.00 MB
Initial GC threshold: 21.00 MB
Current GC threshold: 214.06 MB
CDS: on
MetaspaceReclaimPolicy: balanced
 - commit_granule_bytes: 65536.
 - commit_granule_words: 8192.
 - virtual_space_node_default_size: 8388608.
 - enlarge_chunks_in_place: 1.
 - new_chunks_are_fully_committed: 0.
 - uncommit_free_chunks: 1.
 - use_allocation_guard: 0.


Internal statistics:

num_allocs_failed_limit: 21.
num_arena_births: 5730.
num_arena_deaths: 48.
num_vsnodes_births: 3.
num_vsnodes_deaths: 0.
num_space_committed: 2342.
num_space_uncommitted: 0.
num_chunks_returned_to_freelist: 94.
num_chunks_taken_from_freelist: 13357.
num_chunk_merges: 21.
num_chunk_splits: 8505.
num_chunks_enlarged: 5134.
num_inconsistent_stats: 0.

CodeHeap 'non-profiled nmethods': size=120000Kb used=15729Kb max_used=15729Kb free=104270Kb
 bounds [0x000001b8e4b80000, 0x000001b8e5ae0000, 0x000001b8ec0b0000]
CodeHeap 'profiled nmethods': size=120000Kb used=39796Kb max_used=39796Kb free=80203Kb
 bounds [0x000001b8dd650000, 0x000001b8dfd30000, 0x000001b8e4b80000]
CodeHeap 'non-nmethods': size=5760Kb used=2515Kb max_used=2575Kb free=3244Kb
 bounds [0x000001b8dd0b0000, 0x000001b8dd350000, 0x000001b8dd650000]
 total_blobs=21651 nmethods=20602 adapters=959
 compilation: enabled
              stopped_count=0, restarted_count=0
 full_count=0

Compilation events (20 events):
Event: 107.303 Thread 0x000001b8f4603c90 25367       3       java.io.PrintWriter::ensureOpen (18 bytes)
Event: 107.303 Thread 0x000001b8f4603c90 nmethod 25367 0x000001b8dfd25a90 code [0x000001b8dfd25c40, 0x000001b8dfd25e48]
Event: 107.304 Thread 0x000001b8f4603c90 25368       3       java.lang.StackTraceElement::equals (120 bytes)
Event: 107.305 Thread 0x000001b8f4603c90 nmethod 25368 0x000001b8dfd25f10 code [0x000001b8dfd26180, 0x000001b8dfd26e78]
Event: 107.305 Thread 0x000001b8f4603c90 25369       3       java.lang.Throwable$WrappedPrintWriter::println (9 bytes)
Event: 107.305 Thread 0x000001b8f4603c90 nmethod 25369 0x000001b8dfd27110 code [0x000001b8dfd272c0, 0x000001b8dfd27488]
Event: 107.305 Thread 0x000001b8f4603c90 25370   !   3       java.io.PrintWriter::println (34 bytes)
Event: 107.306 Thread 0x000001b8f4603c90 nmethod 25370 0x000001b8dfd27590 code [0x000001b8dfd277c0, 0x000001b8dfd28198]
Event: 107.306 Thread 0x000001b8f4603c90 25371       3       java.io.PrintWriter::print (9 bytes)
Event: 107.307 Thread 0x000001b8f4603c90 nmethod 25371 0x000001b8dfd28590 code [0x000001b8dfd28760, 0x000001b8dfd28c48]
Event: 107.307 Thread 0x000001b8f4603c90 25372       3       java.io.PrintWriter::write (11 bytes)
Event: 107.307 Thread 0x000001b8f4603c90 nmethod 25372 0x000001b8dfd28e10 code [0x000001b8dfd28fc0, 0x000001b8dfd29288]
Event: 107.307 Thread 0x000001b8f4603c90 25373   !   3       java.io.PrintWriter::write (58 bytes)
Event: 107.308 Thread 0x000001b8f4603c90 nmethod 25373 0x000001b8dfd29410 code [0x000001b8dfd29620, 0x000001b8dfd29c08]
Event: 107.308 Thread 0x000001b8f4603c90 25374       3       java.io.PrintWriter::println (5 bytes)
Event: 107.308 Thread 0x000001b8f4603c90 nmethod 25374 0x000001b8df7a1590 code [0x000001b8df7a1720, 0x000001b8df7a1868]
Event: 107.308 Thread 0x000001b8f4603c90 25375   !   3       java.io.PrintWriter::newLine (65 bytes)
Event: 107.308 Thread 0x000001b8f4603c90 nmethod 25375 0x000001b8dfd29f10 code [0x000001b8dfd2a140, 0x000001b8dfd2a878]
Event: 107.308 Thread 0x000001b8f4603c90 25376       3       java.lang.StackTraceElement::toString (322 bytes)
Event: 107.312 Thread 0x000001b8f4603c90 nmethod 25376 0x000001b8dfd2ac10 code [0x000001b8dfd2b280, 0x000001b8dfd2e0f8]

GC Heap History (20 events):
Event: 99.575 GC heap before
{Heap before GC invocations=77 (full 0):
 garbage-first heap   total 561152K, used 475121K [0x0000000080000000, 0x0000000100000000)
  region size 1024K, 89 young (91136K), 3 survivors (3072K)
 Metaspace       used 145419K, committed 148992K, reserved 552960K
  class space    used 19603K, committed 21376K, reserved 421888K
}
Event: 99.581 GC heap after
{Heap after GC invocations=78 (full 0):
 garbage-first heap   total 561152K, used 392649K [0x0000000080000000, 0x0000000100000000)
  region size 1024K, 9 young (9216K), 9 survivors (9216K)
 Metaspace       used 145419K, committed 148992K, reserved 552960K
  class space    used 19603K, committed 21376K, reserved 421888K
}
Event: 101.558 GC heap before
{Heap before GC invocations=78 (full 0):
 garbage-first heap   total 561152K, used 478665K [0x0000000080000000, 0x0000000100000000)
  region size 1024K, 92 young (94208K), 9 survivors (9216K)
 Metaspace       used 145811K, committed 149376K, reserved 552960K
  class space    used 19637K, committed 21376K, reserved 421888K
}
Event: 101.568 GC heap after
{Heap after GC invocations=79 (full 0):
 garbage-first heap   total 561152K, used 399932K [0x0000000080000000, 0x0000000100000000)
  region size 1024K, 10 young (10240K), 10 survivors (10240K)
 Metaspace       used 145811K, committed 149376K, reserved 552960K
  class space    used 19637K, committed 21376K, reserved 421888K
}
Event: 102.381 GC heap before
{Heap before GC invocations=79 (full 0):
 garbage-first heap   total 561152K, used 478780K [0x0000000080000000, 0x0000000100000000)
  region size 1024K, 87 young (89088K), 10 survivors (10240K)
 Metaspace       used 145891K, committed 149504K, reserved 552960K
  class space    used 19646K, committed 21440K, reserved 421888K
}
Event: 102.387 GC heap after
{Heap after GC invocations=80 (full 0):
 garbage-first heap   total 561152K, used 403445K [0x0000000080000000, 0x0000000100000000)
  region size 1024K, 6 young (6144K), 6 survivors (6144K)
 Metaspace       used 145891K, committed 149504K, reserved 552960K
  class space    used 19646K, committed 21440K, reserved 421888K
}
Event: 104.274 GC heap before
{Heap before GC invocations=80 (full 0):
 garbage-first heap   total 561152K, used 480245K [0x0000000080000000, 0x0000000100000000)
  region size 1024K, 82 young (83968K), 6 survivors (6144K)
 Metaspace       used 146104K, committed 149696K, reserved 552960K
  class space    used 19658K, committed 21440K, reserved 421888K
}
Event: 104.285 GC heap after
{Heap after GC invocations=81 (full 0):
 garbage-first heap   total 561152K, used 411773K [0x0000000080000000, 0x0000000100000000)
  region size 1024K, 11 young (11264K), 11 survivors (11264K)
 Metaspace       used 146104K, committed 149696K, reserved 552960K
  class space    used 19658K, committed 21440K, reserved 421888K
}
Event: 104.924 GC heap before
{Heap before GC invocations=81 (full 0):
 garbage-first heap   total 561152K, used 482429K [0x0000000080000000, 0x0000000100000000)
  region size 1024K, 80 young (81920K), 11 survivors (11264K)
 Metaspace       used 146199K, committed 149760K, reserved 552960K
  class space    used 19659K, committed 21440K, reserved 421888K
}
Event: 104.937 GC heap after
{Heap after GC invocations=82 (full 0):
 garbage-first heap   total 561152K, used 421452K [0x0000000080000000, 0x0000000100000000)
  region size 1024K, 10 young (10240K), 10 survivors (10240K)
 Metaspace       used 146199K, committed 149760K, reserved 552960K
  class space    used 19659K, committed 21440K, reserved 421888K
}
Event: 105.456 GC heap before
{Heap before GC invocations=82 (full 0):
 garbage-first heap   total 561152K, used 482892K [0x0000000080000000, 0x0000000100000000)
  region size 1024K, 70 young (71680K), 10 survivors (10240K)
 Metaspace       used 146311K, committed 149888K, reserved 552960K
  class space    used 19661K, committed 21440K, reserved 421888K
}
Event: 105.478 GC heap after
{Heap after GC invocations=83 (full 0):
 garbage-first heap   total 561152K, used 435916K [0x0000000080000000, 0x0000000100000000)
  region size 1024K, 9 young (9216K), 9 survivors (9216K)
 Metaspace       used 146311K, committed 149888K, reserved 552960K
  class space    used 19661K, committed 21440K, reserved 421888K
}
Event: 106.245 GC heap before
{Heap before GC invocations=83 (full 0):
 garbage-first heap   total 561152K, used 483020K [0x0000000080000000, 0x0000000100000000)
  region size 1024K, 55 young (56320K), 9 survivors (9216K)
 Metaspace       used 146405K, committed 150016K, reserved 552960K
  class space    used 19662K, committed 21440K, reserved 421888K
}
Event: 106.260 GC heap after
{Heap after GC invocations=84 (full 0):
 garbage-first heap   total 561152K, used 446459K [0x0000000080000000, 0x0000000100000000)
  region size 1024K, 7 young (7168K), 7 survivors (7168K)
 Metaspace       used 146405K, committed 150016K, reserved 552960K
  class space    used 19662K, committed 21440K, reserved 421888K
}
Event: 106.473 GC heap before
{Heap before GC invocations=84 (full 0):
 garbage-first heap   total 561152K, used 485371K [0x0000000080000000, 0x0000000100000000)
  region size 1024K, 45 young (46080K), 7 survivors (7168K)
 Metaspace       used 146410K, committed 150016K, reserved 552960K
  class space    used 19662K, committed 21440K, reserved 421888K
}
Event: 106.484 GC heap after
{Heap after GC invocations=85 (full 0):
 garbage-first heap   total 561152K, used 452659K [0x0000000080000000, 0x0000000100000000)
  region size 1024K, 5 young (5120K), 5 survivors (5120K)
 Metaspace       used 146410K, committed 150016K, reserved 552960K
  class space    used 19662K, committed 21440K, reserved 421888K
}
Event: 107.004 GC heap before
{Heap before GC invocations=85 (full 0):
 garbage-first heap   total 561152K, used 487475K [0x0000000080000000, 0x0000000100000000)
  region size 1024K, 39 young (39936K), 5 survivors (5120K)
 Metaspace       used 146419K, committed 150016K, reserved 552960K
  class space    used 19662K, committed 21440K, reserved 421888K
}
Event: 107.012 GC heap after
{Heap after GC invocations=86 (full 0):
 garbage-first heap   total 561152K, used 455116K [0x0000000080000000, 0x0000000100000000)
  region size 1024K, 3 young (3072K), 3 survivors (3072K)
 Metaspace       used 146419K, committed 150016K, reserved 552960K
  class space    used 19662K, committed 21440K, reserved 421888K
}
Event: 107.258 GC heap before
{Heap before GC invocations=86 (full 0):
 garbage-first heap   total 561152K, used 489932K [0x0000000080000000, 0x0000000100000000)
  region size 1024K, 37 young (37888K), 3 survivors (3072K)
 Metaspace       used 146437K, committed 150016K, reserved 552960K
  class space    used 19663K, committed 21440K, reserved 421888K
}
Event: 107.265 GC heap after
{Heap after GC invocations=87 (full 0):
 garbage-first heap   total 561152K, used 456780K [0x0000000080000000, 0x0000000100000000)
  region size 1024K, 5 young (5120K), 5 survivors (5120K)
 Metaspace       used 146437K, committed 150016K, reserved 552960K
  class space    used 19663K, committed 21440K, reserved 421888K
}

Deoptimization events (20 events):
Event: 106.338 Thread 0x000001b8f889d490 DEOPT PACKING pc=0x000001b8e4f7143c sp=0x00000022724f85b0
Event: 106.338 Thread 0x000001b8f889d490 DEOPT UNPACKING pc=0x000001b8dd1023a3 sp=0x00000022724f8538 mode 2
Event: 107.028 Thread 0x000001b8f889d490 DEOPT PACKING pc=0x000001b8dd88cac7 sp=0x00000022724f7c80
Event: 107.028 Thread 0x000001b8f889d490 DEOPT UNPACKING pc=0x000001b8dd102b43 sp=0x00000022724f7008 mode 0
Event: 107.187 Thread 0x000001b8ff013c10 Uncommon trap: trap_request=0xffffff45 fr.pc=0x000001b8e4e5403c relative=0x0000000000000b5c
Event: 107.187 Thread 0x000001b8ff013c10 Uncommon trap: reason=unstable_if action=reinterpret pc=0x000001b8e4e5403c method=jdk.internal.misc.Unsafe.getAndBitwiseAndInt(Ljava/lang/Object;JI)I @ 21 c2
Event: 107.187 Thread 0x000001b8ff013c10 DEOPT PACKING pc=0x000001b8e4e5403c sp=0x000000227c9fe660
Event: 107.187 Thread 0x000001b8ff013c10 DEOPT UNPACKING pc=0x000001b8dd1023a3 sp=0x000000227c9fe3f0 mode 2
Event: 107.245 Thread 0x000001b8f889d490 Uncommon trap: trap_request=0xffffff45 fr.pc=0x000001b8e5a2ecd0 relative=0x0000000000000ff0
Event: 107.245 Thread 0x000001b8f889d490 Uncommon trap: reason=unstable_if action=reinterpret pc=0x000001b8e5a2ecd0 method=org.gradle.internal.operations.BuildOperationProgressEventListenerAdapter.stop(Lorg/gradle/internal/operations/BuildOperationDescriptor;Lorg/gradle/internal/operations/Build
Event: 107.245 Thread 0x000001b8f889d490 DEOPT PACKING pc=0x000001b8e5a2ecd0 sp=0x00000022724f9fc0
Event: 107.245 Thread 0x000001b8f889d490 DEOPT UNPACKING pc=0x000001b8dd1023a3 sp=0x00000022724f9fb8 mode 2
Event: 107.246 Thread 0x000001b8f889d490 Uncommon trap: trap_request=0xffffff45 fr.pc=0x000001b8e5a13d38 relative=0x0000000000001158
Event: 107.246 Thread 0x000001b8f889d490 Uncommon trap: reason=unstable_if action=reinterpret pc=0x000001b8e5a13d38 method=org.gradle.tooling.internal.provider.runner.ClientForwardingBuildOperationListener.toOperationResult(Lorg/gradle/internal/operations/OperationFinishEvent;Lorg/gradle/api/pro
Event: 107.246 Thread 0x000001b8f889d490 DEOPT PACKING pc=0x000001b8e5a13d38 sp=0x00000022724f9ee0
Event: 107.246 Thread 0x000001b8f889d490 DEOPT UNPACKING pc=0x000001b8dd1023a3 sp=0x00000022724f9d20 mode 2
Event: 107.306 Thread 0x000001b8f889d490 Uncommon trap: trap_request=0xffffff45 fr.pc=0x000001b8e58dff24 relative=0x0000000000001ac4
Event: 107.306 Thread 0x000001b8f889d490 Uncommon trap: reason=unstable_if action=reinterpret pc=0x000001b8e58dff24 method=org.gradle.internal.operations.DefaultBuildOperationRunner$2.execute(Lorg/gradle/internal/operations/BuildOperationDescriptor;Lorg/gradle/internal/operations/BuildOperationS
Event: 107.306 Thread 0x000001b8f889d490 DEOPT PACKING pc=0x000001b8e58dff24 sp=0x00000022724fa080
Event: 107.306 Thread 0x000001b8f889d490 DEOPT UNPACKING pc=0x000001b8dd1023a3 sp=0x00000022724f9e60 mode 2

Classes loaded (20 events):
Event: 92.052 Loading class java/time/Instant$1 done
Event: 92.212 Loading class java/net/UrlDeserializedState
Event: 92.212 Loading class java/net/UrlDeserializedState done
Event: 92.231 Loading class java/util/Locale$1
Event: 92.231 Loading class java/util/Locale$1 done
Event: 92.241 Loading class java/util/concurrent/CompletableFuture$AsyncRun
Event: 92.241 Loading class java/util/concurrent/CompletableFuture$AsyncRun done
Event: 98.376 Loading class jdk/internal/math/FormattedFloatingDecimal$Form
Event: 98.376 Loading class jdk/internal/math/FormattedFloatingDecimal$Form done
Event: 98.376 Loading class jdk/internal/math/FormattedFloatingDecimal
Event: 98.377 Loading class jdk/internal/math/FormattedFloatingDecimal done
Event: 98.377 Loading class jdk/internal/math/FormattedFloatingDecimal$1
Event: 98.377 Loading class jdk/internal/math/FormattedFloatingDecimal$1 done
Event: 98.377 Loading class jdk/internal/math/FormattedFloatingDecimal$2
Event: 98.377 Loading class jdk/internal/math/FormattedFloatingDecimal$2 done
Event: 107.298 Loading class java/lang/Throwable$WrappedPrintWriter
Event: 107.300 Loading class java/lang/Throwable$PrintStreamOrWriter
Event: 107.301 Loading class java/lang/Throwable$PrintStreamOrWriter done
Event: 107.302 Loading class java/lang/Throwable$WrappedPrintWriter done
Event: 107.315 Loading class com/sun/org/apache/xerces/internal/jaxp/DocumentBuilderImpl

Classes unloaded (20 events):
Event: 84.811 Thread 0x000001b8f45cfab0 Unloading class 0x0000000801890800 'java/lang/invoke/LambdaForm$MH+0x0000000801890800'
Event: 84.811 Thread 0x000001b8f45cfab0 Unloading class 0x0000000801890400 'java/lang/invoke/LambdaForm$MH+0x0000000801890400'
Event: 84.811 Thread 0x000001b8f45cfab0 Unloading class 0x000000080188f800 'java/lang/invoke/LambdaForm$MH+0x000000080188f800'
Event: 84.811 Thread 0x000001b8f45cfab0 Unloading class 0x000000080188f000 'java/lang/invoke/LambdaForm$MH+0x000000080188f000'
Event: 84.811 Thread 0x000001b8f45cfab0 Unloading class 0x000000080188e800 'java/lang/invoke/LambdaForm$MH+0x000000080188e800'
Event: 84.811 Thread 0x000001b8f45cfab0 Unloading class 0x000000080188e400 'java/lang/invoke/LambdaForm$MH+0x000000080188e400'
Event: 84.811 Thread 0x000001b8f45cfab0 Unloading class 0x000000080188dc00 'java/lang/invoke/LambdaForm$MH+0x000000080188dc00'
Event: 84.811 Thread 0x000001b8f45cfab0 Unloading class 0x000000080188d400 'java/lang/invoke/LambdaForm$MH+0x000000080188d400'
Event: 84.811 Thread 0x000001b8f45cfab0 Unloading class 0x000000080188cc00 'java/lang/invoke/LambdaForm$MH+0x000000080188cc00'
Event: 84.811 Thread 0x000001b8f45cfab0 Unloading class 0x000000080188c000 'java/lang/invoke/LambdaForm$MH+0x000000080188c000'
Event: 84.811 Thread 0x000001b8f45cfab0 Unloading class 0x000000080188bc00 'java/lang/invoke/LambdaForm$MH+0x000000080188bc00'
Event: 84.811 Thread 0x000001b8f45cfab0 Unloading class 0x000000080188b000 'java/lang/invoke/LambdaForm$MH+0x000000080188b000'
Event: 84.811 Thread 0x000001b8f45cfab0 Unloading class 0x000000080188a800 'java/lang/invoke/LambdaForm$MH+0x000000080188a800'
Event: 84.811 Thread 0x000001b8f45cfab0 Unloading class 0x000000080188a000 'java/lang/invoke/LambdaForm$MH+0x000000080188a000'
Event: 84.811 Thread 0x000001b8f45cfab0 Unloading class 0x0000000801889c00 'java/lang/invoke/LambdaForm$MH+0x0000000801889c00'
Event: 84.811 Thread 0x000001b8f45cfab0 Unloading class 0x0000000801889400 'java/lang/invoke/LambdaForm$DMH+0x0000000801889400'
Event: 84.811 Thread 0x000001b8f45cfab0 Unloading class 0x0000000801888800 'java/lang/invoke/LambdaForm$MH+0x0000000801888800'
Event: 84.811 Thread 0x000001b8f45cfab0 Unloading class 0x0000000801888000 'java/lang/invoke/LambdaForm$MH+0x0000000801888000'
Event: 84.811 Thread 0x000001b8f45cfab0 Unloading class 0x0000000801878800 'java/lang/invoke/LambdaForm$MH+0x0000000801878800'
Event: 84.811 Thread 0x000001b8f45cfab0 Unloading class 0x0000000801878000 'java/lang/invoke/LambdaForm$DMH+0x0000000801878000'

Classes redefined (0 events):
No events

Internal exceptions (20 events):
Event: 101.546 Thread 0x000001b8f889d490 Exception <a 'sun/nio/fs/WindowsException'{0x000000009d39f6b8}> (0x000000009d39f6b8) 
thrown [s\open\src\hotspot\share\prims\jni.cpp, line 516]
Event: 103.012 Thread 0x000001b885bb6e70 Exception <a 'sun/nio/fs/WindowsException'{0x00000000a0bb0068}> (0x00000000a0bb0068) 
thrown [s\open\src\hotspot\share\prims\jni.cpp, line 516]
Event: 103.012 Thread 0x000001b885bb6e70 Exception <a 'sun/nio/fs/WindowsException'{0x00000000a0bb2cf0}> (0x00000000a0bb2cf0) 
thrown [s\open\src\hotspot\share\prims\jni.cpp, line 516]
Event: 103.013 Thread 0x000001b885bb6e70 Exception <a 'sun/nio/fs/WindowsException'{0x00000000a0bca418}> (0x00000000a0bca418) 
thrown [s\open\src\hotspot\share\prims\jni.cpp, line 516]
Event: 103.013 Thread 0x000001b885bb6e70 Exception <a 'sun/nio/fs/WindowsException'{0x00000000a0bccb98}> (0x00000000a0bccb98) 
thrown [s\open\src\hotspot\share\prims\jni.cpp, line 516]
Event: 103.020 Thread 0x000001b8f8a346d0 Exception <a 'sun/nio/fs/WindowsException'{0x00000000a095f1c0}> (0x00000000a095f1c0) 
thrown [s\open\src\hotspot\share\prims\jni.cpp, line 516]
Event: 103.020 Thread 0x000001b8f8a346d0 Exception <a 'sun/nio/fs/WindowsException'{0x00000000a096b9e8}> (0x00000000a096b9e8) 
thrown [s\open\src\hotspot\share\prims\jni.cpp, line 516]
Event: 103.021 Thread 0x000001b8f8a346d0 Exception <a 'sun/nio/fs/WindowsException'{0x00000000a096e090}> (0x00000000a096e090) 
thrown [s\open\src\hotspot\share\prims\jni.cpp, line 516]
Event: 103.021 Thread 0x000001b8f8a346d0 Exception <a 'sun/nio/fs/WindowsException'{0x00000000a09705a8}> (0x00000000a09705a8) 
thrown [s\open\src\hotspot\share\prims\jni.cpp, line 516]
Event: 103.049 Thread 0x000001b8f8a33860 Exception <a 'sun/nio/fs/WindowsException'{0x00000000a06c3878}> (0x00000000a06c3878) 
thrown [s\open\src\hotspot\share\prims\jni.cpp, line 516]
Event: 103.049 Thread 0x000001b8f8a36880 Exception <a 'sun/nio/fs/WindowsException'{0x00000000a06c1bc0}> (0x00000000a06c1bc0) 
thrown [s\open\src\hotspot\share\prims\jni.cpp, line 516]
Event: 103.049 Thread 0x000001b8f8a33860 Exception <a 'sun/nio/fs/WindowsException'{0x00000000a06c5e60}> (0x00000000a06c5e60) 
thrown [s\open\src\hotspot\share\prims\jni.cpp, line 516]
Event: 103.049 Thread 0x000001b8f8a36880 Exception <a 'sun/nio/fs/WindowsException'{0x00000000a06c91e0}> (0x00000000a06c91e0) 
thrown [s\open\src\hotspot\share\prims\jni.cpp, line 516]
Event: 103.049 Thread 0x000001b8f8a33860 Exception <a 'sun/nio/fs/WindowsException'{0x00000000a06cd430}> (0x00000000a06cd430) 
thrown [s\open\src\hotspot\share\prims\jni.cpp, line 516]
Event: 103.050 Thread 0x000001b8f8a36880 Exception <a 'sun/nio/fs/WindowsException'{0x00000000a06cb688}> (0x00000000a06cb688) 
thrown [s\open\src\hotspot\share\prims\jni.cpp, line 516]
Event: 103.050 Thread 0x000001b8f8a33860 Exception <a 'sun/nio/fs/WindowsException'{0x00000000a06cf540}> (0x00000000a06cf540) 
thrown [s\open\src\hotspot\share\prims\jni.cpp, line 516]
Event: 103.050 Thread 0x000001b8f8a36880 Exception <a 'sun/nio/fs/WindowsException'{0x00000000a06d2850}> (0x00000000a06d2850) 
thrown [s\open\src\hotspot\share\prims\jni.cpp, line 516]
Event: 103.516 Thread 0x000001b8f889d490 Exception <a 'sun/nio/fs/WindowsException'{0x000000009ec0f988}> (0x000000009ec0f988) 
thrown [s\open\src\hotspot\share\prims\jni.cpp, line 516]
Event: 104.159 Thread 0x000001b8f889d490 Exception <a 'sun/nio/fs/WindowsException'{0x000000009e389890}> (0x000000009e389890) 
thrown [s\open\src\hotspot\share\prims\jni.cpp, line 516]
Event: 107.243 Thread 0x000001b8f889d490 Exception <a 'java/io/IOException'{0x00000000a033ec18}: CreateProcess error=1455, The paging file is too small for this operation to complete> (0x00000000a033ec18) 
thrown [s\open\src\hotspot\share\prims\jni.cpp, line 535]

VM Operations (20 events):
Event: 101.558 Executing VM operation: G1CollectForAllocation
Event: 101.568 Executing VM operation: G1CollectForAllocation done
Event: 102.381 Executing VM operation: G1CollectForAllocation
Event: 102.387 Executing VM operation: G1CollectForAllocation done
Event: 103.399 Executing VM operation: Cleanup
Event: 103.399 Executing VM operation: Cleanup done
Event: 104.273 Executing VM operation: G1CollectForAllocation
Event: 104.285 Executing VM operation: G1CollectForAllocation done
Event: 104.924 Executing VM operation: G1CollectForAllocation
Event: 104.937 Executing VM operation: G1CollectForAllocation done
Event: 105.456 Executing VM operation: G1CollectForAllocation
Event: 105.478 Executing VM operation: G1CollectForAllocation done
Event: 106.245 Executing VM operation: G1CollectForAllocation
Event: 106.260 Executing VM operation: G1CollectForAllocation done
Event: 106.473 Executing VM operation: G1CollectForAllocation
Event: 106.485 Executing VM operation: G1CollectForAllocation done
Event: 107.004 Executing VM operation: G1CollectForAllocation
Event: 107.012 Executing VM operation: G1CollectForAllocation done
Event: 107.252 Executing VM operation: G1CollectForAllocation
Event: 107.265 Executing VM operation: G1CollectForAllocation done

Events (20 events):
Event: 100.374 Thread 0x000001b8f460f170 flushing nmethod 0x000001b8dfb1f790
Event: 100.374 Thread 0x000001b8f460f170 flushing nmethod 0x000001b8dfb2ea90
Event: 100.374 Thread 0x000001b8f460f170 flushing nmethod 0x000001b8dfb32e10
Event: 100.374 Thread 0x000001b8f460f170 flushing nmethod 0x000001b8dfb40990
Event: 100.374 Thread 0x000001b8f460f170 flushing nmethod 0x000001b8dfb45d10
Event: 100.374 Thread 0x000001b8f460f170 flushing nmethod 0x000001b8dfb47f10
Event: 101.507 Thread 0x000001b884b415e0 Thread added: 0x000001b884b415e0
Event: 101.527 Thread 0x000001b8841bb5a0 Thread added: 0x000001b8841bb5a0
Event: 101.636 Thread 0x000001b884b41110 Thread added: 0x000001b884b41110
Event: 101.636 Thread 0x000001b884b41ab0 Thread added: 0x000001b884b41ab0
Event: 101.637 Thread 0x000001b8ff07d690 Thread added: 0x000001b8ff07d690
Event: 101.637 Thread 0x000001b8ff07f370 Thread added: 0x000001b8ff07f370
Event: 101.637 Thread 0x000001b8ff07e030 Thread added: 0x000001b8ff07e030
Event: 101.637 Thread 0x000001b8ff07f840 Thread added: 0x000001b8ff07f840
Event: 102.992 Thread 0x000001b8ff07fd10 Thread added: 0x000001b8ff07fd10
Event: 102.992 Thread 0x000001b8ff07e9d0 Thread added: 0x000001b8ff07e9d0
Event: 102.993 Thread 0x000001b8ff3fda30 Thread added: 0x000001b8ff3fda30
Event: 102.993 Thread 0x000001b884df6fb0 Thread added: 0x000001b884df6fb0
Event: 103.338 Thread 0x000001b8ff3fd090 Thread added: 0x000001b8ff3fd090
Event: 103.531 Thread 0x000001b8ff3fd560 Thread added: 0x000001b8ff3fd560


Dynamic libraries:
0x00007ff793af0000 - 0x00007ff793b00000 	C:\Program Files\Java\jdk-18.0.2.1\bin\java.exe
0x00007fff2fb70000 - 0x00007fff2fd87000 	C:\WINDOWS\SYSTEM32\ntdll.dll
0x00007fff2e4f0000 - 0x00007fff2e5b4000 	C:\WINDOWS\System32\KERNEL32.DLL
0x00007fff2cc60000 - 0x00007fff2d032000 	C:\WINDOWS\System32\KERNELBASE.dll
0x00007fff27590000 - 0x00007fff27627000 	C:\WINDOWS\SYSTEM32\apphelp.dll
0x00007fff2d6e0000 - 0x00007fff2d7f1000 	C:\WINDOWS\System32\ucrtbase.dll
0x00007fff2a500000 - 0x00007fff2a518000 	C:\Program Files\Java\jdk-18.0.2.1\bin\jli.dll
0x00007fff210b0000 - 0x00007fff210ca000 	C:\Program Files\Java\jdk-18.0.2.1\bin\VCRUNTIME140.dll
0x00007fff2f510000 - 0x00007fff2f5c1000 	C:\WINDOWS\System32\ADVAPI32.dll
0x00007fff2f150000 - 0x00007fff2f1f7000 	C:\WINDOWS\System32\msvcrt.dll
0x00007fff2f6b0000 - 0x00007fff2f758000 	C:\WINDOWS\System32\sechost.dll
0x00007fff2d2e0000 - 0x00007fff2d308000 	C:\WINDOWS\System32\bcrypt.dll
0x00007fff2f360000 - 0x00007fff2f474000 	C:\WINDOWS\System32\RPCRT4.dll
0x00007fff2da30000 - 0x00007fff2dbe1000 	C:\WINDOWS\System32\USER32.dll
0x00007fff14430000 - 0x00007fff146cb000 	C:\WINDOWS\WinSxS\amd64_microsoft.windows.common-controls_6595b64144ccf1df_6.0.22621.5547_none_27104afb73855772\COMCTL32.dll
0x00007fff2d2b0000 - 0x00007fff2d2d6000 	C:\WINDOWS\System32\win32u.dll
0x00007fff2dc00000 - 0x00007fff2dc29000 	C:\WINDOWS\System32\GDI32.dll
0x00007fff2d040000 - 0x00007fff2d163000 	C:\WINDOWS\System32\gdi32full.dll
0x00007fff2d580000 - 0x00007fff2d61a000 	C:\WINDOWS\System32\msvcp_win.dll
0x00007fff23e30000 - 0x00007fff23e3a000 	C:\WINDOWS\SYSTEM32\VERSION.dll
0x00007fff2e650000 - 0x00007fff2e681000 	C:\WINDOWS\System32\IMM32.DLL
0x00007fff16c90000 - 0x00007fff16c9c000 	C:\Program Files\Java\jdk-18.0.2.1\bin\vcruntime140_1.dll
0x00007ffee38a0000 - 0x00007ffee392d000 	C:\Program Files\Java\jdk-18.0.2.1\bin\msvcp140.dll
0x00007ffe7f650000 - 0x00007ffe80261000 	C:\Program Files\Java\jdk-18.0.2.1\bin\server\jvm.dll
0x00007fff2d910000 - 0x00007fff2d918000 	C:\WINDOWS\System32\PSAPI.DLL
0x00007fff0bbb0000 - 0x00007fff0bbb9000 	C:\WINDOWS\SYSTEM32\WSOCK32.dll
0x00007fff28070000 - 0x00007fff280a4000 	C:\WINDOWS\SYSTEM32\WINMM.dll
0x00007fff2eb10000 - 0x00007fff2eb81000 	C:\WINDOWS\System32\WS2_32.dll
0x00007fff2bc90000 - 0x00007fff2bca8000 	C:\WINDOWS\SYSTEM32\kernel.appcore.dll
0x00007fff16c80000 - 0x00007fff16c8a000 	C:\Program Files\Java\jdk-18.0.2.1\bin\jimage.dll
0x00007fff2a570000 - 0x00007fff2a7a3000 	C:\WINDOWS\SYSTEM32\DBGHELP.DLL
0x00007fff2eba0000 - 0x00007fff2ef33000 	C:\WINDOWS\System32\combase.dll
0x00007fff2f880000 - 0x00007fff2f957000 	C:\WINDOWS\System32\OLEAUT32.dll
0x00007fff23ee0000 - 0x00007fff23f12000 	C:\WINDOWS\SYSTEM32\dbgcore.DLL
0x00007fff2d500000 - 0x00007fff2d57b000 	C:\WINDOWS\System32\bcryptPrimitives.dll
0x00007fff2a8c0000 - 0x00007fff2a8ce000 	C:\Program Files\Java\jdk-18.0.2.1\bin\instrument.dll
0x00007ffef6020000 - 0x00007ffef6045000 	C:\Program Files\Java\jdk-18.0.2.1\bin\java.dll
0x00007ffea6de0000 - 0x00007ffea6eb6000 	C:\Program Files\Java\jdk-18.0.2.1\bin\jsvml.dll
0x00007fff2dc30000 - 0x00007fff2e4d2000 	C:\WINDOWS\System32\SHELL32.dll
0x00007fff2d170000 - 0x00007fff2d2af000 	C:\WINDOWS\System32\wintypes.dll
0x00007fff2ab50000 - 0x00007fff2b46d000 	C:\WINDOWS\SYSTEM32\windows.storage.dll
0x00007fff2d920000 - 0x00007fff2da2c000 	C:\WINDOWS\System32\SHCORE.dll
0x00007fff2e5e0000 - 0x00007fff2e649000 	C:\WINDOWS\System32\shlwapi.dll
0x00007fff2cb90000 - 0x00007fff2cbbb000 	C:\WINDOWS\SYSTEM32\profapi.dll
0x00007fff08720000 - 0x00007fff08738000 	C:\Program Files\Java\jdk-18.0.2.1\bin\zip.dll
0x00007ffef6000000 - 0x00007ffef6013000 	C:\Program Files\Java\jdk-18.0.2.1\bin\net.dll
0x00007fff296e0000 - 0x00007fff2980c000 	C:\WINDOWS\SYSTEM32\WINHTTP.dll
0x00007fff2c110000 - 0x00007fff2c179000 	C:\WINDOWS\system32\mswsock.dll
0x00007ffee3880000 - 0x00007ffee3896000 	C:\Program Files\Java\jdk-18.0.2.1\bin\nio.dll
0x00007fff13b90000 - 0x00007fff13ba0000 	C:\Program Files\Java\jdk-18.0.2.1\bin\verify.dll
0x00007fff27b70000 - 0x00007fff27b97000 	C:\Users\waniw\.gradle\native\1def1411415f61bf3af743bc5b6707747c0891f09f0c88961ee8f79bc544acac\windows-amd64\native-platform.dll
0x00007ffed3290000 - 0x00007ffed3308000 	C:\Users\waniw\.gradle\native\0.2.7\x86_64-windows-gnu\gradle-fileevents.dll
0x00007fff082c0000 - 0x00007fff082c9000 	C:\Program Files\Java\jdk-18.0.2.1\bin\management.dll
0x00007ffef5ff0000 - 0x00007ffef5ffb000 	C:\Program Files\Java\jdk-18.0.2.1\bin\management_ext.dll
0x00007fff2b6c0000 - 0x00007fff2b6ed000 	C:\WINDOWS\SYSTEM32\IPHLPAPI.DLL
0x00007fff2dbf0000 - 0x00007fff2dbf9000 	C:\WINDOWS\System32\NSI.dll
0x00007fff289d0000 - 0x00007fff289e9000 	C:\WINDOWS\SYSTEM32\dhcpcsvc6.DLL
0x00007fff289b0000 - 0x00007fff289cf000 	C:\WINDOWS\SYSTEM32\dhcpcsvc.DLL
0x00007fff2b6f0000 - 0x00007fff2b7e8000 	C:\WINDOWS\SYSTEM32\DNSAPI.dll
0x00007fff2c360000 - 0x00007fff2c37b000 	C:\WINDOWS\SYSTEM32\CRYPTSP.dll
0x00007fff2bbd0000 - 0x00007fff2bc07000 	C:\WINDOWS\system32\rsaenh.dll
0x00007fff2c200000 - 0x00007fff2c228000 	C:\WINDOWS\SYSTEM32\USERENV.dll
0x00007fff2c380000 - 0x00007fff2c38c000 	C:\WINDOWS\SYSTEM32\CRYPTBASE.dll
0x00007fff10d40000 - 0x00007fff10d57000 	C:\WINDOWS\system32\napinsp.dll
0x00007fff10d20000 - 0x00007fff10d3b000 	C:\WINDOWS\system32\pnrpnsp.dll
0x00007fff10d00000 - 0x00007fff10d11000 	C:\WINDOWS\System32\winrnr.dll
0x00007fff10ce0000 - 0x00007fff10cff000 	C:\WINDOWS\system32\wshbth.dll
0x00007fff10cb0000 - 0x00007fff10cd1000 	C:\WINDOWS\system32\nlansp_c.dll
0x0000000068820000 - 0x0000000068855000 	C:\Program Files\Bonjour\mdnsNSP.dll
0x00007fff283a0000 - 0x00007fff283aa000 	C:\Windows\System32\rasadhlp.dll
0x00007fff283f0000 - 0x00007fff28474000 	C:\WINDOWS\System32\fwpuclnt.dll
0x00007ffee6330000 - 0x00007ffee6337000 	C:\Program Files\Java\jdk-18.0.2.1\bin\rmi.dll
0x00007fff2a520000 - 0x00007fff2a52e000 	C:\Program Files\Java\jdk-18.0.2.1\bin\sunmscapi.dll
0x00007fff2d310000 - 0x00007fff2d477000 	C:\WINDOWS\System32\CRYPT32.dll
0x00007fff2c500000 - 0x00007fff2c52d000 	C:\WINDOWS\SYSTEM32\ncrypt.dll
0x00007fff2c4c0000 - 0x00007fff2c4f7000 	C:\WINDOWS\SYSTEM32\NTASN1.dll

dbghelp: loaded successfully - version: 4.0.5 - missing functions: none
symbol engine: initialized successfully - sym options: 0x614 - pdb path: .;C:\Program Files\Java\jdk-18.0.2.1\bin;C:\WINDOWS\SYSTEM32;C:\WINDOWS\WinSxS\amd64_microsoft.windows.common-controls_6595b64144ccf1df_6.0.22621.5547_none_27104afb73855772;C:\Program Files\Java\jdk-18.0.2.1\bin\server;C:\Users\waniw\.gradle\native\1def1411415f61bf3af743bc5b6707747c0891f09f0c88961ee8f79bc544acac\windows-amd64;C:\Users\waniw\.gradle\native\0.2.7\x86_64-windows-gnu;C:\Program Files\Bonjour

VM Arguments:
jvm_args: --add-opens=java.base/java.lang=ALL-UNNAMED --add-opens=java.base/java.lang.invoke=ALL-UNNAMED --add-opens=java.base/java.util=ALL-UNNAMED --add-opens=java.prefs/java.util.prefs=ALL-UNNAMED --add-exports=jdk.compiler/com.sun.tools.javac.api=ALL-UNNAMED --add-exports=jdk.compiler/com.sun.tools.javac.util=ALL-UNNAMED --add-opens=java.base/java.util=ALL-UNNAMED --add-opens=java.prefs/java.util.prefs=ALL-UNNAMED --add-opens=java.base/java.nio.charset=ALL-UNNAMED --add-opens=java.base/java.net=ALL-UNNAMED --add-opens=java.base/java.util.concurrent.atomic=ALL-UNNAMED --add-opens=java.xml/javax.xml.namespace=ALL-UNNAMED -XX:MaxMetaspaceSize=512m -Xmx2048m -Dfile.encoding=UTF-8 -Duser.country=ZA -Duser.language=en -Duser.variant -javaagent:C:\Users\waniw\.gradle\wrapper\dists\gradle-8.13-bin\5xuhj0ry160q40clulazy9h7d\gradle-8.13\lib\agents\gradle-instrumentation-agent-8.13.jar 
java_command: org.gradle.launcher.daemon.bootstrap.GradleDaemon 8.13
java_class_path (initial): C:\Users\waniw\.gradle\wrapper\dists\gradle-8.13-bin\5xuhj0ry160q40clulazy9h7d\gradle-8.13\lib\gradle-daemon-main-8.13.jar
Launcher Type: SUN_STANDARD

[Global flags]
     intx CICompilerCount                          = 4                                         {product} {ergonomic}
   size_t CompressedClassSpaceSize                 = 432013312                                 {product} {ergonomic}
     uint ConcGCThreads                            = 3                                         {product} {ergonomic}
     uint G1ConcRefinementThreads                  = 10                                        {product} {ergonomic}
   size_t G1HeapRegionSize                         = 1048576                                   {product} {ergonomic}
    uintx GCDrainStackTargetSize                   = 64                                        {product} {ergonomic}
   size_t InitialHeapSize                          = 123731968                                 {product} {ergonomic}
   size_t MarkStackSize                            = 4194304                                   {product} {ergonomic}
   size_t MaxHeapSize                              = 2147483648                                {product} {command line}
   size_t MaxMetaspaceSize                         = 536870912                                 {product} {command line}
   size_t MaxNewSize                               = 1287651328                                {product} {ergonomic}
   size_t MinHeapDeltaBytes                        = 1048576                                   {product} {ergonomic}
   size_t MinHeapSize                              = 8388608                                   {product} {ergonomic}
    uintx NonNMethodCodeHeapSize                   = 5839372                                {pd product} {ergonomic}
    uintx NonProfiledCodeHeapSize                  = 122909434                              {pd product} {ergonomic}
    uintx ProfiledCodeHeapSize                     = 122909434                              {pd product} {ergonomic}
    uintx ReservedCodeCacheSize                    = 251658240                              {pd product} {ergonomic}
     bool SegmentedCodeCache                       = true                                      {product} {ergonomic}
   size_t SoftMaxHeapSize                          = 2147483648                             {manageable} {ergonomic}
     bool UseCompressedClassPointers               = true                           {product lp64_product} {ergonomic}
     bool UseCompressedOops                        = true                           {product lp64_product} {ergonomic}
     bool UseG1GC                                  = true                                      {product} {ergonomic}
     bool UseLargePagesIndividualAllocation        = false                                  {pd product} {ergonomic}

Logging:
Log output configuration:
 #0: stdout all=warning uptime,level,tags foldmultilines=false
 #1: stderr all=off uptime,level,tags foldmultilines=false

Environment Variables:
CLASSPATH=C:\Users\waniw\Downloads\free1\library
PATH=C:\Program Files (x86)\Common Files\Intel\Shared Libraries\redist\intel64\compiler;C:\Program Files\Common Files\Oracle\Java\javapath;C:\Program Files (x86)\Common Files\Oracle\Java\java8path;C:\Program Files (x86)\Common Files\Oracle\Java\javapath;C:\WINDOWS\system32;C:\WINDOWS;C:\WINDOWS\System32\Wbem;C:\WINDOWS\System32\WindowsPowerShell\v1.0\;C:\WINDOWS\System32\OpenSSH\;C:\Program Files\Novell\iPrint;C:\Program Files\Git\cmd;C:\Program Files (x86)\Microsoft SQL Server\150\DTS\Binn\;C:\Program Files\PuTTY\;C:\Program Files (x86)\Microsoft SQL Server\160\DTS\Binn\;C:\Program Files\Azure Data Studio\bin;C:\Program Files\MongoDB\Server\7.0\bin;C:\Program Files\Vim\vim91;C:\Program Files\dotnet\;C:\Program Files\HP\HP One Agent;C:\Program Files\Microsoft SQL Server\150\Tools\Binn\;C:\Program Files\Microsoft SQL Server\Client SDK\ODBC\170\Tools\Binn\;C:\Program Files\nodejs\;C:\ProgramData\chocolatey\bin;C:\Program Files (x86)\Microsoft SQL Server\160\Tools\Binn\;C:\Program Files\Microsoft SQL Server\160\Tools\Binn\;C:\Program Files\Microsoft SQL Server\160\DTS\Binn\;C:\Program Files\php-8.3.12;C:\Users\waniw\AppData\Local\Programs\Python\Launcher\;C:\Users\waniw\AppData\Local\Microsoft\WindowsApps;C:\Users\waniw\AppData\Local\Programs\Microsoft VS Code\bin;C:\Users\waniw\AppData\Local\atom\bin;C:\Users\waniw\AppData\Local\Programs\Hyper\resources\bin;C:\msys64\mingw64\bin;C:\src\flutter\flutter\bin;C:\Program Files\Azure Data Studio\bin;C:\Users\waniw\AppData\Local\Programs\mongosh\;C:\Users\waniw\.dotnet\tools;C:\Program Files\heroku\bin;C:\Users\waniw\AppData\Roaming\npm;c:\Gradle\gradle-8.0.2\bin;C:\Program Files\JetBrains\WebStorm 2024.3.4\bin;C:\Program Files (x86)\BrowserStackLocal\;C:\Users\waniw\.fly\bin;C:\Users\waniw\AppData\Local\Google\Cloud SDK\google-cloud-sdk\bin
USERNAME=waniw
OS=Windows_NT
PROCESSOR_IDENTIFIER=AMD64 Family 25 Model 80 Stepping 0, AuthenticAMD



---------------  S Y S T E M  ---------------

OS:
 Windows 11 , 64 bit Build 22621 (10.0.22621.5415)
OS uptime: 5 days 2:20 hours
Hyper-V role detected

CPU: total 12 (initial active 12) (12 cores per cpu, 2 threads per core) family 25 model 80 stepping 0 microcode 0x0, cx8, cmov, fxsr, ht, mmx, 3dnowpref, sse, sse2, sse3, ssse3, sse4a, sse4.1, sse4.2, popcnt, lzcnt, tsc, tscinvbit, avx, avx2, aes, erms, clmul, bmi1, bmi2, adx, sha, fma, vzeroupper, clflush, clflushopt, hv

Memory: 4k page, system-wide physical 7525M (202M free)
TotalPageFile size 31077M (AvailPageFile size 327M)
current process WorkingSet (physical memory assigned to process): 466M, peak: 883M
current process commit charge ("private bytes"): 1029M, peak: 1033M

vm_info: Java HotSpot(TM) 64-Bit Server VM (18.0.2.1+1-1) for windows-amd64 JRE (18.0.2.1+1-1), built on Aug 16 2022 01:46:33 by "mach5one" with MS VC++ 16.8 / 16.9 (VS2019)

END.
