#
# There is insufficient memory for the Java Runtime Environment to continue.
# Native memory allocation (mmap) failed to map 243269632 bytes for G1 virtual space
# Possible reasons:
#   The system is out of physical RAM or swap space
#   The process is running with CompressedOops enabled, and the Java Heap may be blocking the growth of the native heap
# Possible solutions:
#   Reduce memory load on the system
#   Increase physical memory or swap space
#   Check if swap backing store is full
#   Decrease Java heap size (-Xmx/-Xms)
#   Decrease number of Java threads
#   Decrease Java thread stack sizes (-Xss)
#   Set larger code cache with -XX:ReservedCodeCacheSize=
#   JVM is running with Unscaled Compressed Oops mode in which the Java heap is
#     placed in the first 4GB address space. The Java Heap base address is the
#     maximum limit for the native heap growth. Please use -XX:HeapBaseMinAddress
#     to set the Java Heap base and to place the Java Heap above 4GB virtual address.
# This output file may be truncated or incomplete.
#
#  Out of Memory Error (os_windows.cpp:3530), pid=23200, tid=12268
#
# JRE version: Java(TM) SE Runtime Environment (18.0.2.1+1) (build 18.0.2.1+1-1)
# Java VM: Java HotSpot(TM) 64-Bit Server VM (18.0.2.1+1-1, mixed mode, sharing, tiered, compressed oops, compressed class ptrs, g1 gc, windows-amd64)
# No core dump will be written. Minidumps are not enabled by default on client versions of Windows
#

---------------  S U M M A R Y ------------

Command Line: --add-opens=java.base/java.lang=ALL-UNNAMED --add-opens=java.base/java.lang.invoke=ALL-UNNAMED --add-opens=java.base/java.util=ALL-UNNAMED --add-opens=java.prefs/java.util.prefs=ALL-UNNAMED --add-exports=jdk.compiler/com.sun.tools.javac.api=ALL-UNNAMED --add-exports=jdk.compiler/com.sun.tools.javac.util=ALL-UNNAMED --add-opens=java.base/java.util=ALL-UNNAMED --add-opens=java.prefs/java.util.prefs=ALL-UNNAMED --add-opens=java.base/java.nio.charset=ALL-UNNAMED --add-opens=java.base/java.net=ALL-UNNAMED --add-opens=java.base/java.util.concurrent.atomic=ALL-UNNAMED --add-opens=java.xml/javax.xml.namespace=ALL-UNNAMED -XX:MaxMetaspaceSize=512m -Xmx2048m -Dfile.encoding=UTF-8 -Duser.country=ZA -Duser.language=en -Duser.variant -javaagent:C:\Users\waniw\.gradle\wrapper\dists\gradle-8.13-bin\5xuhj0ry160q40clulazy9h7d\gradle-8.13\lib\agents\gradle-instrumentation-agent-8.13.jar org.gradle.launcher.daemon.bootstrap.GradleDaemon 8.13

Host: AMD Ryzen 5 5600U with Radeon Graphics         , 12 cores, 7G,  Windows 11 , 64 bit Build 26100 (10.0.26100.6725)
Time: Sat Oct 25 16:02:22 2025 South Africa Standard Time elapsed time: 61.660159 seconds (0d 0h 1m 1s)

---------------  T H R E A D  ---------------

Current thread (0x000002a2dcb38a70):  VMThread "VM Thread" [stack: 0x000000ab4ca00000,0x000000ab4cb00000] [id=12268]

Stack: [0x000000ab4ca00000,0x000000ab4cb00000]
Native frames: (J=compiled Java code, j=interpreted, Vv=VM code, C=native code)
V  [jvm.dll+0x6993aa]
V  [jvm.dll+0x7f46dd]
V  [jvm.dll+0x7f5fee]
V  [jvm.dll+0x7f66a3]
V  [jvm.dll+0x25cf1f]
V  [jvm.dll+0x6962f9]
V  [jvm.dll+0x68ae2a]
V  [jvm.dll+0x32255b]
V  [jvm.dll+0x329f36]
V  [jvm.dll+0x37eade]
V  [jvm.dll+0x37ed0f]
V  [jvm.dll+0x2fa2da]
V  [jvm.dll+0x2fd0d6]
V  [jvm.dll+0x307545]
V  [jvm.dll+0x33c650]
V  [jvm.dll+0x7fb48b]
V  [jvm.dll+0x7fc224]
V  [jvm.dll+0x7fc75c]
V  [jvm.dll+0x7fcbb4]
V  [jvm.dll+0x7fcc77]
V  [jvm.dll+0x7a120a]
V  [jvm.dll+0x698255]
C  [ucrtbase.dll+0x37b0]
C  [KERNEL32.DLL+0x2e8d7]
C  [ntdll.dll+0x8c53c]

VM_Operation (0x000000ab4c6ff3d0): G1Concurrent, mode: safepoint, requested by thread 0x000002a2dcb2f930


---------------  P R O C E S S  ---------------

Threads class SMR info:
_java_thread_list=0x000002a2870b9470, length=131, elements={
0x000002a2dcabbcf0, 0x000002a2fa8d8ba0, 0x000002a2fa8d9bf0, 0x000002a2fa8fa630,
0x000002a2fa8faee0, 0x000002a2fa8fbda0, 0x000002a2fa8fcdf0, 0x000002a2fa900940,
0x000002a2fa904ae0, 0x000002a2fa907790, 0x000002a2ff4c51a0, 0x000002a2ff5fc350,
0x000002a280c9cac0, 0x000002a2ff745080, 0x000002a280e825f0, 0x000002a280f70aa0,
0x000002a28102dee0, 0x000002a28102da10, 0x000002a28102fbc0, 0x000002a281030a30,
0x000002a281030090, 0x000002a281030560, 0x000002a28102d070, 0x000002a2831dfa50,
0x000002a2831dff20, 0x000002a2831e20d0, 0x000002a2831e03f0, 0x000002a2831e1260,
0x000002a2831df0b0, 0x000002a2831e08c0, 0x000002a2831e0d90, 0x000002a2831e1730,
0x000002a2831e1c00, 0x000002a2831e2f40, 0x000002a2831df580, 0x000002a2831e6430,
0x000002a283a31dd0, 0x000002a285dc5160, 0x000002a2856d03a0, 0x000002a2856cfed0,
0x000002a284fef920, 0x000002a2856d0870, 0x000002a28511edb0, 0x000002a283342530,
0x000002a2851200f0, 0x000002a286399450, 0x000002a283f1c6c0, 0x000002a283342a00,
0x000002a284feef80, 0x000002a28511f280, 0x000002a28511fc20, 0x000002a284494f30,
0x000002a2844958d0, 0x000002a283709bb0, 0x000002a2863985e0, 0x000002a286398ab0,
0x000002a2869eeae0, 0x000002a284a69f60, 0x000002a286f4f3d0, 0x000002a281cd9210,
0x000002a281cd83a0, 0x000002a286502a70, 0x000002a2ff53cd70, 0x000002a2ff53d710,
0x000002a2ff53d240, 0x000002a2ff53e580, 0x000002a2ff53e0b0, 0x000002a2ff53dbe0,
0x000002a28c0a9950, 0x000002a28c0a8140, 0x000002a28c0a8610, 0x000002a28c0a8ae0,
0x000002a28c0a8fb0, 0x000002a28c0a9480, 0x000002a28745d440, 0x000002a28745d910,
0x000002a28745caa0, 0x000002a28745c100, 0x000002a28745c5d0, 0x000002a28511f750,
0x000002a28791a330, 0x000002a2879194c0, 0x000002a287919990, 0x000002a287919e60,
0x000002a287918b20, 0x000002a286385240, 0x000002a284a690f0, 0x000002a284a68c20,
0x000002a284a67db0, 0x000002a284a6a430, 0x000002a284a695c0, 0x000002a284a678e0,
0x000002a284a69a90, 0x000002a284a66a70, 0x000002a284a66f40, 0x000002a283342ed0,
0x000002a283341b90, 0x000002a285dc64a0, 0x000002a286384d70, 0x000002a286385710,
0x000002a2863873f0, 0x000002a286385be0, 0x000002a2863843d0, 0x000002a2863860b0,
0x000002a2863848a0, 0x000002a286386580, 0x000002a286386a50, 0x000002a286386f20,
0x000002a28f43e770, 0x000002a28f43d900, 0x000002a28f43e2a0, 0x000002a28f43ff80,
0x000002a28f43ddd0, 0x000002a28f43f5e0, 0x000002a28f43ec40, 0x000002a28f43f110,
0x000002a28f43fab0, 0x000002a28f440450, 0x000002a28f440920, 0x000002a28f43cf60,
0x000002a28f43d430, 0x000002a287918ff0, 0x000002a28db7a6c0, 0x000002a28db7b530,
0x000002a28db79d20, 0x000002a28db7ab90, 0x000002a28db7a1f0, 0x000002a28db7b060,
0x000002a28c0c9570, 0x000002a28c0c9a40, 0x000002a28c0cad80
}

Java Threads: ( => current thread )
  0x000002a2dcabbcf0 JavaThread "main" [_thread_blocked, id=22868, stack(0x000000ab4c400000,0x000000ab4c500000)]
  0x000002a2fa8d8ba0 JavaThread "Reference Handler" daemon [_thread_blocked, id=25944, stack(0x000000ab4cb00000,0x000000ab4cc00000)]
  0x000002a2fa8d9bf0 JavaThread "Finalizer" daemon [_thread_blocked, id=23628, stack(0x000000ab4cc00000,0x000000ab4cd00000)]
  0x000002a2fa8fa630 JavaThread "Signal Dispatcher" daemon [_thread_blocked, id=23016, stack(0x000000ab4cd00000,0x000000ab4ce00000)]
  0x000002a2fa8faee0 JavaThread "Attach Listener" daemon [_thread_blocked, id=14248, stack(0x000000ab4ce00000,0x000000ab4cf00000)]
  0x000002a2fa8fbda0 JavaThread "Service Thread" daemon [_thread_blocked, id=22872, stack(0x000000ab4cf00000,0x000000ab4d000000)]
  0x000002a2fa8fcdf0 JavaThread "Monitor Deflation Thread" daemon [_thread_blocked, id=20996, stack(0x000000ab4d000000,0x000000ab4d100000)]
  0x000002a2fa900940 JavaThread "C2 CompilerThread0" daemon [_thread_blocked, id=22984, stack(0x000000ab4d100000,0x000000ab4d200000)]
  0x000002a2fa904ae0 JavaThread "C1 CompilerThread0" daemon [_thread_blocked, id=22708, stack(0x000000ab4d200000,0x000000ab4d300000)]
  0x000002a2fa907790 JavaThread "Sweeper thread" daemon [_thread_blocked, id=28252, stack(0x000000ab4d300000,0x000000ab4d400000)]
  0x000002a2ff4c51a0 JavaThread "Common-Cleaner" daemon [_thread_blocked, id=5432, stack(0x000000ab4d400000,0x000000ab4d500000)]
  0x000002a2ff5fc350 JavaThread "Notification Thread" daemon [_thread_blocked, id=26864, stack(0x000000ab4d500000,0x000000ab4d600000)]
  0x000002a280c9cac0 JavaThread "Daemon health stats" [_thread_blocked, id=8452, stack(0x000000ab4dc00000,0x000000ab4dd00000)]
  0x000002a2ff745080 JavaThread "Incoming local TCP Connector on port 60080" [_thread_in_native, id=8380, stack(0x000000ab4d700000,0x000000ab4d800000)]
  0x000002a280e825f0 JavaThread "Daemon periodic checks" [_thread_blocked, id=24896, stack(0x000000ab4dd00000,0x000000ab4de00000)]
  0x000002a280f70aa0 JavaThread "Daemon" [_thread_blocked, id=23704, stack(0x000000ab4de00000,0x000000ab4df00000)]
  0x000002a28102dee0 JavaThread "Daemon worker" [_thread_blocked, id=23636, stack(0x000000ab4e100000,0x000000ab4e200000)]
  0x000002a28102da10 JavaThread "Cache worker for journal cache (C:\Users\waniw\.gradle\caches\journal-1)" [_thread_blocked, id=14424, stack(0x000000ab4e500000,0x000000ab4e600000)]
  0x000002a28102fbc0 JavaThread "File lock request listener" [_thread_in_native, id=22828, stack(0x000000ab4e600000,0x000000ab4e700000)]
  0x000002a281030a30 JavaThread "Cache worker for file hash cache (C:\Users\waniw\.gradle\caches\8.13\fileHashes)" [_thread_blocked, id=12540, stack(0x000000ab4e700000,0x000000ab4e800000)]
  0x000002a281030090 JavaThread "File watcher server" daemon [_thread_in_native, id=28668, stack(0x000000ab4f100000,0x000000ab4f200000)]
  0x000002a281030560 JavaThread "File watcher consumer" daemon [_thread_blocked, id=16436, stack(0x000000ab4f200000,0x000000ab4f300000)]
  0x000002a28102d070 JavaThread "jar transforms" [_thread_blocked, id=23844, stack(0x000000ab4f300000,0x000000ab4f400000)]
  0x000002a2831dfa50 JavaThread "jar transforms Thread 2" [_thread_blocked, id=30752, stack(0x000000ab4f400000,0x000000ab4f500000)]
  0x000002a2831dff20 JavaThread "jar transforms Thread 3" [_thread_blocked, id=11696, stack(0x000000ab4f500000,0x000000ab4f600000)]
  0x000002a2831e20d0 JavaThread "jar transforms Thread 4" [_thread_blocked, id=4632, stack(0x000000ab4f600000,0x000000ab4f700000)]
  0x000002a2831e03f0 JavaThread "jar transforms Thread 5" [_thread_blocked, id=21360, stack(0x000000ab4f700000,0x000000ab4f800000)]
  0x000002a2831e1260 JavaThread "Cache worker for file content cache (C:\Users\waniw\.gradle\caches\8.13\fileContent)" [_thread_blocked, id=4180, stack(0x000000ab4f900000,0x000000ab4fa00000)]
  0x000002a2831df0b0 JavaThread "jar transforms Thread 6" [_thread_blocked, id=31592, stack(0x000000ab4fa00000,0x000000ab4fb00000)]
  0x000002a2831e08c0 JavaThread "jar transforms Thread 7" [_thread_blocked, id=16536, stack(0x000000ab4fb00000,0x000000ab4fc00000)]
  0x000002a2831e0d90 JavaThread "jar transforms Thread 8" [_thread_blocked, id=19152, stack(0x000000ab4fc00000,0x000000ab4fd00000)]
  0x000002a2831e1730 JavaThread "jar transforms Thread 9" [_thread_blocked, id=21972, stack(0x000000ab4fd00000,0x000000ab4fe00000)]
  0x000002a2831e1c00 JavaThread "jar transforms Thread 10" [_thread_blocked, id=30452, stack(0x000000ab4fe00000,0x000000ab4ff00000)]
  0x000002a2831e2f40 JavaThread "Exec process" [_thread_blocked, id=8752, stack(0x000000ab4ff00000,0x000000ab50000000)]
  0x000002a2831df580 JavaThread "Exec process Thread 2" [_thread_blocked, id=2236, stack(0x000000ab50000000,0x000000ab50100000)]
  0x000002a2831e6430 JavaThread "Exec process Thread 3" [_thread_blocked, id=21840, stack(0x000000ab50100000,0x000000ab50200000)]
  0x000002a283a31dd0 JavaThread "Memory manager" [_thread_blocked, id=18892, stack(0x000000ab53000000,0x000000ab53100000)]
  0x000002a285dc5160 JavaThread "ForkJoinPool.commonPool-worker-1" daemon [_thread_blocked, id=7464, stack(0x000000ab55e00000,0x000000ab55f00000)]
  0x000002a2856d03a0 JavaThread "ForkJoinPool.commonPool-worker-2" daemon [_thread_blocked, id=30360, stack(0x000000ab55f00000,0x000000ab56000000)]
  0x000002a2856cfed0 JavaThread "ForkJoinPool.commonPool-worker-3" daemon [_thread_blocked, id=20384, stack(0x000000ab56000000,0x000000ab56100000)]
  0x000002a284fef920 JavaThread "ForkJoinPool.commonPool-worker-4" daemon [_thread_blocked, id=26304, stack(0x000000ab56100000,0x000000ab56200000)]
  0x000002a2856d0870 JavaThread "ForkJoinPool.commonPool-worker-5" daemon [_thread_blocked, id=30436, stack(0x000000ab56200000,0x000000ab56300000)]
  0x000002a28511edb0 JavaThread "ForkJoinPool.commonPool-worker-6" daemon [_thread_blocked, id=12368, stack(0x000000ab56300000,0x000000ab56400000)]
  0x000002a283342530 JavaThread "ForkJoinPool.commonPool-worker-7" daemon [_thread_blocked, id=1564, stack(0x000000ab56400000,0x000000ab56500000)]
  0x000002a2851200f0 JavaThread "ForkJoinPool.commonPool-worker-8" daemon [_thread_blocked, id=30008, stack(0x000000ab56500000,0x000000ab56600000)]
  0x000002a286399450 JavaThread "ForkJoinPool.commonPool-worker-9" daemon [_thread_blocked, id=17748, stack(0x000000ab56600000,0x000000ab56700000)]
  0x000002a283f1c6c0 JavaThread "ForkJoinPool.commonPool-worker-10" daemon [_thread_blocked, id=30332, stack(0x000000ab56700000,0x000000ab56800000)]
  0x000002a283342a00 JavaThread "ForkJoinPool.commonPool-worker-11" daemon [_thread_blocked, id=27696, stack(0x000000ab56800000,0x000000ab56900000)]
  0x000002a284feef80 JavaThread "Exec process" daemon [_thread_blocked, id=17196, stack(0x000000ab56900000,0x000000ab56a00000)]
  0x000002a28511f280 JavaThread "Exec process Thread 2" daemon [_thread_blocked, id=15296, stack(0x000000ab56a00000,0x000000ab56b00000)]
  0x000002a28511fc20 JavaThread "Exec process Thread 3" daemon [_thread_blocked, id=8516, stack(0x000000ab56b00000,0x000000ab56c00000)]
  0x000002a284494f30 JavaThread "included builds" [_thread_blocked, id=5736, stack(0x000000ab50c00000,0x000000ab50d00000)]
  0x000002a2844958d0 JavaThread "included builds Thread 2" [_thread_blocked, id=24776, stack(0x000000ab56c00000,0x000000ab56d00000)]
  0x000002a283709bb0 JavaThread "jar transforms Thread 11" [_thread_blocked, id=22860, stack(0x000000ab59f00000,0x000000ab5a000000)]
  0x000002a2863985e0 JavaThread "jar transforms Thread 12" [_thread_blocked, id=29284, stack(0x000000ab5a200000,0x000000ab5a300000)]
  0x000002a286398ab0 JavaThread "included builds Thread 3" [_thread_blocked, id=10888, stack(0x000000ab5a300000,0x000000ab5a400000)]
  0x000002a2869eeae0 JavaThread "included builds Thread 4" [_thread_blocked, id=9528, stack(0x000000ab5a400000,0x000000ab5a500000)]
  0x000002a284a69f60 JavaThread "pool-3-thread-1" [_thread_blocked, id=20576, stack(0x000000ab5ab00000,0x000000ab5ac00000)]
  0x000002a286f4f3d0 JavaThread "VFS cleanup" [_thread_blocked, id=12772, stack(0x000000ab4e200000,0x000000ab4e300000)]
  0x000002a281cd9210 JavaThread "Handler for socket connection from /127.0.0.1:60080 to /127.0.0.1:60236" [_thread_in_native, id=23816, stack(0x000000ab4df00000,0x000000ab4e000000)]
  0x000002a281cd83a0 JavaThread "Cancel handler" [_thread_blocked, id=27148, stack(0x000000ab4e000000,0x000000ab4e100000)]
  0x000002a286502a70 JavaThread "Asynchronous log dispatcher for DefaultDaemonConnection: socket connection from /127.0.0.1:60080 to /127.0.0.1:60236" [_thread_blocked, id=4588, stack(0x000000ab4e300000,0x000000ab4e400000)]
  0x000002a2ff53cd70 JavaThread "Stdin handler" [_thread_blocked, id=12192, stack(0x000000ab4e400000,0x000000ab4e500000)]
  0x000002a2ff53d710 JavaThread "Daemon client event forwarder" [_thread_blocked, id=21792, stack(0x000000ab4ef00000,0x000000ab4f000000)]
  0x000002a2ff53d240 JavaThread "Cache worker for file hash cache (C:\projects\daily-immune-admin-app\android\.gradle\8.13\fileHashes)" [_thread_blocked, id=28908, stack(0x000000ab4f000000,0x000000ab4f100000)]
  0x000002a2ff53e580 JavaThread "Cache worker for Build Output Cleanup Cache (C:\projects\daily-immune-admin-app\android\.gradle\buildOutputCleanup)" [_thread_blocked, id=19956, stack(0x000000ab4f800000,0x000000ab4f900000)]
  0x000002a2ff53e0b0 JavaThread "Cache worker for checksums cache (C:\projects\daily-immune-admin-app\android\.gradle\8.13\checksums)" [_thread_blocked, id=20052, stack(0x000000ab50200000,0x000000ab50300000)]
  0x000002a2ff53dbe0 JavaThread "Cache worker for cache directory md-supplier (C:\Users\waniw\.gradle\caches\8.13\md-supplier)" [_thread_blocked, id=23800, stack(0x000000ab50300000,0x000000ab50400000)]
  0x000002a28c0a9950 JavaThread "Cache worker for cache directory md-rule (C:\Users\waniw\.gradle\caches\8.13\md-rule)" [_thread_blocked, id=12032, stack(0x000000ab50400000,0x000000ab50500000)]
  0x000002a28c0a8140 JavaThread "Cache worker for Build Output Cleanup Cache (C:\projects\daily-immune-admin-app\node_modules\@react-native\gradle-plugin\.gradle\buildOutputCleanup)" [_thread_blocked, id=31056, stack(0x000000ab50500000,0x000000ab50600000)]
  0x000002a28c0a8610 JavaThread "Unconstrained build operations" [_thread_blocked, id=9212, stack(0x000000ab50600000,0x000000ab50700000)]
  0x000002a28c0a8ae0 JavaThread "Unconstrained build operations Thread 2" [_thread_blocked, id=27236, stack(0x000000ab50700000,0x000000ab50800000)]
  0x000002a28c0a8fb0 JavaThread "Unconstrained build operations Thread 3" [_thread_blocked, id=9256, stack(0x000000ab50800000,0x000000ab50900000)]
  0x000002a28c0a9480 JavaThread "Unconstrained build operations Thread 4" [_thread_blocked, id=22480, stack(0x000000ab50900000,0x000000ab50a00000)]
  0x000002a28745d440 JavaThread "Cache worker for Build Output Cleanup Cache (C:\projects\daily-immune-admin-app\node_modules\expo-modules-autolinking\android\expo-gradle-plugin\.gradle\buildOutputCleanup)" [_thread_blocked, id=19516, stack(0x000000ab50a00000,0x000000ab50b00000)]
  0x000002a28745d910 JavaThread "Unconstrained build operations Thread 5" [_thread_blocked, id=15204, stack(0x000000ab50b00000,0x000000ab50c00000)]
  0x000002a28745caa0 JavaThread "Unconstrained build operations Thread 6" [_thread_blocked, id=15100, stack(0x000000ab50d00000,0x000000ab50e00000)]
  0x000002a28745c100 JavaThread "Unconstrained build operations Thread 7" [_thread_blocked, id=5200, stack(0x000000ab50e00000,0x000000ab50f00000)]
  0x000002a28745c5d0 JavaThread "Unconstrained build operations Thread 8" [_thread_blocked, id=13040, stack(0x000000ab50f00000,0x000000ab51000000)]
  0x000002a28511f750 JavaThread "Unconstrained build operations Thread 9" [_thread_blocked, id=30692, stack(0x000000ab51000000,0x000000ab51100000)]
  0x000002a28791a330 JavaThread "Unconstrained build operations Thread 10" [_thread_blocked, id=29248, stack(0x000000ab51100000,0x000000ab51200000)]
  0x000002a2879194c0 JavaThread "Unconstrained build operations Thread 11" [_thread_blocked, id=30816, stack(0x000000ab51200000,0x000000ab51300000)]
  0x000002a287919990 JavaThread "Unconstrained build operations Thread 12" [_thread_blocked, id=5152, stack(0x000000ab51300000,0x000000ab51400000)]
  0x000002a287919e60 JavaThread "Unconstrained build operations Thread 13" [_thread_blocked, id=17756, stack(0x000000ab51400000,0x000000ab51500000)]
  0x000002a287918b20 JavaThread "Unconstrained build operations Thread 14" [_thread_blocked, id=29832, stack(0x000000ab51500000,0x000000ab51600000)]
  0x000002a286385240 JavaThread "Unconstrained build operations Thread 15" [_thread_blocked, id=28676, stack(0x000000ab51600000,0x000000ab51700000)]
  0x000002a284a690f0 JavaThread "Unconstrained build operations Thread 16" [_thread_blocked, id=31296, stack(0x000000ab51700000,0x000000ab51800000)]
  0x000002a284a68c20 JavaThread "Unconstrained build operations Thread 17" [_thread_blocked, id=28172, stack(0x000000ab51800000,0x000000ab51900000)]
  0x000002a284a67db0 JavaThread "Unconstrained build operations Thread 18" [_thread_blocked, id=26896, stack(0x000000ab51900000,0x000000ab51a00000)]
  0x000002a284a6a430 JavaThread "Unconstrained build operations Thread 19" [_thread_blocked, id=9972, stack(0x000000ab51a00000,0x000000ab51b00000)]
  0x000002a284a695c0 JavaThread "Unconstrained build operations Thread 20" [_thread_blocked, id=21336, stack(0x000000ab51b00000,0x000000ab51c00000)]
  0x000002a284a678e0 JavaThread "Unconstrained build operations Thread 21" [_thread_blocked, id=20948, stack(0x000000ab51c00000,0x000000ab51d00000)]
  0x000002a284a69a90 JavaThread "Unconstrained build operations Thread 22" [_thread_blocked, id=10424, stack(0x000000ab51d00000,0x000000ab51e00000)]
  0x000002a284a66a70 JavaThread "Unconstrained build operations Thread 23" [_thread_blocked, id=24568, stack(0x000000ab51e00000,0x000000ab51f00000)]
  0x000002a284a66f40 JavaThread "Unconstrained build operations Thread 24" [_thread_blocked, id=29672, stack(0x000000ab51f00000,0x000000ab52000000)]
  0x000002a283342ed0 JavaThread "Unconstrained build operations Thread 25" [_thread_blocked, id=28648, stack(0x000000ab52000000,0x000000ab52100000)]
  0x000002a283341b90 JavaThread "Unconstrained build operations Thread 26" [_thread_blocked, id=20704, stack(0x000000ab52100000,0x000000ab52200000)]
  0x000002a285dc64a0 JavaThread "build event listener" [_thread_blocked, id=7472, stack(0x000000ab52200000,0x000000ab52300000)]
  0x000002a286384d70 JavaThread "Unconstrained build operations Thread 27" [_thread_blocked, id=28600, stack(0x000000ab52300000,0x000000ab52400000)]
  0x000002a286385710 JavaThread "Unconstrained build operations Thread 28" [_thread_blocked, id=31424, stack(0x000000ab52400000,0x000000ab52500000)]
  0x000002a2863873f0 JavaThread "Unconstrained build operations Thread 29" [_thread_blocked, id=30888, stack(0x000000ab52500000,0x000000ab52600000)]
  0x000002a286385be0 JavaThread "Unconstrained build operations Thread 30" [_thread_blocked, id=19132, stack(0x000000ab52600000,0x000000ab52700000)]
  0x000002a2863843d0 JavaThread "Unconstrained build operations Thread 31" [_thread_blocked, id=27400, stack(0x000000ab52700000,0x000000ab52800000)]
  0x000002a2863860b0 JavaThread "Unconstrained build operations Thread 32" [_thread_blocked, id=23360, stack(0x000000ab52800000,0x000000ab52900000)]
  0x000002a2863848a0 JavaThread "Unconstrained build operations Thread 33" [_thread_blocked, id=7344, stack(0x000000ab52900000,0x000000ab52a00000)]
  0x000002a286386580 JavaThread "Unconstrained build operations Thread 34" [_thread_blocked, id=11524, stack(0x000000ab52a00000,0x000000ab52b00000)]
  0x000002a286386a50 JavaThread "Unconstrained build operations Thread 35" [_thread_blocked, id=22160, stack(0x000000ab52b00000,0x000000ab52c00000)]
  0x000002a286386f20 JavaThread "Unconstrained build operations Thread 36" [_thread_blocked, id=2564, stack(0x000000ab52c00000,0x000000ab52d00000)]
  0x000002a28f43e770 JavaThread "Unconstrained build operations Thread 37" [_thread_blocked, id=25684, stack(0x000000ab52d00000,0x000000ab52e00000)]
  0x000002a28f43d900 JavaThread "Unconstrained build operations Thread 38" [_thread_blocked, id=29200, stack(0x000000ab52e00000,0x000000ab52f00000)]
  0x000002a28f43e2a0 JavaThread "Unconstrained build operations Thread 39" [_thread_blocked, id=22876, stack(0x000000ab52f00000,0x000000ab53000000)]
  0x000002a28f43ff80 JavaThread "Unconstrained build operations Thread 40" [_thread_blocked, id=31312, stack(0x000000ab53100000,0x000000ab53200000)]
  0x000002a28f43ddd0 JavaThread "Unconstrained build operations Thread 41" [_thread_blocked, id=17188, stack(0x000000ab53200000,0x000000ab53300000)]
  0x000002a28f43f5e0 JavaThread "Unconstrained build operations Thread 42" [_thread_blocked, id=21984, stack(0x000000ab53300000,0x000000ab53400000)]
  0x000002a28f43ec40 JavaThread "Unconstrained build operations Thread 43" [_thread_blocked, id=28880, stack(0x000000ab53400000,0x000000ab53500000)]
  0x000002a28f43f110 JavaThread "Unconstrained build operations Thread 44" [_thread_blocked, id=19208, stack(0x000000ab53500000,0x000000ab53600000)]
  0x000002a28f43fab0 JavaThread "Unconstrained build operations Thread 45" [_thread_blocked, id=20288, stack(0x000000ab53600000,0x000000ab53700000)]
  0x000002a28f440450 JavaThread "Unconstrained build operations Thread 46" [_thread_blocked, id=25616, stack(0x000000ab53700000,0x000000ab53800000)]
  0x000002a28f440920 JavaThread "Unconstrained build operations Thread 47" [_thread_blocked, id=10968, stack(0x000000ab53800000,0x000000ab53900000)]
  0x000002a28f43cf60 JavaThread "Unconstrained build operations Thread 48" [_thread_blocked, id=18416, stack(0x000000ab53900000,0x000000ab53a00000)]
  0x000002a28f43d430 JavaThread "build event listener" [_thread_blocked, id=23476, stack(0x000000ab53a00000,0x000000ab53b00000)]
  0x000002a287918ff0 JavaThread "Unconstrained build operations Thread 49" [_thread_blocked, id=29680, stack(0x000000ab53b00000,0x000000ab53c00000)]
  0x000002a28db7a6c0 JavaThread "Unconstrained build operations Thread 50" [_thread_blocked, id=24420, stack(0x000000ab53c00000,0x000000ab53d00000)]
  0x000002a28db7b530 JavaThread "Unconstrained build operations Thread 51" [_thread_blocked, id=30768, stack(0x000000ab53d00000,0x000000ab53e00000)]
  0x000002a28db79d20 JavaThread "Unconstrained build operations Thread 52" [_thread_blocked, id=23244, stack(0x000000ab53e00000,0x000000ab53f00000)]
  0x000002a28db7ab90 JavaThread "Unconstrained build operations Thread 53" [_thread_blocked, id=2348, stack(0x000000ab53f00000,0x000000ab54000000)]
  0x000002a28db7a1f0 JavaThread "Unconstrained build operations Thread 54" [_thread_blocked, id=24236, stack(0x000000ab54000000,0x000000ab54100000)]
  0x000002a28db7b060 JavaThread "Unconstrained build operations Thread 55" [_thread_blocked, id=7744, stack(0x000000ab54100000,0x000000ab54200000)]
  0x000002a28c0c9570 JavaThread "Unconstrained build operations Thread 56" [_thread_blocked, id=31728, stack(0x000000ab54200000,0x000000ab54300000)]
  0x000002a28c0c9a40 JavaThread "Unconstrained build operations Thread 57" [_thread_blocked, id=31116, stack(0x000000ab54300000,0x000000ab54400000)]
  0x000002a28c0cad80 JavaThread "Unconstrained build operations Thread 58" [_thread_blocked, id=26740, stack(0x000000ab54400000,0x000000ab54500000)]

Other Threads:
=>0x000002a2dcb38a70 VMThread "VM Thread" [stack: 0x000000ab4ca00000,0x000000ab4cb00000] [id=12268]
  0x000002a2ff5972b0 WatcherThread "VM Periodic Task Thread" [stack: 0x000000ab4d600000,0x000000ab4d700000] [id=27920]
  0x000002a2dcb1be00 WorkerThread "GC Thread#0" [stack: 0x000000ab4c500000,0x000000ab4c600000] [id=16204]
  0x000002a2ff816510 WorkerThread "GC Thread#1" [stack: 0x000000ab4d800000,0x000000ab4d900000] [id=3060]
  0x000002a2ff6d6e60 WorkerThread "GC Thread#2" [stack: 0x000000ab4d900000,0x000000ab4da00000] [id=27712]
  0x000002a28036ea40 WorkerThread "GC Thread#3" [stack: 0x000000ab4da00000,0x000000ab4db00000] [id=15868]
  0x000002a2803fda10 WorkerThread "GC Thread#4" [stack: 0x000000ab4db00000,0x000000ab4dc00000] [id=29796]
  0x000002a280d4d510 WorkerThread "GC Thread#5" [stack: 0x000000ab4e800000,0x000000ab4e900000] [id=2408]
  0x000002a280d4d7b0 WorkerThread "GC Thread#6" [stack: 0x000000ab4e900000,0x000000ab4ea00000] [id=27640]
  0x000002a280d4df90 WorkerThread "GC Thread#7" [stack: 0x000000ab4ea00000,0x000000ab4eb00000] [id=8332]
  0x000002a280d4d270 WorkerThread "GC Thread#8" [stack: 0x000000ab4eb00000,0x000000ab4ec00000] [id=30092]
  0x000002a280d4c7f0 WorkerThread "GC Thread#9" [stack: 0x000000ab4ec00000,0x000000ab4ed00000] [id=5312]
  0x000002a2dcb2f930 ConcurrentGCThread "G1 Main Marker" [stack: 0x000000ab4c600000,0x000000ab4c700000] [id=28840]
  0x000002a2dcb309d0 WorkerThread "G1 Conc#0" [stack: 0x000000ab4c700000,0x000000ab4c800000] [id=22896]
  0x000002a280d4da50 WorkerThread "G1 Conc#1" [stack: 0x000000ab4ed00000,0x000000ab4ee00000] [id=30956]
  0x000002a280d4dcf0 WorkerThread "G1 Conc#2" [stack: 0x000000ab4ee00000,0x000000ab4ef00000] [id=24152]
  0x000002a2dcb667c0 ConcurrentGCThread "G1 Refine#0" [stack: 0x000000ab4c800000,0x000000ab4c900000] [id=10572]
  0x000002a2dcb67e90 ConcurrentGCThread "G1 Service" [stack: 0x000000ab4c900000,0x000000ab4ca00000] [id=23784]

Threads with active compile tasks:

VM state: at safepoint (normal execution)

VM Mutex/Monitor currently owned by a thread:  ([mutex/lock_event])
[0x000002a2dcab85e0] Threads_lock - owner thread: 0x000002a2dcb38a70
[0x000002a2dcab7740] Heap_lock - owner thread: 0x000002a2dcb2f930

Heap address: 0x0000000080000000, size: 2048 MB, Compressed Oops mode: 32-bit

CDS archive(s) mapped at: [0x0000000800000000-0x0000000800ba0000-0x0000000800ba0000), size 12189696, SharedBaseAddress: 0x0000000800000000, ArchiveRelocationMode: 0.
Compressed class space mapped at: 0x0000000800c00000-0x000000081a800000, reserved size: 432013312
Narrow klass base: 0x0000000800000000, Narrow klass shift: 0, Narrow klass range: 0x100000000

GC Precious Log:
 CardTable entry size: 512
 Card Set container configuration: InlinePtr #cards 5 size 8 Array Of Cards #cards 12 size 40 Howl #buckets 4 coarsen threshold 1843 Howl Bitmap #cards 512 size 80 coarsen threshold 460 Card regions per heap region 1 cards per card region 2048
 CPUs: 12 total, 12 available
 Memory: 7525M
 Large Page Support: Disabled
 NUMA Support: Disabled
 Compressed Oops: Enabled (32-bit)
 Heap Region Size: 1M
 Heap Min Capacity: 8M
 Heap Initial Capacity: 118M
 Heap Max Capacity: 2G
 Pre-touch: Disabled
 Parallel Workers: 10
 Concurrent Workers: 3
 Concurrent Refinement Workers: 10
 Periodic GC: Disabled

Heap:
 garbage-first heap   total 498688K, used 439480K [0x0000000080000000, 0x0000000100000000)
  region size 1024K, 23 young (23552K), 3 survivors (3072K)
 Metaspace       used 147732K, committed 151232K, reserved 552960K
  class space    used 19967K, committed 21696K, reserved 421888K

Heap Regions: E=young(eden), S=young(survivor), O=old, HS=humongous(starts), HC=humongous(continues), CS=collection set, F=free, OA=open archive, CA=closed archive, TAMS=top-at-mark-start (previous, next)
|   0|0x0000000080000000, 0x0000000080100000, 0x0000000080100000|100%|HS|  |TAMS 0x0000000080100000, 0x0000000080000000| Complete 
|   1|0x0000000080100000, 0x0000000080200000, 0x0000000080200000|100%|HC|  |TAMS 0x0000000080200000, 0x0000000080100000| Complete 
|   2|0x0000000080200000, 0x0000000080300000, 0x0000000080300000|100%|HC|  |TAMS 0x0000000080300000, 0x0000000080200000| Complete 
|   3|0x0000000080300000, 0x0000000080400000, 0x0000000080400000|100%| O|  |TAMS 0x0000000080400000, 0x0000000080300000| Untracked 
|   4|0x0000000080400000, 0x0000000080500000, 0x0000000080500000|100%| O|  |TAMS 0x0000000080500000, 0x0000000080400000| Untracked 
|   5|0x0000000080500000, 0x0000000080600000, 0x0000000080600000|100%| O|  |TAMS 0x0000000080600000, 0x0000000080500000| Untracked 
|   6|0x0000000080600000, 0x0000000080700000, 0x0000000080700000|100%|HS|  |TAMS 0x0000000080700000, 0x0000000080600000| Complete 
|   7|0x0000000080700000, 0x0000000080800000, 0x0000000080800000|100%| O|  |TAMS 0x0000000080800000, 0x0000000080700000| Untracked 
|   8|0x0000000080800000, 0x0000000080900000, 0x0000000080900000|100%| O|  |TAMS 0x0000000080900000, 0x0000000080800000| Untracked 
|   9|0x0000000080900000, 0x0000000080a00000, 0x0000000080a00000|100%| O|  |TAMS 0x0000000080a00000, 0x0000000080900000| Untracked 
|  10|0x0000000080a00000, 0x0000000080b00000, 0x0000000080b00000|100%| O|  |TAMS 0x0000000080b00000, 0x0000000080a00000| Untracked 
|  11|0x0000000080b00000, 0x0000000080c00000, 0x0000000080c00000|100%| O|  |TAMS 0x0000000080c00000, 0x0000000080b00000| Untracked 
|  12|0x0000000080c00000, 0x0000000080d00000, 0x0000000080d00000|100%| O|  |TAMS 0x0000000080d00000, 0x0000000080c00000| Updating 
|  13|0x0000000080d00000, 0x0000000080e00000, 0x0000000080e00000|100%| O|  |TAMS 0x0000000080e00000, 0x0000000080d00000| Untracked 
|  14|0x0000000080e00000, 0x0000000080f00000, 0x0000000080f00000|100%| O|  |TAMS 0x0000000080f00000, 0x0000000080e00000| Untracked 
|  15|0x0000000080f00000, 0x0000000081000000, 0x0000000081000000|100%| O|  |TAMS 0x0000000081000000, 0x0000000080f00000| Untracked 
|  16|0x0000000081000000, 0x0000000081100000, 0x0000000081100000|100%| O|  |TAMS 0x0000000081100000, 0x0000000081000000| Updating 
|  17|0x0000000081100000, 0x0000000081200000, 0x0000000081200000|100%| O|  |TAMS 0x0000000081200000, 0x0000000081100000| Untracked 
|  18|0x0000000081200000, 0x0000000081300000, 0x0000000081300000|100%| O|  |TAMS 0x0000000081300000, 0x0000000081200000| Untracked 
|  19|0x0000000081300000, 0x0000000081400000, 0x0000000081400000|100%| O|  |TAMS 0x0000000081400000, 0x0000000081300000| Untracked 
|  20|0x0000000081400000, 0x0000000081500000, 0x0000000081500000|100%| O|  |TAMS 0x0000000081500000, 0x0000000081400000| Updating 
|  21|0x0000000081500000, 0x0000000081600000, 0x0000000081600000|100%| O|  |TAMS 0x0000000081600000, 0x0000000081500000| Untracked 
|  22|0x0000000081600000, 0x0000000081700000, 0x0000000081700000|100%| O|  |TAMS 0x0000000081700000, 0x0000000081600000| Untracked 
|  23|0x0000000081700000, 0x0000000081800000, 0x0000000081800000|100%| O|  |TAMS 0x0000000081800000, 0x0000000081700000| Untracked 
|  24|0x0000000081800000, 0x0000000081900000, 0x0000000081900000|100%| O|  |TAMS 0x0000000081900000, 0x0000000081800000| Updating 
|  25|0x0000000081900000, 0x0000000081a00000, 0x0000000081a00000|100%| O|  |TAMS 0x0000000081a00000, 0x0000000081900000| Untracked 
|  26|0x0000000081a00000, 0x0000000081b00000, 0x0000000081b00000|100%| O|  |TAMS 0x0000000081b00000, 0x0000000081a00000| Updating 
|  27|0x0000000081b00000, 0x0000000081c00000, 0x0000000081c00000|100%| O|  |TAMS 0x0000000081c00000, 0x0000000081b00000| Untracked 
|  28|0x0000000081c00000, 0x0000000081d00000, 0x0000000081d00000|100%| O|  |TAMS 0x0000000081d00000, 0x0000000081c00000| Untracked 
|  29|0x0000000081d00000, 0x0000000081e00000, 0x0000000081e00000|100%| O|  |TAMS 0x0000000081e00000, 0x0000000081d00000| Updating 
|  30|0x0000000081e00000, 0x0000000081f00000, 0x0000000081f00000|100%| O|  |TAMS 0x0000000081f00000, 0x0000000081e00000| Updating 
|  31|0x0000000081f00000, 0x0000000082000000, 0x0000000082000000|100%| O|  |TAMS 0x0000000082000000, 0x0000000081f00000| Untracked 
|  32|0x0000000082000000, 0x0000000082100000, 0x0000000082100000|100%| O|  |TAMS 0x0000000082100000, 0x0000000082000000| Untracked 
|  33|0x0000000082100000, 0x0000000082200000, 0x0000000082200000|100%| O|  |TAMS 0x0000000082200000, 0x0000000082100000| Untracked 
|  34|0x0000000082200000, 0x0000000082300000, 0x0000000082300000|100%| O|  |TAMS 0x0000000082300000, 0x0000000082200000| Updating 
|  35|0x0000000082300000, 0x0000000082400000, 0x0000000082400000|100%| O|  |TAMS 0x0000000082400000, 0x0000000082300000| Updating 
|  36|0x0000000082400000, 0x0000000082500000, 0x0000000082500000|100%| O|  |TAMS 0x0000000082500000, 0x0000000082400000| Updating 
|  37|0x0000000082500000, 0x0000000082600000, 0x0000000082600000|100%| O|  |TAMS 0x0000000082600000, 0x0000000082500000| Updating 
|  38|0x0000000082600000, 0x0000000082700000, 0x0000000082700000|100%| O|  |TAMS 0x0000000082700000, 0x0000000082600000| Updating 
|  39|0x0000000082700000, 0x0000000082800000, 0x0000000082800000|100%| O|  |TAMS 0x0000000082800000, 0x0000000082700000| Updating 
|  40|0x0000000082800000, 0x0000000082900000, 0x0000000082900000|100%| O|  |TAMS 0x0000000082900000, 0x0000000082800000| Updating 
|  41|0x0000000082900000, 0x0000000082a00000, 0x0000000082a00000|100%| O|  |TAMS 0x0000000082a00000, 0x0000000082900000| Updating 
|  42|0x0000000082a00000, 0x0000000082b00000, 0x0000000082b00000|100%| O|  |TAMS 0x0000000082b00000, 0x0000000082a00000| Updating 
|  43|0x0000000082b00000, 0x0000000082c00000, 0x0000000082c00000|100%| O|  |TAMS 0x0000000082c00000, 0x0000000082b00000| Updating 
|  44|0x0000000082c00000, 0x0000000082d00000, 0x0000000082d00000|100%| O|  |TAMS 0x0000000082d00000, 0x0000000082c00000| Updating 
|  45|0x0000000082d00000, 0x0000000082e00000, 0x0000000082e00000|100%| O|  |TAMS 0x0000000082e00000, 0x0000000082d00000| Updating 
|  46|0x0000000082e00000, 0x0000000082f00000, 0x0000000082f00000|100%| O|  |TAMS 0x0000000082f00000, 0x0000000082e00000| Updating 
|  47|0x0000000082f00000, 0x0000000083000000, 0x0000000083000000|100%| O|  |TAMS 0x0000000083000000, 0x0000000082f00000| Updating 
|  48|0x0000000083000000, 0x0000000083100000, 0x0000000083100000|100%| O|  |TAMS 0x0000000083100000, 0x0000000083000000| Untracked 
|  49|0x0000000083100000, 0x0000000083200000, 0x0000000083200000|100%| O|  |TAMS 0x0000000083200000, 0x0000000083100000| Updating 
|  50|0x0000000083200000, 0x0000000083300000, 0x0000000083300000|100%| O|  |TAMS 0x0000000083300000, 0x0000000083200000| Updating 
|  51|0x0000000083300000, 0x0000000083400000, 0x0000000083400000|100%| O|  |TAMS 0x0000000083400000, 0x0000000083300000| Updating 
|  52|0x0000000083400000, 0x0000000083500000, 0x0000000083500000|100%| O|  |TAMS 0x0000000083500000, 0x0000000083400000| Updating 
|  53|0x0000000083500000, 0x0000000083600000, 0x0000000083600000|100%| O|  |TAMS 0x0000000083600000, 0x0000000083500000| Untracked 
|  54|0x0000000083600000, 0x0000000083700000, 0x0000000083700000|100%| O|  |TAMS 0x0000000083700000, 0x0000000083600000| Updating 
|  55|0x0000000083700000, 0x0000000083800000, 0x0000000083800000|100%|HS|  |TAMS 0x0000000083800000, 0x0000000083700000| Complete 
|  56|0x0000000083800000, 0x0000000083900000, 0x0000000083900000|100%|HC|  |TAMS 0x0000000083900000, 0x0000000083800000| Complete 
|  57|0x0000000083900000, 0x0000000083a00000, 0x0000000083a00000|100%|HS|  |TAMS 0x0000000083a00000, 0x0000000083900000| Complete 
|  58|0x0000000083a00000, 0x0000000083b00000, 0x0000000083b00000|100%|HC|  |TAMS 0x0000000083b00000, 0x0000000083a00000| Complete 
|  59|0x0000000083b00000, 0x0000000083c00000, 0x0000000083c00000|100%|HC|  |TAMS 0x0000000083c00000, 0x0000000083b00000| Complete 
|  60|0x0000000083c00000, 0x0000000083d00000, 0x0000000083d00000|100%|HS|  |TAMS 0x0000000083d00000, 0x0000000083c00000| Complete 
|  61|0x0000000083d00000, 0x0000000083e00000, 0x0000000083e00000|100%|HC|  |TAMS 0x0000000083e00000, 0x0000000083d00000| Complete 
|  62|0x0000000083e00000, 0x0000000083f00000, 0x0000000083f00000|100%| O|  |TAMS 0x0000000083f00000, 0x0000000083e00000| Updating 
|  63|0x0000000083f00000, 0x0000000084000000, 0x0000000084000000|100%| O|  |TAMS 0x0000000084000000, 0x0000000083f00000| Updating 
|  64|0x0000000084000000, 0x0000000084100000, 0x0000000084100000|100%| O|  |TAMS 0x0000000084100000, 0x0000000084000000| Updating 
|  65|0x0000000084100000, 0x0000000084200000, 0x0000000084200000|100%| O|  |TAMS 0x0000000084200000, 0x0000000084100000| Untracked 
|  66|0x0000000084200000, 0x0000000084300000, 0x0000000084300000|100%| O|  |TAMS 0x0000000084300000, 0x0000000084200000| Updating 
|  67|0x0000000084300000, 0x0000000084400000, 0x0000000084400000|100%|HS|  |TAMS 0x0000000084400000, 0x0000000084300000| Complete 
|  68|0x0000000084400000, 0x0000000084500000, 0x0000000084500000|100%|HC|  |TAMS 0x0000000084500000, 0x0000000084400000| Complete 
|  69|0x0000000084500000, 0x0000000084600000, 0x0000000084600000|100%|HC|  |TAMS 0x0000000084600000, 0x0000000084500000| Complete 
|  70|0x0000000084600000, 0x0000000084700000, 0x0000000084700000|100%| O|  |TAMS 0x0000000084700000, 0x0000000084600000| Updating 
|  71|0x0000000084700000, 0x0000000084800000, 0x0000000084800000|100%|HS|  |TAMS 0x0000000084800000, 0x0000000084700000| Complete 
|  72|0x0000000084800000, 0x0000000084900000, 0x0000000084900000|100%|HC|  |TAMS 0x0000000084900000, 0x0000000084800000| Complete 
|  73|0x0000000084900000, 0x0000000084a00000, 0x0000000084a00000|100%|HS|  |TAMS 0x0000000084a00000, 0x0000000084900000| Complete 
|  74|0x0000000084a00000, 0x0000000084b00000, 0x0000000084b00000|100%|HC|  |TAMS 0x0000000084b00000, 0x0000000084a00000| Complete 
|  75|0x0000000084b00000, 0x0000000084c00000, 0x0000000084c00000|100%|HS|  |TAMS 0x0000000084c00000, 0x0000000084b00000| Complete 
|  76|0x0000000084c00000, 0x0000000084d00000, 0x0000000084d00000|100%|HC|  |TAMS 0x0000000084d00000, 0x0000000084c00000| Complete 
|  77|0x0000000084d00000, 0x0000000084e00000, 0x0000000084e00000|100%|HC|  |TAMS 0x0000000084e00000, 0x0000000084d00000| Complete 
|  78|0x0000000084e00000, 0x0000000084f00000, 0x0000000084f00000|100%|HC|  |TAMS 0x0000000084f00000, 0x0000000084e00000| Complete 
|  79|0x0000000084f00000, 0x0000000085000000, 0x0000000085000000|100%|HS|  |TAMS 0x0000000085000000, 0x0000000084f00000| Complete 
|  80|0x0000000085000000, 0x0000000085100000, 0x0000000085100000|100%|HC|  |TAMS 0x0000000085100000, 0x0000000085000000| Complete 
|  81|0x0000000085100000, 0x0000000085200000, 0x0000000085200000|100%|HC|  |TAMS 0x0000000085200000, 0x0000000085100000| Complete 
|  82|0x0000000085200000, 0x0000000085300000, 0x0000000085300000|100%|HC|  |TAMS 0x0000000085300000, 0x0000000085200000| Complete 
|  83|0x0000000085300000, 0x0000000085400000, 0x0000000085400000|100%| O|  |TAMS 0x0000000085400000, 0x0000000085300000| Untracked 
|  84|0x0000000085400000, 0x0000000085500000, 0x0000000085500000|100%| O|  |TAMS 0x0000000085500000, 0x0000000085400000| Untracked 
|  85|0x0000000085500000, 0x0000000085600000, 0x0000000085600000|100%| O|  |TAMS 0x0000000085600000, 0x0000000085500000| Updating 
|  86|0x0000000085600000, 0x0000000085700000, 0x0000000085700000|100%| O|  |TAMS 0x0000000085700000, 0x0000000085600000| Updating 
|  87|0x0000000085700000, 0x0000000085800000, 0x0000000085800000|100%| O|  |TAMS 0x0000000085800000, 0x0000000085700000| Updating 
|  88|0x0000000085800000, 0x0000000085900000, 0x0000000085900000|100%| O|  |TAMS 0x0000000085900000, 0x0000000085800000| Updating 
|  89|0x0000000085900000, 0x0000000085a00000, 0x0000000085a00000|100%| O|  |TAMS 0x0000000085a00000, 0x0000000085900000| Updating 
|  90|0x0000000085a00000, 0x0000000085b00000, 0x0000000085b00000|100%| O|  |TAMS 0x0000000085b00000, 0x0000000085a00000| Updating 
|  91|0x0000000085b00000, 0x0000000085c00000, 0x0000000085c00000|100%| O|  |TAMS 0x0000000085c00000, 0x0000000085b00000| Updating 
|  92|0x0000000085c00000, 0x0000000085d00000, 0x0000000085d00000|100%| O|  |TAMS 0x0000000085d00000, 0x0000000085c00000| Updating 
|  93|0x0000000085d00000, 0x0000000085e00000, 0x0000000085e00000|100%| O|  |TAMS 0x0000000085e00000, 0x0000000085d00000| Updating 
|  94|0x0000000085e00000, 0x0000000085f00000, 0x0000000085f00000|100%| O|  |TAMS 0x0000000085f00000, 0x0000000085e00000| Updating 
|  95|0x0000000085f00000, 0x0000000086000000, 0x0000000086000000|100%| O|  |TAMS 0x0000000086000000, 0x0000000085f00000| Updating 
|  96|0x0000000086000000, 0x0000000086100000, 0x0000000086100000|100%| O|  |TAMS 0x0000000086100000, 0x0000000086000000| Updating 
|  97|0x0000000086100000, 0x0000000086200000, 0x0000000086200000|100%| O|  |TAMS 0x0000000086200000, 0x0000000086100000| Updating 
|  98|0x0000000086200000, 0x0000000086300000, 0x0000000086300000|100%| O|  |TAMS 0x0000000086300000, 0x0000000086200000| Updating 
|  99|0x0000000086300000, 0x0000000086400000, 0x0000000086400000|100%| O|  |TAMS 0x0000000086400000, 0x0000000086300000| Updating 
| 100|0x0000000086400000, 0x0000000086500000, 0x0000000086500000|100%| O|  |TAMS 0x0000000086500000, 0x0000000086400000| Updating 
| 101|0x0000000086500000, 0x0000000086600000, 0x0000000086600000|100%| O|  |TAMS 0x0000000086600000, 0x0000000086500000| Updating 
| 102|0x0000000086600000, 0x0000000086700000, 0x0000000086700000|100%| O|  |TAMS 0x0000000086700000, 0x0000000086600000| Updating 
| 103|0x0000000086700000, 0x0000000086800000, 0x0000000086800000|100%| O|  |TAMS 0x0000000086800000, 0x0000000086700000| Updating 
| 104|0x0000000086800000, 0x0000000086900000, 0x0000000086900000|100%| O|  |TAMS 0x0000000086900000, 0x0000000086800000| Updating 
| 105|0x0000000086900000, 0x0000000086a00000, 0x0000000086a00000|100%| O|  |TAMS 0x0000000086a00000, 0x0000000086900000| Updating 
| 106|0x0000000086a00000, 0x0000000086b00000, 0x0000000086b00000|100%| O|  |TAMS 0x0000000086b00000, 0x0000000086a00000| Updating 
| 107|0x0000000086b00000, 0x0000000086c00000, 0x0000000086c00000|100%| O|  |TAMS 0x0000000086c00000, 0x0000000086b00000| Updating 
| 108|0x0000000086c00000, 0x0000000086d00000, 0x0000000086d00000|100%| O|  |TAMS 0x0000000086d00000, 0x0000000086c00000| Updating 
| 109|0x0000000086d00000, 0x0000000086e00000, 0x0000000086e00000|100%| O|  |TAMS 0x0000000086e00000, 0x0000000086d00000| Updating 
| 110|0x0000000086e00000, 0x0000000086f00000, 0x0000000086f00000|100%| O|  |TAMS 0x0000000086f00000, 0x0000000086e00000| Updating 
| 111|0x0000000086f00000, 0x0000000087000000, 0x0000000087000000|100%| O|  |TAMS 0x0000000087000000, 0x0000000086f00000| Updating 
| 112|0x0000000087000000, 0x0000000087100000, 0x0000000087100000|100%| O|  |TAMS 0x0000000087100000, 0x0000000087000000| Updating 
| 113|0x0000000087100000, 0x0000000087200000, 0x0000000087200000|100%| O|  |TAMS 0x0000000087200000, 0x0000000087100000| Updating 
| 114|0x0000000087200000, 0x0000000087300000, 0x0000000087300000|100%| O|  |TAMS 0x0000000087300000, 0x0000000087200000| Updating 
| 115|0x0000000087300000, 0x0000000087400000, 0x0000000087400000|100%| O|  |TAMS 0x0000000087400000, 0x0000000087300000| Updating 
| 116|0x0000000087400000, 0x0000000087500000, 0x0000000087500000|100%| O|  |TAMS 0x0000000087500000, 0x0000000087400000| Updating 
| 117|0x0000000087500000, 0x0000000087600000, 0x0000000087600000|100%| O|  |TAMS 0x0000000087600000, 0x0000000087500000| Updating 
| 118|0x0000000087600000, 0x0000000087700000, 0x0000000087700000|100%| O|  |TAMS 0x0000000087700000, 0x0000000087600000| Updating 
| 119|0x0000000087700000, 0x0000000087800000, 0x0000000087800000|100%| O|  |TAMS 0x0000000087800000, 0x0000000087700000| Updating 
| 120|0x0000000087800000, 0x0000000087900000, 0x0000000087900000|100%| O|  |TAMS 0x0000000087900000, 0x0000000087800000| Updating 
| 121|0x0000000087900000, 0x0000000087a00000, 0x0000000087a00000|100%|HS|  |TAMS 0x0000000087a00000, 0x0000000087900000| Complete 
| 122|0x0000000087a00000, 0x0000000087b00000, 0x0000000087b00000|100%|HS|  |TAMS 0x0000000087b00000, 0x0000000087a00000| Complete 
| 123|0x0000000087b00000, 0x0000000087c00000, 0x0000000087c00000|100%|HS|  |TAMS 0x0000000087c00000, 0x0000000087b00000| Complete 
| 124|0x0000000087c00000, 0x0000000087d00000, 0x0000000087d00000|100%|HS|  |TAMS 0x0000000087d00000, 0x0000000087c00000| Complete 
| 125|0x0000000087d00000, 0x0000000087e00000, 0x0000000087e00000|100%| O|  |TAMS 0x0000000087e00000, 0x0000000087d00000| Updating 
| 126|0x0000000087e00000, 0x0000000087f00000, 0x0000000087f00000|100%|HS|  |TAMS 0x0000000087f00000, 0x0000000087e00000| Complete 
| 127|0x0000000087f00000, 0x0000000088000000, 0x0000000088000000|100%|HS|  |TAMS 0x0000000088000000, 0x0000000087f00000| Complete 
| 128|0x0000000088000000, 0x0000000088100000, 0x0000000088100000|100%| O|  |TAMS 0x0000000088100000, 0x0000000088000000| Updating 
| 129|0x0000000088100000, 0x0000000088200000, 0x0000000088200000|100%| O|  |TAMS 0x0000000088200000, 0x0000000088100000| Updating 
| 130|0x0000000088200000, 0x0000000088300000, 0x0000000088300000|100%| O|  |TAMS 0x0000000088300000, 0x0000000088200000| Updating 
| 131|0x0000000088300000, 0x0000000088400000, 0x0000000088400000|100%| O|  |TAMS 0x0000000088400000, 0x0000000088300000| Untracked 
| 132|0x0000000088400000, 0x0000000088500000, 0x0000000088500000|100%| O|  |TAMS 0x0000000088500000, 0x0000000088400000| Untracked 
| 133|0x0000000088500000, 0x0000000088600000, 0x0000000088600000|100%| O|  |TAMS 0x0000000088600000, 0x0000000088500000| Untracked 
| 134|0x0000000088600000, 0x0000000088700000, 0x0000000088700000|100%| O|  |TAMS 0x0000000088700000, 0x0000000088600000| Updating 
| 135|0x0000000088700000, 0x0000000088800000, 0x0000000088800000|100%| O|  |TAMS 0x0000000088800000, 0x0000000088700000| Updating 
| 136|0x0000000088800000, 0x0000000088900000, 0x0000000088900000|100%| O|  |TAMS 0x0000000088900000, 0x0000000088800000| Updating 
| 137|0x0000000088900000, 0x0000000088a00000, 0x0000000088a00000|100%| O|  |TAMS 0x0000000088a00000, 0x0000000088900000| Updating 
| 138|0x0000000088a00000, 0x0000000088b00000, 0x0000000088b00000|100%| O|  |TAMS 0x0000000088b00000, 0x0000000088a00000| Updating 
| 139|0x0000000088b00000, 0x0000000088c00000, 0x0000000088c00000|100%| O|  |TAMS 0x0000000088c00000, 0x0000000088b00000| Updating 
| 140|0x0000000088c00000, 0x0000000088d00000, 0x0000000088d00000|100%| O|  |TAMS 0x0000000088d00000, 0x0000000088c00000| Updating 
| 141|0x0000000088d00000, 0x0000000088e00000, 0x0000000088e00000|100%| O|  |TAMS 0x0000000088e00000, 0x0000000088d00000| Updating 
| 142|0x0000000088e00000, 0x0000000088f00000, 0x0000000088f00000|100%|HS|  |TAMS 0x0000000088f00000, 0x0000000088e00000| Complete 
| 143|0x0000000088f00000, 0x0000000089000000, 0x0000000089000000|100%|HC|  |TAMS 0x0000000089000000, 0x0000000088f00000| Complete 
| 144|0x0000000089000000, 0x0000000089100000, 0x0000000089100000|100%| O|  |TAMS 0x0000000089100000, 0x0000000089000000| Untracked 
| 145|0x0000000089100000, 0x0000000089200000, 0x0000000089200000|100%|HS|  |TAMS 0x0000000089200000, 0x0000000089100000| Complete 
| 146|0x0000000089200000, 0x0000000089300000, 0x0000000089300000|100%| O|  |TAMS 0x0000000089300000, 0x0000000089200000| Untracked 
| 147|0x0000000089300000, 0x0000000089400000, 0x0000000089400000|100%| O|  |TAMS 0x0000000089400000, 0x0000000089300000| Untracked 
| 148|0x0000000089400000, 0x0000000089500000, 0x0000000089500000|100%| O|  |TAMS 0x0000000089500000, 0x0000000089400000| Untracked 
| 149|0x0000000089500000, 0x0000000089600000, 0x0000000089600000|100%| O|  |TAMS 0x0000000089600000, 0x0000000089500000| Updating 
| 150|0x0000000089600000, 0x0000000089700000, 0x0000000089700000|100%| O|  |TAMS 0x0000000089700000, 0x0000000089600000| Untracked 
| 151|0x0000000089700000, 0x0000000089800000, 0x0000000089800000|100%| O|  |TAMS 0x0000000089800000, 0x0000000089700000| Updating 
| 152|0x0000000089800000, 0x0000000089900000, 0x0000000089900000|100%| O|  |TAMS 0x0000000089900000, 0x0000000089800000| Updating 
| 153|0x0000000089900000, 0x0000000089a00000, 0x0000000089a00000|100%| O|  |TAMS 0x0000000089a00000, 0x0000000089900000| Untracked 
| 154|0x0000000089a00000, 0x0000000089b00000, 0x0000000089b00000|100%| O|  |TAMS 0x0000000089b00000, 0x0000000089a00000| Updating 
| 155|0x0000000089b00000, 0x0000000089c00000, 0x0000000089c00000|100%| O|  |TAMS 0x0000000089c00000, 0x0000000089b00000| Untracked 
| 156|0x0000000089c00000, 0x0000000089d00000, 0x0000000089d00000|100%| O|  |TAMS 0x0000000089d00000, 0x0000000089c00000| Untracked 
| 157|0x0000000089d00000, 0x0000000089e00000, 0x0000000089e00000|100%| O|  |TAMS 0x0000000089e00000, 0x0000000089d00000| Untracked 
| 158|0x0000000089e00000, 0x0000000089f00000, 0x0000000089f00000|100%| O|  |TAMS 0x0000000089f00000, 0x0000000089e00000| Untracked 
| 159|0x0000000089f00000, 0x000000008a000000, 0x000000008a000000|100%| O|  |TAMS 0x000000008a000000, 0x0000000089f00000| Updating 
| 160|0x000000008a000000, 0x000000008a100000, 0x000000008a100000|100%| O|  |TAMS 0x000000008a100000, 0x000000008a000000| Untracked 
| 161|0x000000008a100000, 0x000000008a200000, 0x000000008a200000|100%| O|  |TAMS 0x000000008a200000, 0x000000008a100000| Updating 
| 162|0x000000008a200000, 0x000000008a300000, 0x000000008a300000|100%| O|  |TAMS 0x000000008a300000, 0x000000008a200000| Updating 
| 163|0x000000008a300000, 0x000000008a400000, 0x000000008a400000|100%| O|  |TAMS 0x000000008a400000, 0x000000008a300000| Updating 
| 164|0x000000008a400000, 0x000000008a500000, 0x000000008a500000|100%| O|  |TAMS 0x000000008a500000, 0x000000008a400000| Updating 
| 165|0x000000008a500000, 0x000000008a600000, 0x000000008a600000|100%| O|  |TAMS 0x000000008a600000, 0x000000008a500000| Updating 
| 166|0x000000008a600000, 0x000000008a700000, 0x000000008a700000|100%| O|  |TAMS 0x000000008a700000, 0x000000008a600000| Updating 
| 167|0x000000008a700000, 0x000000008a800000, 0x000000008a800000|100%| O|  |TAMS 0x000000008a800000, 0x000000008a700000| Updating 
| 168|0x000000008a800000, 0x000000008a900000, 0x000000008a900000|100%| O|  |TAMS 0x000000008a900000, 0x000000008a800000| Updating 
| 169|0x000000008a900000, 0x000000008aa00000, 0x000000008aa00000|100%| O|  |TAMS 0x000000008aa00000, 0x000000008a900000| Updating 
| 170|0x000000008aa00000, 0x000000008ab00000, 0x000000008ab00000|100%| O|  |TAMS 0x000000008ab00000, 0x000000008aa00000| Updating 
| 171|0x000000008ab00000, 0x000000008ac00000, 0x000000008ac00000|100%| O|  |TAMS 0x000000008ac00000, 0x000000008ab00000| Updating 
| 172|0x000000008ac00000, 0x000000008ad00000, 0x000000008ad00000|100%| O|  |TAMS 0x000000008ad00000, 0x000000008ac00000| Updating 
| 173|0x000000008ad00000, 0x000000008ae00000, 0x000000008ae00000|100%| O|  |TAMS 0x000000008ae00000, 0x000000008ad00000| Updating 
| 174|0x000000008ae00000, 0x000000008af00000, 0x000000008af00000|100%| O|  |TAMS 0x000000008af00000, 0x000000008ae00000| Updating 
| 175|0x000000008af00000, 0x000000008b000000, 0x000000008b000000|100%| O|  |TAMS 0x000000008b000000, 0x000000008af00000| Updating 
| 176|0x000000008b000000, 0x000000008b100000, 0x000000008b100000|100%| O|  |TAMS 0x000000008b100000, 0x000000008b000000| Updating 
| 177|0x000000008b100000, 0x000000008b200000, 0x000000008b200000|100%| O|  |TAMS 0x000000008b200000, 0x000000008b100000| Updating 
| 178|0x000000008b200000, 0x000000008b300000, 0x000000008b300000|100%| O|  |TAMS 0x000000008b300000, 0x000000008b200000| Updating 
| 179|0x000000008b300000, 0x000000008b400000, 0x000000008b400000|100%| O|  |TAMS 0x000000008b400000, 0x000000008b300000| Updating 
| 180|0x000000008b400000, 0x000000008b500000, 0x000000008b500000|100%| O|  |TAMS 0x000000008b500000, 0x000000008b400000| Updating 
| 181|0x000000008b500000, 0x000000008b600000, 0x000000008b600000|100%| O|  |TAMS 0x000000008b600000, 0x000000008b500000| Updating 
| 182|0x000000008b600000, 0x000000008b700000, 0x000000008b700000|100%| O|  |TAMS 0x000000008b700000, 0x000000008b600000| Updating 
| 183|0x000000008b700000, 0x000000008b800000, 0x000000008b800000|100%| O|  |TAMS 0x000000008b800000, 0x000000008b700000| Updating 
| 184|0x000000008b800000, 0x000000008b900000, 0x000000008b900000|100%| O|  |TAMS 0x000000008b900000, 0x000000008b800000| Updating 
| 185|0x000000008b900000, 0x000000008ba00000, 0x000000008ba00000|100%| O|  |TAMS 0x000000008ba00000, 0x000000008b900000| Updating 
| 186|0x000000008ba00000, 0x000000008bb00000, 0x000000008bb00000|100%| O|  |TAMS 0x000000008bb00000, 0x000000008ba00000| Updating 
| 187|0x000000008bb00000, 0x000000008bc00000, 0x000000008bc00000|100%| O|  |TAMS 0x000000008bc00000, 0x000000008bb00000| Updating 
| 188|0x000000008bc00000, 0x000000008bd00000, 0x000000008bd00000|100%| O|  |TAMS 0x000000008bd00000, 0x000000008bc00000| Updating 
| 189|0x000000008bd00000, 0x000000008be00000, 0x000000008be00000|100%| O|  |TAMS 0x000000008be00000, 0x000000008bd00000| Updating 
| 190|0x000000008be00000, 0x000000008bf00000, 0x000000008bf00000|100%| O|  |TAMS 0x000000008bf00000, 0x000000008be00000| Updating 
| 191|0x000000008bf00000, 0x000000008c000000, 0x000000008c000000|100%| O|  |TAMS 0x000000008c000000, 0x000000008bf00000| Updating 
| 192|0x000000008c000000, 0x000000008c100000, 0x000000008c100000|100%| O|  |TAMS 0x000000008c100000, 0x000000008c000000| Updating 
| 193|0x000000008c100000, 0x000000008c200000, 0x000000008c200000|100%| O|  |TAMS 0x000000008c200000, 0x000000008c100000| Updating 
| 194|0x000000008c200000, 0x000000008c300000, 0x000000008c300000|100%| O|  |TAMS 0x000000008c300000, 0x000000008c200000| Updating 
| 195|0x000000008c300000, 0x000000008c400000, 0x000000008c400000|100%| O|  |TAMS 0x000000008c400000, 0x000000008c300000| Updating 
| 196|0x000000008c400000, 0x000000008c500000, 0x000000008c500000|100%| O|  |TAMS 0x000000008c500000, 0x000000008c400000| Updating 
| 197|0x000000008c500000, 0x000000008c600000, 0x000000008c600000|100%| O|  |TAMS 0x000000008c600000, 0x000000008c500000| Updating 
| 198|0x000000008c600000, 0x000000008c700000, 0x000000008c700000|100%| O|  |TAMS 0x000000008c700000, 0x000000008c600000| Updating 
| 199|0x000000008c700000, 0x000000008c800000, 0x000000008c800000|100%| O|  |TAMS 0x000000008c800000, 0x000000008c700000| Updating 
| 200|0x000000008c800000, 0x000000008c900000, 0x000000008c900000|100%| O|  |TAMS 0x000000008c900000, 0x000000008c800000| Updating 
| 201|0x000000008c900000, 0x000000008ca00000, 0x000000008ca00000|100%| O|  |TAMS 0x000000008ca00000, 0x000000008c900000| Updating 
| 202|0x000000008ca00000, 0x000000008cb00000, 0x000000008cb00000|100%| O|  |TAMS 0x000000008cb00000, 0x000000008ca00000| Updating 
| 203|0x000000008cb00000, 0x000000008cc00000, 0x000000008cc00000|100%| O|  |TAMS 0x000000008cc00000, 0x000000008cb00000| Updating 
| 204|0x000000008cc00000, 0x000000008cd00000, 0x000000008cd00000|100%| O|  |TAMS 0x000000008cd00000, 0x000000008cc00000| Updating 
| 205|0x000000008cd00000, 0x000000008ce00000, 0x000000008ce00000|100%| O|  |TAMS 0x000000008ce00000, 0x000000008cd00000| Updating 
| 206|0x000000008ce00000, 0x000000008cf00000, 0x000000008cf00000|100%| O|  |TAMS 0x000000008cf00000, 0x000000008ce00000| Updating 
| 207|0x000000008cf00000, 0x000000008d000000, 0x000000008d000000|100%| O|  |TAMS 0x000000008d000000, 0x000000008cf00000| Updating 
| 208|0x000000008d000000, 0x000000008d100000, 0x000000008d100000|100%| O|  |TAMS 0x000000008d100000, 0x000000008d000000| Updating 
| 209|0x000000008d100000, 0x000000008d200000, 0x000000008d200000|100%| O|  |TAMS 0x000000008d200000, 0x000000008d100000| Updating 
| 210|0x000000008d200000, 0x000000008d300000, 0x000000008d300000|100%| O|  |TAMS 0x000000008d300000, 0x000000008d200000| Updating 
| 211|0x000000008d300000, 0x000000008d400000, 0x000000008d400000|100%| O|  |TAMS 0x000000008d400000, 0x000000008d300000| Updating 
| 212|0x000000008d400000, 0x000000008d500000, 0x000000008d500000|100%| O|  |TAMS 0x000000008d500000, 0x000000008d400000| Updating 
| 213|0x000000008d500000, 0x000000008d600000, 0x000000008d600000|100%| O|  |TAMS 0x000000008d600000, 0x000000008d500000| Updating 
| 214|0x000000008d600000, 0x000000008d700000, 0x000000008d700000|100%| O|  |TAMS 0x000000008d700000, 0x000000008d600000| Updating 
| 215|0x000000008d700000, 0x000000008d800000, 0x000000008d800000|100%| O|  |TAMS 0x000000008d800000, 0x000000008d700000| Updating 
| 216|0x000000008d800000, 0x000000008d900000, 0x000000008d900000|100%|HS|  |TAMS 0x000000008d900000, 0x000000008d800000| Complete 
| 217|0x000000008d900000, 0x000000008da00000, 0x000000008da00000|100%|HS|  |TAMS 0x000000008da00000, 0x000000008d900000| Complete 
| 218|0x000000008da00000, 0x000000008db00000, 0x000000008db00000|100%|HS|  |TAMS 0x000000008db00000, 0x000000008da00000| Complete 
| 219|0x000000008db00000, 0x000000008dc00000, 0x000000008dc00000|100%| O|  |TAMS 0x000000008dc00000, 0x000000008db00000| Untracked 
| 220|0x000000008dc00000, 0x000000008dd00000, 0x000000008dd00000|100%| O|  |TAMS 0x000000008dd00000, 0x000000008dc00000| Untracked 
| 221|0x000000008dd00000, 0x000000008de00000, 0x000000008de00000|100%| O|  |TAMS 0x000000008de00000, 0x000000008dd00000| Untracked 
| 222|0x000000008de00000, 0x000000008df00000, 0x000000008df00000|100%| O|  |TAMS 0x000000008df00000, 0x000000008de00000| Untracked 
| 223|0x000000008df00000, 0x000000008e000000, 0x000000008e000000|100%| O|  |TAMS 0x000000008e000000, 0x000000008df00000| Updating 
| 224|0x000000008e000000, 0x000000008e100000, 0x000000008e100000|100%| O|  |TAMS 0x000000008e100000, 0x000000008e000000| Updating 
| 225|0x000000008e100000, 0x000000008e200000, 0x000000008e200000|100%| O|  |TAMS 0x000000008e200000, 0x000000008e100000| Updating 
| 226|0x000000008e200000, 0x000000008e300000, 0x000000008e300000|100%| O|  |TAMS 0x000000008e300000, 0x000000008e200000| Updating 
| 227|0x000000008e300000, 0x000000008e400000, 0x000000008e400000|100%| O|  |TAMS 0x000000008e400000, 0x000000008e300000| Updating 
| 228|0x000000008e400000, 0x000000008e500000, 0x000000008e500000|100%| O|  |TAMS 0x000000008e500000, 0x000000008e400000| Updating 
| 229|0x000000008e500000, 0x000000008e600000, 0x000000008e600000|100%| O|  |TAMS 0x000000008e600000, 0x000000008e500000| Updating 
| 230|0x000000008e600000, 0x000000008e700000, 0x000000008e700000|100%|HS|  |TAMS 0x000000008e700000, 0x000000008e600000| Complete 
| 231|0x000000008e700000, 0x000000008e800000, 0x000000008e800000|100%|HS|  |TAMS 0x000000008e800000, 0x000000008e700000| Complete 
| 232|0x000000008e800000, 0x000000008e900000, 0x000000008e900000|100%|HS|  |TAMS 0x000000008e900000, 0x000000008e800000| Complete 
| 233|0x000000008e900000, 0x000000008ea00000, 0x000000008ea00000|100%|HC|  |TAMS 0x000000008ea00000, 0x000000008e900000| Complete 
| 234|0x000000008ea00000, 0x000000008eb00000, 0x000000008eb00000|100%| O|  |TAMS 0x000000008eb00000, 0x000000008ea00000| Updating 
| 235|0x000000008eb00000, 0x000000008ec00000, 0x000000008ec00000|100%| O|  |TAMS 0x000000008ec00000, 0x000000008eb00000| Updating 
| 236|0x000000008ec00000, 0x000000008ed00000, 0x000000008ed00000|100%| O|  |TAMS 0x000000008ed00000, 0x000000008ec00000| Updating 
| 237|0x000000008ed00000, 0x000000008ee00000, 0x000000008ee00000|100%| O|  |TAMS 0x000000008ee00000, 0x000000008ed00000| Updating 
| 238|0x000000008ee00000, 0x000000008ef00000, 0x000000008ef00000|100%| O|  |TAMS 0x000000008ef00000, 0x000000008ee00000| Updating 
| 239|0x000000008ef00000, 0x000000008f000000, 0x000000008f000000|100%| O|  |TAMS 0x000000008f000000, 0x000000008ef00000| Updating 
| 240|0x000000008f000000, 0x000000008f100000, 0x000000008f100000|100%| O|  |TAMS 0x000000008f100000, 0x000000008f000000| Updating 
| 241|0x000000008f100000, 0x000000008f200000, 0x000000008f200000|100%| O|  |TAMS 0x000000008f200000, 0x000000008f100000| Untracked 
| 242|0x000000008f200000, 0x000000008f300000, 0x000000008f300000|100%| O|  |TAMS 0x000000008f300000, 0x000000008f200000| Updating 
| 243|0x000000008f300000, 0x000000008f400000, 0x000000008f400000|100%| O|  |TAMS 0x000000008f400000, 0x000000008f300000| Untracked 
| 244|0x000000008f400000, 0x000000008f500000, 0x000000008f500000|100%| O|  |TAMS 0x000000008f500000, 0x000000008f400000| Untracked 
| 245|0x000000008f500000, 0x000000008f600000, 0x000000008f600000|100%| O|  |TAMS 0x000000008f600000, 0x000000008f500000| Updating 
| 246|0x000000008f600000, 0x000000008f700000, 0x000000008f700000|100%| O|  |TAMS 0x000000008f700000, 0x000000008f600000| Untracked 
| 247|0x000000008f700000, 0x000000008f800000, 0x000000008f800000|100%| O|  |TAMS 0x000000008f800000, 0x000000008f700000| Updating 
| 248|0x000000008f800000, 0x000000008f900000, 0x000000008f900000|100%| O|  |TAMS 0x000000008f900000, 0x000000008f800000| Updating 
| 249|0x000000008f900000, 0x000000008fa00000, 0x000000008fa00000|100%| O|  |TAMS 0x000000008fa00000, 0x000000008f900000| Updating 
| 250|0x000000008fa00000, 0x000000008fb00000, 0x000000008fb00000|100%| O|  |TAMS 0x000000008fb00000, 0x000000008fa00000| Updating 
| 251|0x000000008fb00000, 0x000000008fc00000, 0x000000008fc00000|100%| O|  |TAMS 0x000000008fc00000, 0x000000008fb00000| Updating 
| 252|0x000000008fc00000, 0x000000008fd00000, 0x000000008fd00000|100%| O|  |TAMS 0x000000008fd00000, 0x000000008fc00000| Updating 
| 253|0x000000008fd00000, 0x000000008fe00000, 0x000000008fe00000|100%| O|  |TAMS 0x000000008fe00000, 0x000000008fd00000| Updating 
| 254|0x000000008fe00000, 0x000000008ff00000, 0x000000008ff00000|100%| O|  |TAMS 0x000000008ff00000, 0x000000008fe00000| Updating 
| 255|0x000000008ff00000, 0x0000000090000000, 0x0000000090000000|100%|HS|  |TAMS 0x0000000090000000, 0x000000008ff00000| Complete 
| 256|0x0000000090000000, 0x0000000090100000, 0x0000000090100000|100%|HS|  |TAMS 0x0000000090100000, 0x0000000090000000| Complete 
| 257|0x0000000090100000, 0x0000000090200000, 0x0000000090200000|100%|HS|  |TAMS 0x0000000090200000, 0x0000000090100000| Complete 
| 258|0x0000000090200000, 0x0000000090300000, 0x0000000090300000|100%| O|  |TAMS 0x0000000090300000, 0x0000000090200000| Untracked 
| 259|0x0000000090300000, 0x0000000090400000, 0x0000000090400000|100%| O|  |TAMS 0x0000000090400000, 0x0000000090300000| Updating 
| 260|0x0000000090400000, 0x0000000090500000, 0x0000000090500000|100%| O|  |TAMS 0x0000000090500000, 0x0000000090400000| Untracked 
| 261|0x0000000090500000, 0x0000000090600000, 0x0000000090600000|100%| O|  |TAMS 0x0000000090600000, 0x0000000090500000| Updating 
| 262|0x0000000090600000, 0x0000000090700000, 0x0000000090700000|100%| O|  |TAMS 0x0000000090700000, 0x0000000090600000| Updating 
| 263|0x0000000090700000, 0x0000000090800000, 0x0000000090800000|100%| O|  |TAMS 0x0000000090800000, 0x0000000090700000| Updating 
| 264|0x0000000090800000, 0x0000000090900000, 0x0000000090900000|100%| O|  |TAMS 0x0000000090900000, 0x0000000090800000| Updating 
| 265|0x0000000090900000, 0x0000000090a00000, 0x0000000090a00000|100%| O|  |TAMS 0x0000000090a00000, 0x0000000090900000| Untracked 
| 266|0x0000000090a00000, 0x0000000090b00000, 0x0000000090b00000|100%| O|  |TAMS 0x0000000090b00000, 0x0000000090a00000| Updating 
| 267|0x0000000090b00000, 0x0000000090c00000, 0x0000000090c00000|100%| O|  |TAMS 0x0000000090c00000, 0x0000000090b00000| Updating 
| 268|0x0000000090c00000, 0x0000000090d00000, 0x0000000090d00000|100%| O|  |TAMS 0x0000000090d00000, 0x0000000090c00000| Updating 
| 269|0x0000000090d00000, 0x0000000090e00000, 0x0000000090e00000|100%| O|  |TAMS 0x0000000090e00000, 0x0000000090d00000| Untracked 
| 270|0x0000000090e00000, 0x0000000090f00000, 0x0000000090f00000|100%| O|  |TAMS 0x0000000090f00000, 0x0000000090e00000| Updating 
| 271|0x0000000090f00000, 0x0000000091000000, 0x0000000091000000|100%| O|  |TAMS 0x0000000091000000, 0x0000000090f00000| Untracked 
| 272|0x0000000091000000, 0x0000000091100000, 0x0000000091100000|100%| O|  |TAMS 0x0000000091100000, 0x0000000091000000| Updating 
| 273|0x0000000091100000, 0x0000000091200000, 0x0000000091200000|100%| O|  |TAMS 0x0000000091200000, 0x0000000091100000| Updating 
| 274|0x0000000091200000, 0x0000000091300000, 0x0000000091300000|100%| O|  |TAMS 0x0000000091300000, 0x0000000091200000| Updating 
| 275|0x0000000091300000, 0x0000000091400000, 0x0000000091400000|100%| O|  |TAMS 0x0000000091400000, 0x0000000091300000| Updating 
| 276|0x0000000091400000, 0x0000000091500000, 0x0000000091500000|100%| O|  |TAMS 0x0000000091500000, 0x0000000091400000| Untracked 
| 277|0x0000000091500000, 0x0000000091600000, 0x0000000091600000|100%| O|  |TAMS 0x0000000091600000, 0x0000000091500000| Untracked 
| 278|0x0000000091600000, 0x0000000091700000, 0x0000000091700000|100%| O|  |TAMS 0x0000000091700000, 0x0000000091600000| Untracked 
| 279|0x0000000091700000, 0x0000000091800000, 0x0000000091800000|100%| O|  |TAMS 0x0000000091800000, 0x0000000091700000| Untracked 
| 280|0x0000000091800000, 0x0000000091900000, 0x0000000091900000|100%| O|  |TAMS 0x0000000091900000, 0x0000000091800000| Untracked 
| 281|0x0000000091900000, 0x0000000091a00000, 0x0000000091a00000|100%| O|  |TAMS 0x0000000091a00000, 0x0000000091900000| Updating 
| 282|0x0000000091a00000, 0x0000000091b00000, 0x0000000091b00000|100%| O|  |TAMS 0x0000000091b00000, 0x0000000091a00000| Untracked 
| 283|0x0000000091b00000, 0x0000000091c00000, 0x0000000091c00000|100%| O|  |TAMS 0x0000000091c00000, 0x0000000091b00000| Untracked 
| 284|0x0000000091c00000, 0x0000000091d00000, 0x0000000091d00000|100%| O|  |TAMS 0x0000000091d00000, 0x0000000091c00000| Untracked 
| 285|0x0000000091d00000, 0x0000000091e00000, 0x0000000091e00000|100%| O|  |TAMS 0x0000000091e00000, 0x0000000091d00000| Updating 
| 286|0x0000000091e00000, 0x0000000091f00000, 0x0000000091f00000|100%| O|  |TAMS 0x0000000091f00000, 0x0000000091e00000| Untracked 
| 287|0x0000000091f00000, 0x0000000092000000, 0x0000000092000000|100%| O|  |TAMS 0x0000000092000000, 0x0000000091f00000| Untracked 
| 288|0x0000000092000000, 0x0000000092100000, 0x0000000092100000|100%| O|  |TAMS 0x0000000092100000, 0x0000000092000000| Untracked 
| 289|0x0000000092100000, 0x0000000092200000, 0x0000000092200000|100%| O|  |TAMS 0x0000000092200000, 0x0000000092100000| Untracked 
| 290|0x0000000092200000, 0x0000000092300000, 0x0000000092300000|100%| O|  |TAMS 0x0000000092300000, 0x0000000092200000| Updating 
| 291|0x0000000092300000, 0x0000000092400000, 0x0000000092400000|100%| O|  |TAMS 0x0000000092400000, 0x0000000092300000| Updating 
| 292|0x0000000092400000, 0x0000000092500000, 0x0000000092500000|100%| O|  |TAMS 0x0000000092500000, 0x0000000092400000| Updating 
| 293|0x0000000092500000, 0x0000000092600000, 0x0000000092600000|100%| O|  |TAMS 0x0000000092600000, 0x0000000092500000| Updating 
| 294|0x0000000092600000, 0x0000000092700000, 0x0000000092700000|100%| O|  |TAMS 0x0000000092700000, 0x0000000092600000| Updating 
| 295|0x0000000092700000, 0x0000000092800000, 0x0000000092800000|100%| O|  |TAMS 0x0000000092800000, 0x0000000092700000| Updating 
| 296|0x0000000092800000, 0x0000000092900000, 0x0000000092900000|100%|HS|  |TAMS 0x0000000092900000, 0x0000000092800000| Complete 
| 297|0x0000000092900000, 0x0000000092a00000, 0x0000000092a00000|100%|HS|  |TAMS 0x0000000092a00000, 0x0000000092900000| Complete 
| 298|0x0000000092a00000, 0x0000000092b00000, 0x0000000092b00000|100%| O|  |TAMS 0x0000000092b00000, 0x0000000092a00000| Untracked 
| 299|0x0000000092b00000, 0x0000000092c00000, 0x0000000092c00000|100%| O|  |TAMS 0x0000000092c00000, 0x0000000092b00000| Updating 
| 300|0x0000000092c00000, 0x0000000092d00000, 0x0000000092d00000|100%| O|  |TAMS 0x0000000092d00000, 0x0000000092c00000| Updating 
| 301|0x0000000092d00000, 0x0000000092e00000, 0x0000000092e00000|100%| O|  |TAMS 0x0000000092e00000, 0x0000000092d00000| Updating 
| 302|0x0000000092e00000, 0x0000000092f00000, 0x0000000092f00000|100%| O|  |TAMS 0x0000000092f00000, 0x0000000092e00000| Untracked 
| 303|0x0000000092f00000, 0x0000000093000000, 0x0000000093000000|100%| O|  |TAMS 0x0000000093000000, 0x0000000092f00000| Updating 
| 304|0x0000000093000000, 0x0000000093100000, 0x0000000093100000|100%| O|  |TAMS 0x0000000093100000, 0x0000000093000000| Updating 
| 305|0x0000000093100000, 0x0000000093200000, 0x0000000093200000|100%| O|  |TAMS 0x0000000093200000, 0x0000000093100000| Updating 
| 306|0x0000000093200000, 0x0000000093300000, 0x0000000093300000|100%| O|  |TAMS 0x0000000093300000, 0x0000000093200000| Updating 
| 307|0x0000000093300000, 0x0000000093400000, 0x0000000093400000|100%| O|  |TAMS 0x0000000093400000, 0x0000000093300000| Updating 
| 308|0x0000000093400000, 0x0000000093500000, 0x0000000093500000|100%| O|  |TAMS 0x0000000093500000, 0x0000000093400000| Updating 
| 309|0x0000000093500000, 0x0000000093600000, 0x0000000093600000|100%| O|  |TAMS 0x0000000093600000, 0x0000000093500000| Updating 
| 310|0x0000000093600000, 0x0000000093700000, 0x0000000093700000|100%| O|  |TAMS 0x0000000093700000, 0x0000000093600000| Updating 
| 311|0x0000000093700000, 0x0000000093800000, 0x0000000093800000|100%| O|  |TAMS 0x0000000093800000, 0x0000000093700000| Updating 
| 312|0x0000000093800000, 0x0000000093900000, 0x0000000093900000|100%| O|  |TAMS 0x0000000093900000, 0x0000000093800000| Updating 
| 313|0x0000000093900000, 0x0000000093a00000, 0x0000000093a00000|100%| O|  |TAMS 0x0000000093a00000, 0x0000000093900000| Updating 
| 314|0x0000000093a00000, 0x0000000093b00000, 0x0000000093b00000|100%| O|  |TAMS 0x0000000093b00000, 0x0000000093a00000| Updating 
| 315|0x0000000093b00000, 0x0000000093c00000, 0x0000000093c00000|100%| O|  |TAMS 0x0000000093c00000, 0x0000000093b00000| Updating 
| 316|0x0000000093c00000, 0x0000000093d00000, 0x0000000093d00000|100%| O|  |TAMS 0x0000000093d00000, 0x0000000093c00000| Updating 
| 317|0x0000000093d00000, 0x0000000093e00000, 0x0000000093e00000|100%| O|  |TAMS 0x0000000093e00000, 0x0000000093d00000| Updating 
| 318|0x0000000093e00000, 0x0000000093f00000, 0x0000000093f00000|100%|HS|  |TAMS 0x0000000093f00000, 0x0000000093e00000| Complete 
| 319|0x0000000093f00000, 0x0000000094000000, 0x0000000094000000|100%|HS|  |TAMS 0x0000000094000000, 0x0000000093f00000| Complete 
| 320|0x0000000094000000, 0x0000000094100000, 0x0000000094100000|100%| O|  |TAMS 0x0000000094100000, 0x0000000094000000| Updating 
| 321|0x0000000094100000, 0x0000000094200000, 0x0000000094200000|100%| O|  |TAMS 0x0000000094200000, 0x0000000094100000| Updating 
| 322|0x0000000094200000, 0x0000000094300000, 0x0000000094300000|100%| O|  |TAMS 0x0000000094300000, 0x0000000094200000| Updating 
| 323|0x0000000094300000, 0x0000000094400000, 0x0000000094400000|100%| O|  |TAMS 0x0000000094400000, 0x0000000094300000| Untracked 
| 324|0x0000000094400000, 0x0000000094500000, 0x0000000094500000|100%| O|  |TAMS 0x0000000094500000, 0x0000000094400000| Updating 
| 325|0x0000000094500000, 0x0000000094600000, 0x0000000094600000|100%| O|  |TAMS 0x0000000094600000, 0x0000000094500000| Untracked 
| 326|0x0000000094600000, 0x0000000094700000, 0x0000000094700000|100%| O|  |TAMS 0x0000000094700000, 0x0000000094600000| Updating 
| 327|0x0000000094700000, 0x0000000094800000, 0x0000000094800000|100%| O|  |TAMS 0x0000000094800000, 0x0000000094700000| Updating 
| 328|0x0000000094800000, 0x0000000094900000, 0x0000000094900000|100%| O|  |TAMS 0x0000000094900000, 0x0000000094800000| Updating 
| 329|0x0000000094900000, 0x0000000094a00000, 0x0000000094a00000|100%| O|  |TAMS 0x0000000094a00000, 0x0000000094900000| Updating 
| 330|0x0000000094a00000, 0x0000000094b00000, 0x0000000094b00000|100%| O|  |TAMS 0x0000000094b00000, 0x0000000094a00000| Updating 
| 331|0x0000000094b00000, 0x0000000094c00000, 0x0000000094c00000|100%| O|  |TAMS 0x0000000094c00000, 0x0000000094b00000| Updating 
| 332|0x0000000094c00000, 0x0000000094d00000, 0x0000000094d00000|100%| O|  |TAMS 0x0000000094d00000, 0x0000000094c00000| Updating 
| 333|0x0000000094d00000, 0x0000000094e00000, 0x0000000094e00000|100%| O|  |TAMS 0x0000000094e00000, 0x0000000094d00000| Updating 
| 334|0x0000000094e00000, 0x0000000094f00000, 0x0000000094f00000|100%|HS|  |TAMS 0x0000000094f00000, 0x0000000094e00000| Complete 
| 335|0x0000000094f00000, 0x0000000095000000, 0x0000000095000000|100%| O|  |TAMS 0x0000000095000000, 0x0000000094f00000| Untracked 
| 336|0x0000000095000000, 0x0000000095100000, 0x0000000095100000|100%| O|  |TAMS 0x0000000095100000, 0x0000000095000000| Updating 
| 337|0x0000000095100000, 0x0000000095200000, 0x0000000095200000|100%| O|  |TAMS 0x0000000095200000, 0x0000000095100000| Updating 
| 338|0x0000000095200000, 0x0000000095300000, 0x0000000095300000|100%| O|  |TAMS 0x0000000095300000, 0x0000000095200000| Updating 
| 339|0x0000000095300000, 0x0000000095400000, 0x0000000095400000|100%| O|  |TAMS 0x0000000095400000, 0x0000000095300000| Updating 
| 340|0x0000000095400000, 0x0000000095500000, 0x0000000095500000|100%| O|  |TAMS 0x0000000095500000, 0x0000000095400000| Updating 
| 341|0x0000000095500000, 0x0000000095600000, 0x0000000095600000|100%| O|  |TAMS 0x0000000095600000, 0x0000000095500000| Updating 
| 342|0x0000000095600000, 0x0000000095700000, 0x0000000095700000|100%| O|  |TAMS 0x0000000095700000, 0x0000000095600000| Updating 
| 343|0x0000000095700000, 0x0000000095800000, 0x0000000095800000|100%| O|  |TAMS 0x0000000095800000, 0x0000000095700000| Updating 
| 344|0x0000000095800000, 0x0000000095900000, 0x0000000095900000|100%| O|  |TAMS 0x0000000095900000, 0x0000000095800000| Updating 
| 345|0x0000000095900000, 0x0000000095a00000, 0x0000000095a00000|100%| O|  |TAMS 0x0000000095a00000, 0x0000000095900000| Updating 
| 346|0x0000000095a00000, 0x0000000095b00000, 0x0000000095b00000|100%| O|  |TAMS 0x0000000095b00000, 0x0000000095a00000| Updating 
| 347|0x0000000095b00000, 0x0000000095c00000, 0x0000000095c00000|100%| O|  |TAMS 0x0000000095c00000, 0x0000000095b00000| Updating 
| 348|0x0000000095c00000, 0x0000000095d00000, 0x0000000095d00000|100%| O|  |TAMS 0x0000000095d00000, 0x0000000095c00000| Updating 
| 349|0x0000000095d00000, 0x0000000095e00000, 0x0000000095e00000|100%| O|  |TAMS 0x0000000095e00000, 0x0000000095d00000| Updating 
| 350|0x0000000095e00000, 0x0000000095f00000, 0x0000000095f00000|100%| O|  |TAMS 0x0000000095f00000, 0x0000000095e00000| Updating 
| 351|0x0000000095f00000, 0x0000000096000000, 0x0000000096000000|100%| O|  |TAMS 0x0000000096000000, 0x0000000095f00000| Updating 
| 352|0x0000000096000000, 0x0000000096100000, 0x0000000096100000|100%| O|  |TAMS 0x0000000096100000, 0x0000000096000000| Updating 
| 353|0x0000000096100000, 0x0000000096200000, 0x0000000096200000|100%| O|  |TAMS 0x0000000096200000, 0x0000000096100000| Updating 
| 354|0x0000000096200000, 0x0000000096300000, 0x0000000096300000|100%| O|  |TAMS 0x0000000096300000, 0x0000000096200000| Updating 
| 355|0x0000000096300000, 0x0000000096400000, 0x0000000096400000|100%| O|  |TAMS 0x0000000096400000, 0x0000000096300000| Updating 
| 356|0x0000000096400000, 0x0000000096500000, 0x0000000096500000|100%| O|  |TAMS 0x0000000096500000, 0x0000000096400000| Updating 
| 357|0x0000000096500000, 0x0000000096600000, 0x0000000096600000|100%| O|  |TAMS 0x0000000096600000, 0x0000000096500000| Updating 
| 358|0x0000000096600000, 0x0000000096700000, 0x0000000096700000|100%| O|  |TAMS 0x0000000096700000, 0x0000000096600000| Updating 
| 359|0x0000000096700000, 0x0000000096800000, 0x0000000096800000|100%| O|  |TAMS 0x0000000096800000, 0x0000000096700000| Updating 
| 360|0x0000000096800000, 0x0000000096900000, 0x0000000096900000|100%| O|  |TAMS 0x0000000096900000, 0x0000000096800000| Updating 
| 361|0x0000000096900000, 0x0000000096a00000, 0x0000000096a00000|100%| O|  |TAMS 0x0000000096a00000, 0x0000000096900000| Updating 
| 362|0x0000000096a00000, 0x0000000096b00000, 0x0000000096b00000|100%| O|  |TAMS 0x0000000096b00000, 0x0000000096a00000| Updating 
| 363|0x0000000096b00000, 0x0000000096c00000, 0x0000000096c00000|100%| O|  |TAMS 0x0000000096c00000, 0x0000000096b00000| Updating 
| 364|0x0000000096c00000, 0x0000000096d00000, 0x0000000096d00000|100%| O|  |TAMS 0x0000000096d00000, 0x0000000096c00000| Updating 
| 365|0x0000000096d00000, 0x0000000096d00000, 0x0000000096e00000|  0%| F|  |TAMS 0x0000000096d00000, 0x0000000096d00000| Untracked 
| 366|0x0000000096e00000, 0x0000000096e00000, 0x0000000096f00000|  0%| F|  |TAMS 0x0000000096e00000, 0x0000000096e00000| Untracked 
| 367|0x0000000096f00000, 0x0000000096f00000, 0x0000000097000000|  0%| F|  |TAMS 0x0000000096f00000, 0x0000000096f00000| Untracked 
| 368|0x0000000097000000, 0x0000000097000000, 0x0000000097100000|  0%| F|  |TAMS 0x0000000097000000, 0x0000000097000000| Untracked 
| 369|0x0000000097100000, 0x0000000097200000, 0x0000000097200000|100%| O|  |TAMS 0x0000000097200000, 0x0000000097100000| Updating 
| 370|0x0000000097200000, 0x0000000097300000, 0x0000000097300000|100%| O|  |TAMS 0x0000000097300000, 0x0000000097200000| Updating 
| 371|0x0000000097300000, 0x0000000097400000, 0x0000000097400000|100%| O|  |TAMS 0x0000000097400000, 0x0000000097300000| Updating 
| 372|0x0000000097400000, 0x0000000097500000, 0x0000000097500000|100%| O|  |TAMS 0x0000000097500000, 0x0000000097400000| Updating 
| 373|0x0000000097500000, 0x0000000097500000, 0x0000000097600000|  0%| F|  |TAMS 0x0000000097500000, 0x0000000097500000| Untracked 
| 374|0x0000000097600000, 0x0000000097600000, 0x0000000097700000|  0%| F|  |TAMS 0x0000000097600000, 0x0000000097600000| Untracked 
| 375|0x0000000097700000, 0x0000000097800000, 0x0000000097800000|100%| O|  |TAMS 0x0000000097800000, 0x0000000097700000| Updating 
| 376|0x0000000097800000, 0x0000000097900000, 0x0000000097900000|100%| O|  |TAMS 0x0000000097900000, 0x0000000097800000| Updating 
| 377|0x0000000097900000, 0x0000000097a00000, 0x0000000097a00000|100%| O|  |TAMS 0x0000000097a00000, 0x0000000097900000| Updating 
| 378|0x0000000097a00000, 0x0000000097b00000, 0x0000000097b00000|100%| O|  |TAMS 0x0000000097b00000, 0x0000000097a00000| Updating 
| 379|0x0000000097b00000, 0x0000000097c00000, 0x0000000097c00000|100%| O|  |TAMS 0x0000000097c00000, 0x0000000097b00000| Updating 
| 380|0x0000000097c00000, 0x0000000097d00000, 0x0000000097d00000|100%| O|  |TAMS 0x0000000097d00000, 0x0000000097c00000| Updating 
| 381|0x0000000097d00000, 0x0000000097d00000, 0x0000000097e00000|  0%| F|  |TAMS 0x0000000097d00000, 0x0000000097d00000| Untracked 
| 382|0x0000000097e00000, 0x0000000097f00000, 0x0000000097f00000|100%| O|  |TAMS 0x0000000097f00000, 0x0000000097e00000| Updating 
| 383|0x0000000097f00000, 0x0000000098000000, 0x0000000098000000|100%| O|  |TAMS 0x0000000098000000, 0x0000000097f00000| Updating 
| 384|0x0000000098000000, 0x0000000098100000, 0x0000000098100000|100%| O|  |TAMS 0x0000000098100000, 0x0000000098000000| Updating 
| 385|0x0000000098100000, 0x0000000098100000, 0x0000000098200000|  0%| F|  |TAMS 0x0000000098100000, 0x0000000098100000| Untracked 
| 386|0x0000000098200000, 0x0000000098200000, 0x0000000098300000|  0%| F|  |TAMS 0x0000000098200000, 0x0000000098200000| Untracked 
| 387|0x0000000098300000, 0x0000000098300000, 0x0000000098400000|  0%| F|  |TAMS 0x0000000098300000, 0x0000000098300000| Untracked 
| 388|0x0000000098400000, 0x0000000098500000, 0x0000000098500000|100%| O|  |TAMS 0x0000000098500000, 0x0000000098400000| Updating 
| 389|0x0000000098500000, 0x0000000098600000, 0x0000000098600000|100%| O|  |TAMS 0x0000000098600000, 0x0000000098500000| Updating 
| 390|0x0000000098600000, 0x0000000098700000, 0x0000000098700000|100%| O|  |TAMS 0x0000000098700000, 0x0000000098600000| Updating 
| 391|0x0000000098700000, 0x0000000098800000, 0x0000000098800000|100%| O|  |TAMS 0x0000000098800000, 0x0000000098700000| Updating 
| 392|0x0000000098800000, 0x0000000098800000, 0x0000000098900000|  0%| F|  |TAMS 0x0000000098800000, 0x0000000098800000| Untracked 
| 393|0x0000000098900000, 0x0000000098900000, 0x0000000098a00000|  0%| F|  |TAMS 0x0000000098900000, 0x0000000098900000| Untracked 
| 394|0x0000000098a00000, 0x0000000098a00000, 0x0000000098b00000|  0%| F|  |TAMS 0x0000000098a00000, 0x0000000098a00000| Untracked 
| 395|0x0000000098b00000, 0x0000000098c00000, 0x0000000098c00000|100%| O|  |TAMS 0x0000000098c00000, 0x0000000098b00000| Updating 
| 396|0x0000000098c00000, 0x0000000098d00000, 0x0000000098d00000|100%| O|  |TAMS 0x0000000098d00000, 0x0000000098c00000| Updating 
| 397|0x0000000098d00000, 0x0000000098e00000, 0x0000000098e00000|100%| O|  |TAMS 0x0000000098e00000, 0x0000000098d00000| Updating 
| 398|0x0000000098e00000, 0x0000000098e00000, 0x0000000098f00000|  0%| F|  |TAMS 0x0000000098e00000, 0x0000000098e00000| Untracked 
| 399|0x0000000098f00000, 0x0000000098f00000, 0x0000000099000000|  0%| F|  |TAMS 0x0000000098f00000, 0x0000000098f00000| Untracked 
| 400|0x0000000099000000, 0x0000000099000000, 0x0000000099100000|  0%| F|  |TAMS 0x0000000099000000, 0x0000000099000000| Untracked 
| 401|0x0000000099100000, 0x0000000099100000, 0x0000000099200000|  0%| F|  |TAMS 0x0000000099100000, 0x0000000099100000| Untracked 
| 402|0x0000000099200000, 0x0000000099300000, 0x0000000099300000|100%| O|  |TAMS 0x0000000099300000, 0x0000000099200000| Updating 
| 403|0x0000000099300000, 0x0000000099400000, 0x0000000099400000|100%| O|  |TAMS 0x0000000099400000, 0x0000000099300000| Updating 
| 404|0x0000000099400000, 0x0000000099500000, 0x0000000099500000|100%| O|  |TAMS 0x0000000099500000, 0x0000000099400000| Updating 
| 405|0x0000000099500000, 0x0000000099600000, 0x0000000099600000|100%| O|  |TAMS 0x0000000099600000, 0x0000000099500000| Updating 
| 406|0x0000000099600000, 0x0000000099700000, 0x0000000099700000|100%| O|  |TAMS 0x0000000099700000, 0x0000000099600000| Updating 
| 407|0x0000000099700000, 0x0000000099800000, 0x0000000099800000|100%| O|  |TAMS 0x0000000099800000, 0x0000000099700000| Updating 
| 408|0x0000000099800000, 0x0000000099900000, 0x0000000099900000|100%| O|  |TAMS 0x0000000099900000, 0x0000000099800000| Updating 
| 409|0x0000000099900000, 0x0000000099900000, 0x0000000099a00000|  0%| F|  |TAMS 0x0000000099900000, 0x0000000099900000| Untracked 
| 410|0x0000000099a00000, 0x0000000099b00000, 0x0000000099b00000|100%| O|  |TAMS 0x0000000099b00000, 0x0000000099a00000| Updating 
| 411|0x0000000099b00000, 0x0000000099c00000, 0x0000000099c00000|100%| O|  |TAMS 0x0000000099c00000, 0x0000000099b00000| Updating 
| 412|0x0000000099c00000, 0x0000000099c00000, 0x0000000099d00000|  0%| F|  |TAMS 0x0000000099c00000, 0x0000000099c00000| Untracked 
| 413|0x0000000099d00000, 0x0000000099e00000, 0x0000000099e00000|100%| O|  |TAMS 0x0000000099e00000, 0x0000000099d00000| Updating 
| 414|0x0000000099e00000, 0x0000000099f00000, 0x0000000099f00000|100%| O|  |TAMS 0x0000000099f00000, 0x0000000099e00000| Updating 
| 415|0x0000000099f00000, 0x000000009a000000, 0x000000009a000000|100%| O|  |TAMS 0x000000009a000000, 0x0000000099f00000| Untracked 
| 416|0x000000009a000000, 0x000000009a100000, 0x000000009a100000|100%| O|  |TAMS 0x000000009a100000, 0x000000009a000000| Updating 
| 417|0x000000009a100000, 0x000000009a200000, 0x000000009a200000|100%| O|  |TAMS 0x000000009a200000, 0x000000009a100000| Updating 
| 418|0x000000009a200000, 0x000000009a300000, 0x000000009a300000|100%| O|  |TAMS 0x000000009a300000, 0x000000009a200000| Updating 
| 419|0x000000009a300000, 0x000000009a400000, 0x000000009a400000|100%| O|  |TAMS 0x000000009a400000, 0x000000009a300000| Untracked 
| 420|0x000000009a400000, 0x000000009a500000, 0x000000009a500000|100%| O|  |TAMS 0x000000009a500000, 0x000000009a400000| Updating 
| 421|0x000000009a500000, 0x000000009a600000, 0x000000009a600000|100%| O|  |TAMS 0x000000009a600000, 0x000000009a500000| Updating 
| 422|0x000000009a600000, 0x000000009a700000, 0x000000009a700000|100%| O|  |TAMS 0x000000009a700000, 0x000000009a600000| Updating 
| 423|0x000000009a700000, 0x000000009a800000, 0x000000009a800000|100%| O|  |TAMS 0x000000009a76d200, 0x000000009a700000| Updating 
| 424|0x000000009a800000, 0x000000009a900000, 0x000000009a900000|100%| O|  |TAMS 0x000000009a800000, 0x000000009a800000| Untracked 
| 425|0x000000009a900000, 0x000000009aa00000, 0x000000009aa00000|100%| O|  |TAMS 0x000000009a900000, 0x000000009a900000| Untracked 
| 426|0x000000009aa00000, 0x000000009aa2e000, 0x000000009ab00000| 17%| O|  |TAMS 0x000000009aa00000, 0x000000009aa00000| Updating 
| 427|0x000000009ab00000, 0x000000009ab00000, 0x000000009ac00000|  0%| F|  |TAMS 0x000000009ab00000, 0x000000009ab00000| Untracked 
| 428|0x000000009ac00000, 0x000000009ac00000, 0x000000009ad00000|  0%| F|  |TAMS 0x000000009ac00000, 0x000000009ac00000| Untracked 
| 429|0x000000009ad00000, 0x000000009ad00000, 0x000000009ae00000|  0%| F|  |TAMS 0x000000009ad00000, 0x000000009ad00000| Untracked 
| 430|0x000000009ae00000, 0x000000009ae00000, 0x000000009af00000|  0%| F|  |TAMS 0x000000009ae00000, 0x000000009ae00000| Untracked 
| 431|0x000000009af00000, 0x000000009af00000, 0x000000009b000000|  0%| F|  |TAMS 0x000000009af00000, 0x000000009af00000| Untracked 
| 432|0x000000009b000000, 0x000000009b000000, 0x000000009b100000|  0%| F|  |TAMS 0x000000009b000000, 0x000000009b000000| Untracked 
| 433|0x000000009b100000, 0x000000009b100000, 0x000000009b200000|  0%| F|  |TAMS 0x000000009b100000, 0x000000009b100000| Untracked 
| 434|0x000000009b200000, 0x000000009b200000, 0x000000009b300000|  0%| F|  |TAMS 0x000000009b200000, 0x000000009b200000| Untracked 
| 435|0x000000009b300000, 0x000000009b300000, 0x000000009b400000|  0%| F|  |TAMS 0x000000009b300000, 0x000000009b300000| Untracked 
| 436|0x000000009b400000, 0x000000009b400000, 0x000000009b500000|  0%| F|  |TAMS 0x000000009b400000, 0x000000009b400000| Untracked 
| 437|0x000000009b500000, 0x000000009b500000, 0x000000009b600000|  0%| F|  |TAMS 0x000000009b500000, 0x000000009b500000| Untracked 
| 438|0x000000009b600000, 0x000000009b600000, 0x000000009b700000|  0%| F|  |TAMS 0x000000009b600000, 0x000000009b600000| Untracked 
| 439|0x000000009b700000, 0x000000009b700000, 0x000000009b800000|  0%| F|  |TAMS 0x000000009b700000, 0x000000009b700000| Untracked 
| 440|0x000000009b800000, 0x000000009b800000, 0x000000009b900000|  0%| F|  |TAMS 0x000000009b800000, 0x000000009b800000| Untracked 
| 441|0x000000009b900000, 0x000000009b900000, 0x000000009ba00000|  0%| F|  |TAMS 0x000000009b900000, 0x000000009b900000| Untracked 
| 442|0x000000009ba00000, 0x000000009ba00000, 0x000000009bb00000|  0%| F|  |TAMS 0x000000009ba00000, 0x000000009ba00000| Untracked 
| 443|0x000000009bb00000, 0x000000009bb00000, 0x000000009bc00000|  0%| F|  |TAMS 0x000000009bb00000, 0x000000009bb00000| Untracked 
| 444|0x000000009bc00000, 0x000000009bc00000, 0x000000009bd00000|  0%| F|  |TAMS 0x000000009bc00000, 0x000000009bc00000| Untracked 
| 445|0x000000009bd00000, 0x000000009bd00000, 0x000000009be00000|  0%| F|  |TAMS 0x000000009bd00000, 0x000000009bd00000| Untracked 
| 446|0x000000009be00000, 0x000000009be00000, 0x000000009bf00000|  0%| F|  |TAMS 0x000000009be00000, 0x000000009be00000| Untracked 
| 447|0x000000009bf00000, 0x000000009bf00000, 0x000000009c000000|  0%| F|  |TAMS 0x000000009bf00000, 0x000000009bf00000| Untracked 
| 448|0x000000009c000000, 0x000000009c000000, 0x000000009c100000|  0%| F|  |TAMS 0x000000009c000000, 0x000000009c000000| Untracked 
| 449|0x000000009c100000, 0x000000009c100000, 0x000000009c200000|  0%| F|  |TAMS 0x000000009c100000, 0x000000009c100000| Untracked 
| 450|0x000000009c200000, 0x000000009c200000, 0x000000009c300000|  0%| F|  |TAMS 0x000000009c200000, 0x000000009c200000| Untracked 
| 451|0x000000009c300000, 0x000000009c300000, 0x000000009c400000|  0%| F|  |TAMS 0x000000009c300000, 0x000000009c300000| Untracked 
| 452|0x000000009c400000, 0x000000009c400000, 0x000000009c500000|  0%| F|  |TAMS 0x000000009c400000, 0x000000009c400000| Untracked 
| 453|0x000000009c500000, 0x000000009c500000, 0x000000009c600000|  0%| F|  |TAMS 0x000000009c500000, 0x000000009c500000| Untracked 
| 454|0x000000009c600000, 0x000000009c600000, 0x000000009c700000|  0%| F|  |TAMS 0x000000009c600000, 0x000000009c600000| Untracked 
| 455|0x000000009c700000, 0x000000009c700000, 0x000000009c800000|  0%| F|  |TAMS 0x000000009c700000, 0x000000009c700000| Untracked 
| 456|0x000000009c800000, 0x000000009c800000, 0x000000009c900000|  0%| F|  |TAMS 0x000000009c800000, 0x000000009c800000| Untracked 
| 457|0x000000009c900000, 0x000000009c900000, 0x000000009ca00000|  0%| F|  |TAMS 0x000000009c900000, 0x000000009c900000| Untracked 
| 458|0x000000009ca00000, 0x000000009ca00000, 0x000000009cb00000|  0%| F|  |TAMS 0x000000009ca00000, 0x000000009ca00000| Untracked 
| 459|0x000000009cb00000, 0x000000009cb00000, 0x000000009cc00000|  0%| F|  |TAMS 0x000000009cb00000, 0x000000009cb00000| Untracked 
| 460|0x000000009cc00000, 0x000000009cc00000, 0x000000009cd00000|  0%| F|  |TAMS 0x000000009cc00000, 0x000000009cc00000| Untracked 
| 461|0x000000009cd00000, 0x000000009ce00000, 0x000000009ce00000|100%| S|CS|TAMS 0x000000009cd00000, 0x000000009cd00000| Complete 
| 462|0x000000009ce00000, 0x000000009cf00000, 0x000000009cf00000|100%| S|CS|TAMS 0x000000009ce00000, 0x000000009ce00000| Complete 
| 463|0x000000009cf00000, 0x000000009cf00000, 0x000000009d000000|  0%| F|  |TAMS 0x000000009cf00000, 0x000000009cf00000| Untracked 
| 464|0x000000009d000000, 0x000000009d000000, 0x000000009d100000|  0%| F|  |TAMS 0x000000009d000000, 0x000000009d000000| Untracked 
| 465|0x000000009d100000, 0x000000009d200000, 0x000000009d200000|100%| S|CS|TAMS 0x000000009d100000, 0x000000009d100000| Complete 
| 466|0x000000009d200000, 0x000000009d200000, 0x000000009d300000|  0%| F|  |TAMS 0x000000009d200000, 0x000000009d200000| Untracked 
| 467|0x000000009d300000, 0x000000009d351270, 0x000000009d400000| 31%| E|  |TAMS 0x000000009d300000, 0x000000009d300000| Complete 
| 468|0x000000009d400000, 0x000000009d500000, 0x000000009d500000|100%| E|CS|TAMS 0x000000009d400000, 0x000000009d400000| Complete 
| 469|0x000000009d500000, 0x000000009d600000, 0x000000009d600000|100%| E|CS|TAMS 0x000000009d500000, 0x000000009d500000| Complete 
| 470|0x000000009d600000, 0x000000009d700000, 0x000000009d700000|100%| E|CS|TAMS 0x000000009d600000, 0x000000009d600000| Complete 
| 471|0x000000009d700000, 0x000000009d800000, 0x000000009d800000|100%| E|CS|TAMS 0x000000009d700000, 0x000000009d700000| Complete 
| 472|0x000000009d800000, 0x000000009d900000, 0x000000009d900000|100%| E|CS|TAMS 0x000000009d800000, 0x000000009d800000| Complete 
| 473|0x000000009d900000, 0x000000009da00000, 0x000000009da00000|100%| E|CS|TAMS 0x000000009d900000, 0x000000009d900000| Complete 
| 474|0x000000009da00000, 0x000000009db00000, 0x000000009db00000|100%| E|CS|TAMS 0x000000009da00000, 0x000000009da00000| Complete 
| 475|0x000000009db00000, 0x000000009dc00000, 0x000000009dc00000|100%| E|CS|TAMS 0x000000009db00000, 0x000000009db00000| Complete 
| 476|0x000000009dc00000, 0x000000009dd00000, 0x000000009dd00000|100%| E|CS|TAMS 0x000000009dc00000, 0x000000009dc00000| Complete 
| 477|0x000000009dd00000, 0x000000009de00000, 0x000000009de00000|100%| E|CS|TAMS 0x000000009dd00000, 0x000000009dd00000| Complete 
| 478|0x000000009de00000, 0x000000009df00000, 0x000000009df00000|100%| E|CS|TAMS 0x000000009de00000, 0x000000009de00000| Complete 
| 479|0x000000009df00000, 0x000000009e000000, 0x000000009e000000|100%| E|CS|TAMS 0x000000009df00000, 0x000000009df00000| Complete 
| 480|0x000000009e000000, 0x000000009e100000, 0x000000009e100000|100%| E|CS|TAMS 0x000000009e000000, 0x000000009e000000| Complete 
| 481|0x000000009e100000, 0x000000009e200000, 0x000000009e200000|100%| E|CS|TAMS 0x000000009e100000, 0x000000009e100000| Complete 
| 482|0x000000009e200000, 0x000000009e300000, 0x000000009e300000|100%| E|CS|TAMS 0x000000009e200000, 0x000000009e200000| Complete 
| 483|0x000000009e300000, 0x000000009e400000, 0x000000009e400000|100%| E|CS|TAMS 0x000000009e300000, 0x000000009e300000| Complete 
| 484|0x000000009e400000, 0x000000009e500000, 0x000000009e500000|100%| E|CS|TAMS 0x000000009e400000, 0x000000009e400000| Complete 
| 485|0x000000009e500000, 0x000000009e600000, 0x000000009e600000|100%| E|CS|TAMS 0x000000009e500000, 0x000000009e500000| Complete 
| 486|0x000000009e600000, 0x000000009e700000, 0x000000009e700000|100%| E|CS|TAMS 0x000000009e600000, 0x000000009e600000| Complete 

Card table byte_map: [0x000002a2f3d30000,0x000002a2f4130000] _byte_map_base: 0x000002a2f3930000

Marking Bits (Prev, Next): (CMBitMap*) 0x000002a2dcb1d360, (CMBitMap*) 0x000002a2dcb1d320
 Prev Bits: [0x000002a2f6530000, 0x000002a2f8530000)
 Next Bits: [0x000002a2f4530000, 0x000002a2f6530000)

Polling page: 0x000002a2da9c0000

Metaspace:

Usage:
  Non-class:    124.77 MB used.
      Class:     19.50 MB used.
       Both:    144.27 MB used.

Virtual space:
  Non-class space:      128.00 MB reserved,     126.50 MB ( 99%) committed,  2 nodes.
      Class space:      412.00 MB reserved,      21.19 MB (  5%) committed,  1 nodes.
             Both:      540.00 MB reserved,     147.69 MB ( 27%) committed. 

Chunk freelists:
   Non-Class:  1.45 MB
       Class:  2.73 MB
        Both:  4.18 MB

MaxMetaspaceSize: 512.00 MB
CompressedClassSpaceSize: 412.00 MB
Initial GC threshold: 21.00 MB
Current GC threshold: 182.94 MB
CDS: on
MetaspaceReclaimPolicy: balanced
 - commit_granule_bytes: 65536.
 - commit_granule_words: 8192.
 - virtual_space_node_default_size: 8388608.
 - enlarge_chunks_in_place: 1.
 - new_chunks_are_fully_committed: 0.
 - uncommit_free_chunks: 1.
 - use_allocation_guard: 0.


Internal statistics:

num_allocs_failed_limit: 9.
num_arena_births: 5532.
num_arena_deaths: 44.
num_vsnodes_births: 3.
num_vsnodes_deaths: 0.
num_space_committed: 2361.
num_space_uncommitted: 0.
num_chunks_returned_to_freelist: 75.
num_chunks_taken_from_freelist: 13129.
num_chunk_merges: 10.
num_chunk_splits: 8417.
num_chunks_enlarged: 5211.
num_inconsistent_stats: 0.

CodeHeap 'non-profiled nmethods': size=120000Kb used=15244Kb max_used=15244Kb free=104755Kb
 bounds [0x000002a2ebeb0000, 0x000002a2ecda0000, 0x000002a2f33e0000]
CodeHeap 'profiled nmethods': size=120000Kb used=36247Kb max_used=37230Kb free=83752Kb
 bounds [0x000002a2e4980000, 0x000002a2e6de0000, 0x000002a2ebeb0000]
CodeHeap 'non-nmethods': size=5760Kb used=2490Kb max_used=2548Kb free=3269Kb
 bounds [0x000002a2e43e0000, 0x000002a2e4670000, 0x000002a2e4980000]
 total_blobs=20501 nmethods=19477 adapters=934
 compilation: enabled
              stopped_count=0, restarted_count=0
 full_count=0

Compilation events (20 events):
Event: 60.531 Thread 0x000002a2fa904ae0 nmethod 24509 0x000002a2ecd91e10 code [0x000002a2ecd91fa0, 0x000002a2ecd920b8]
Event: 60.532 Thread 0x000002a2fa900940 nmethod 24502 0x000002a2ecd92110 code [0x000002a2ecd922a0, 0x000002a2ecd92678]
Event: 60.532 Thread 0x000002a2fa904ae0 24510       1       org.gradle.api.internal.artifacts.ivyservice.resolveengine.ComponentResolversChain::getArtifactResolver (5 bytes)
Event: 60.533 Thread 0x000002a2fa904ae0 nmethod 24510 0x000002a2ecd92890 code [0x000002a2ecd92a20, 0x000002a2ecd92af8]
Event: 60.533 Thread 0x000002a2fa904ae0 24511       1       org.gradle.api.internal.artifacts.ivyservice.ResolutionParameters::getConfigurationIdentity (5 bytes)
Event: 60.533 Thread 0x000002a2fa904ae0 nmethod 24511 0x000002a2ecd92b90 code [0x000002a2ecd92d20, 0x000002a2ecd92df8]
Event: 60.534 Thread 0x000002a2fa900940 24512       4       org.gradle.internal.logging.slf4j.BuildOperationAwareLogger::debug (19 bytes)
Event: 60.536 Thread 0x000002a2fa904ae0 24513       3       org.gradle.internal.work.DefaultWorkerLeaseService::assertAllLocked (19 bytes)
Event: 60.536 Thread 0x000002a2fa904ae0 nmethod 24513 0x000002a2e5fb5490 code [0x000002a2e5fb5640, 0x000002a2e5fb5878]
Event: 60.536 Thread 0x000002a2fa904ae0 24515       3       org.gradle.util.internal.CollectionUtils::every (40 bytes)
Event: 60.536 Thread 0x000002a2fa900940 nmethod 24512 0x000002a2ecd92e90 code [0x000002a2ecd93020, 0x000002a2ecd93188]
Event: 60.536 Thread 0x000002a2fa904ae0 nmethod 24515 0x000002a2e5e0fd10 code [0x000002a2e5e0ff00, 0x000002a2e5e10438]
Event: 60.536 Thread 0x000002a2fa904ae0 24514       3       org.gradle.internal.work.DefaultWorkerLeaseService::allLockedByCurrentThread (25 bytes)
Event: 60.537 Thread 0x000002a2fa904ae0 nmethod 24514 0x000002a2e55b9510 code [0x000002a2e55b96e0, 0x000002a2e55b9b68]
Event: 60.539 Thread 0x000002a2fa904ae0 24516       3       org.gradle.util.internal.GUtil::getOrDefault (18 bytes)
Event: 60.539 Thread 0x000002a2fa904ae0 nmethod 24516 0x000002a2e602db90 code [0x000002a2e602dd40, 0x000002a2e602df98]
Event: 60.539 Thread 0x000002a2fa904ae0 24517       3       org.gradle.internal.component.local.model.DefaultLocalVariantGraphResolveState$OverrideComponentIdArtifactSetIdentifier::hashCode (23 bytes)
Event: 60.539 Thread 0x000002a2fa904ae0 nmethod 24517 0x000002a2e580d310 code [0x000002a2e580d4c0, 0x000002a2e580d778]
Event: 60.540 Thread 0x000002a2fa904ae0 24518   !   3       org.gradle.internal.work.DefaultSynchronizer::withLock (29 bytes)
Event: 60.540 Thread 0x000002a2fa904ae0 nmethod 24518 0x000002a2e586e410 code [0x000002a2e586e600, 0x000002a2e586ec18]

GC Heap History (20 events):
Event: 55.428 GC heap before
{Heap before GC invocations=113 (full 0):
 garbage-first heap   total 498688K, used 445349K [0x0000000080000000, 0x0000000100000000)
  region size 1024K, 24 young (24576K), 3 survivors (3072K)
 Metaspace       used 142642K, committed 146048K, reserved 552960K
  class space    used 19468K, committed 21184K, reserved 421888K
}
Event: 55.431 GC heap after
{Heap after GC invocations=114 (full 0):
 garbage-first heap   total 498688K, used 424216K [0x0000000080000000, 0x0000000100000000)
  region size 1024K, 3 young (3072K), 3 survivors (3072K)
 Metaspace       used 142642K, committed 146048K, reserved 552960K
  class space    used 19468K, committed 21184K, reserved 421888K
}
Event: 55.699 GC heap before
{Heap before GC invocations=114 (full 0):
 garbage-first heap   total 498688K, used 444696K [0x0000000080000000, 0x0000000100000000)
  region size 1024K, 24 young (24576K), 3 survivors (3072K)
 Metaspace       used 144453K, committed 147840K, reserved 552960K
  class space    used 19642K, committed 21312K, reserved 421888K
}
Event: 55.702 GC heap after
{Heap after GC invocations=115 (full 0):
 garbage-first heap   total 498688K, used 424577K [0x0000000080000000, 0x0000000100000000)
  region size 1024K, 2 young (2048K), 2 survivors (2048K)
 Metaspace       used 144453K, committed 147840K, reserved 552960K
  class space    used 19642K, committed 21312K, reserved 421888K
}
Event: 55.915 GC heap before
{Heap before GC invocations=115 (full 0):
 garbage-first heap   total 498688K, used 446081K [0x0000000080000000, 0x0000000100000000)
  region size 1024K, 24 young (24576K), 2 survivors (2048K)
 Metaspace       used 146338K, committed 149760K, reserved 552960K
  class space    used 19826K, committed 21504K, reserved 421888K
}
Event: 55.917 GC heap after
{Heap after GC invocations=116 (full 0):
 garbage-first heap   total 498688K, used 425000K [0x0000000080000000, 0x0000000100000000)
  region size 1024K, 1 young (1024K), 1 survivors (1024K)
 Metaspace       used 146338K, committed 149760K, reserved 552960K
  class space    used 19826K, committed 21504K, reserved 421888K
}
Event: 58.315 GC heap before
{Heap before GC invocations=116 (full 0):
 garbage-first heap   total 498688K, used 447528K [0x0000000080000000, 0x0000000100000000)
  region size 1024K, 24 young (24576K), 1 survivors (1024K)
 Metaspace       used 147237K, committed 150656K, reserved 552960K
  class space    used 19901K, committed 21632K, reserved 421888K
}
Event: 58.319 GC heap after
{Heap after GC invocations=117 (full 0):
 garbage-first heap   total 498688K, used 426261K [0x0000000080000000, 0x0000000100000000)
  region size 1024K, 3 young (3072K), 3 survivors (3072K)
 Metaspace       used 147237K, committed 150656K, reserved 552960K
  class space    used 19901K, committed 21632K, reserved 421888K
}
Event: 58.445 GC heap before
{Heap before GC invocations=117 (full 0):
 garbage-first heap   total 498688K, used 447765K [0x0000000080000000, 0x0000000100000000)
  region size 1024K, 24 young (24576K), 3 survivors (3072K)
 Metaspace       used 147243K, committed 150656K, reserved 552960K
  class space    used 19901K, committed 21632K, reserved 421888K
}
Event: 58.448 GC heap after
{Heap after GC invocations=118 (full 0):
 garbage-first heap   total 498688K, used 426797K [0x0000000080000000, 0x0000000100000000)
  region size 1024K, 1 young (1024K), 1 survivors (1024K)
 Metaspace       used 147243K, committed 150656K, reserved 552960K
  class space    used 19901K, committed 21632K, reserved 421888K
}
Event: 58.664 GC heap before
{Heap before GC invocations=118 (full 0):
 garbage-first heap   total 498688K, used 450349K [0x0000000080000000, 0x0000000100000000)
  region size 1024K, 24 young (24576K), 1 survivors (1024K)
 Metaspace       used 147270K, committed 150784K, reserved 552960K
  class space    used 19902K, committed 21632K, reserved 421888K
}
Event: 58.667 GC heap after
{Heap after GC invocations=119 (full 0):
 garbage-first heap   total 498688K, used 427903K [0x0000000080000000, 0x0000000100000000)
  region size 1024K, 2 young (2048K), 2 survivors (2048K)
 Metaspace       used 147270K, committed 150784K, reserved 552960K
  class space    used 19902K, committed 21632K, reserved 421888K
}
Event: 59.083 GC heap before
{Heap before GC invocations=119 (full 0):
 garbage-first heap   total 498688K, used 450431K [0x0000000080000000, 0x0000000100000000)
  region size 1024K, 24 young (24576K), 2 survivors (2048K)
 Metaspace       used 147336K, committed 150784K, reserved 552960K
  class space    used 19910K, committed 21632K, reserved 421888K
}
Event: 59.088 GC heap after
{Heap after GC invocations=120 (full 0):
 garbage-first heap   total 498688K, used 431364K [0x0000000080000000, 0x0000000100000000)
  region size 1024K, 3 young (3072K), 3 survivors (3072K)
 Metaspace       used 147336K, committed 150784K, reserved 552960K
  class space    used 19910K, committed 21632K, reserved 421888K
}
Event: 59.495 GC heap before
{Heap before GC invocations=120 (full 0):
 garbage-first heap   total 498688K, used 452868K [0x0000000080000000, 0x0000000100000000)
  region size 1024K, 24 young (24576K), 3 survivors (3072K)
 Metaspace       used 147452K, committed 150912K, reserved 552960K
  class space    used 19928K, committed 21632K, reserved 421888K
}
Event: 59.501 GC heap after
{Heap after GC invocations=121 (full 0):
 garbage-first heap   total 498688K, used 434166K [0x0000000080000000, 0x0000000100000000)
  region size 1024K, 3 young (3072K), 3 survivors (3072K)
 Metaspace       used 147452K, committed 150912K, reserved 552960K
  class space    used 19928K, committed 21632K, reserved 421888K
}
Event: 59.848 GC heap before
{Heap before GC invocations=121 (full 0):
 garbage-first heap   total 498688K, used 455670K [0x0000000080000000, 0x0000000100000000)
  region size 1024K, 24 young (24576K), 3 survivors (3072K)
 Metaspace       used 147553K, committed 150976K, reserved 552960K
  class space    used 19941K, committed 21632K, reserved 421888K
}
Event: 59.852 GC heap after
{Heap after GC invocations=122 (full 0):
 garbage-first heap   total 498688K, used 436660K [0x0000000080000000, 0x0000000100000000)
  region size 1024K, 3 young (3072K), 3 survivors (3072K)
 Metaspace       used 147553K, committed 150976K, reserved 552960K
  class space    used 19941K, committed 21632K, reserved 421888K
}
Event: 60.147 GC heap before
{Heap before GC invocations=122 (full 0):
 garbage-first heap   total 498688K, used 457140K [0x0000000080000000, 0x0000000100000000)
  region size 1024K, 24 young (24576K), 3 survivors (3072K)
 Metaspace       used 147616K, committed 151104K, reserved 552960K
  class space    used 19950K, committed 21632K, reserved 421888K
}
Event: 60.157 GC heap after
{Heap after GC invocations=123 (full 0):
 garbage-first heap   total 498688K, used 439480K [0x0000000080000000, 0x0000000100000000)
  region size 1024K, 3 young (3072K), 3 survivors (3072K)
 Metaspace       used 147616K, committed 151104K, reserved 552960K
  class space    used 19950K, committed 21632K, reserved 421888K
}

Deoptimization events (20 events):
Event: 58.871 Thread 0x000002a28102dee0 DEOPT PACKING pc=0x000002a2ecc5b2e8 sp=0x000000ab4e1f4a20
Event: 58.872 Thread 0x000002a28102dee0 DEOPT UNPACKING pc=0x000002a2e44323a3 sp=0x000000ab4e1f4a20 mode 2
Event: 59.180 Thread 0x000002a28102dee0 DEOPT PACKING pc=0x000002a2e699355e sp=0x000000ab4e1f4cf0
Event: 59.180 Thread 0x000002a28102dee0 DEOPT UNPACKING pc=0x000002a2e4432b43 sp=0x000000ab4e1f41b0 mode 0
Event: 60.053 Thread 0x000002a2ff53d710 Uncommon trap: trap_request=0xffffff45 fr.pc=0x000002a2ec4a17c0 relative=0x00000000000001a0
Event: 60.054 Thread 0x000002a2ff53d710 Uncommon trap: reason=unstable_if action=reinterpret pc=0x000002a2ec4a17c0 method=java.nio.ByteBuffer.putArray(I[BII)Ljava/nio/ByteBuffer; @ 9 c2
Event: 60.054 Thread 0x000002a2ff53d710 DEOPT PACKING pc=0x000002a2ec4a17c0 sp=0x000000ab4efff2e0
Event: 60.054 Thread 0x000002a2ff53d710 DEOPT UNPACKING pc=0x000002a2e44323a3 sp=0x000000ab4efff200 mode 2
Event: 60.074 Thread 0x000002a28102dee0 Uncommon trap: trap_request=0xffffffde fr.pc=0x000002a2ec9af1c0 relative=0x00000000000010c0
Event: 60.074 Thread 0x000002a28102dee0 Uncommon trap: reason=class_check action=maybe_recompile pc=0x000002a2ec9af1c0 method=org.gradle.internal.component.model.GraphVariantSelector.filterVariantsByRequestedCapabilities(Lorg/gradle/internal/component/model/ComponentGraphResolveState;Ljava/util
Event: 60.074 Thread 0x000002a28102dee0 DEOPT PACKING pc=0x000002a2ec9af1c0 sp=0x000000ab4e1f5470
Event: 60.074 Thread 0x000002a28102dee0 DEOPT UNPACKING pc=0x000002a2e44323a3 sp=0x000000ab4e1f5440 mode 2
Event: 60.501 Thread 0x000002a28102dee0 Uncommon trap: trap_request=0xffffffbe fr.pc=0x000002a2ec53cd24 relative=0x0000000000000de4
Event: 60.501 Thread 0x000002a28102dee0 Uncommon trap: reason=profile_predicate action=maybe_recompile pc=0x000002a2ec53cd24 method=java.lang.StringLatin1.replace([BI[BI[BI)Ljava/lang/String; @ 180 c2
Event: 60.501 Thread 0x000002a28102dee0 DEOPT PACKING pc=0x000002a2ec53cd24 sp=0x000000ab4e1f8060
Event: 60.501 Thread 0x000002a28102dee0 DEOPT UNPACKING pc=0x000002a2e44323a3 sp=0x000000ab4e1f7fb0 mode 2
Event: 60.502 Thread 0x000002a28102dee0 Uncommon trap: trap_request=0xffffffbe fr.pc=0x000002a2ec53cd24 relative=0x0000000000000de4
Event: 60.502 Thread 0x000002a28102dee0 Uncommon trap: reason=profile_predicate action=maybe_recompile pc=0x000002a2ec53cd24 method=java.lang.StringLatin1.replace([BI[BI[BI)Ljava/lang/String; @ 180 c2
Event: 60.502 Thread 0x000002a28102dee0 DEOPT PACKING pc=0x000002a2ec53cd24 sp=0x000000ab4e1f8060
Event: 60.502 Thread 0x000002a28102dee0 DEOPT UNPACKING pc=0x000002a2e44323a3 sp=0x000000ab4e1f7fb0 mode 2

Classes loaded (20 events):
Event: 53.986 Loading class java/text/MessageFormat
Event: 53.987 Loading class java/text/MessageFormat done
Event: 53.987 Loading class java/text/MessageFormat$Field
Event: 53.987 Loading class java/text/MessageFormat$Field done
Event: 55.566 Loading class java/time/Instant$1
Event: 55.566 Loading class java/time/Instant$1 done
Event: 55.614 Loading class java/util/Locale$1
Event: 55.614 Loading class java/util/Locale$1 done
Event: 55.629 Loading class java/net/UrlDeserializedState
Event: 55.629 Loading class java/net/UrlDeserializedState done
Event: 55.704 Loading class java/util/concurrent/CompletableFuture$AsyncRun
Event: 55.704 Loading class java/util/concurrent/CompletableFuture$AsyncRun done
Event: 57.356 Loading class jdk/internal/math/FormattedFloatingDecimal$Form
Event: 57.357 Loading class jdk/internal/math/FormattedFloatingDecimal$Form done
Event: 57.357 Loading class jdk/internal/math/FormattedFloatingDecimal
Event: 57.358 Loading class jdk/internal/math/FormattedFloatingDecimal done
Event: 57.358 Loading class jdk/internal/math/FormattedFloatingDecimal$1
Event: 57.358 Loading class jdk/internal/math/FormattedFloatingDecimal$1 done
Event: 57.359 Loading class jdk/internal/math/FormattedFloatingDecimal$2
Event: 57.359 Loading class jdk/internal/math/FormattedFloatingDecimal$2 done

Classes unloaded (20 events):
Event: 31.437 Thread 0x000002a2dcb38a70 Unloading class 0x0000000801891000 'java/lang/invoke/LambdaForm$MH+0x0000000801891000'
Event: 31.437 Thread 0x000002a2dcb38a70 Unloading class 0x0000000801890800 'java/lang/invoke/LambdaForm$MH+0x0000000801890800'
Event: 31.437 Thread 0x000002a2dcb38a70 Unloading class 0x000000080188fc00 'java/lang/invoke/LambdaForm$MH+0x000000080188fc00'
Event: 31.437 Thread 0x000002a2dcb38a70 Unloading class 0x000000080188f400 'java/lang/invoke/LambdaForm$MH+0x000000080188f400'
Event: 31.437 Thread 0x000002a2dcb38a70 Unloading class 0x000000080188ec00 'java/lang/invoke/LambdaForm$MH+0x000000080188ec00'
Event: 31.437 Thread 0x000002a2dcb38a70 Unloading class 0x000000080188e400 'java/lang/invoke/LambdaForm$MH+0x000000080188e400'
Event: 31.437 Thread 0x000002a2dcb38a70 Unloading class 0x000000080188d800 'java/lang/invoke/LambdaForm$MH+0x000000080188d800'
Event: 31.437 Thread 0x000002a2dcb38a70 Unloading class 0x000000080188d000 'java/lang/invoke/LambdaForm$MH+0x000000080188d000'
Event: 31.437 Thread 0x000002a2dcb38a70 Unloading class 0x000000080188c800 'java/lang/invoke/LambdaForm$MH+0x000000080188c800'
Event: 31.437 Thread 0x000002a2dcb38a70 Unloading class 0x000000080188c000 'java/lang/invoke/LambdaForm$MH+0x000000080188c000'
Event: 31.437 Thread 0x000002a2dcb38a70 Unloading class 0x000000080188b800 'java/lang/invoke/LambdaForm$MH+0x000000080188b800'
Event: 31.437 Thread 0x000002a2dcb38a70 Unloading class 0x000000080188b400 'java/lang/invoke/LambdaForm$MH+0x000000080188b400'
Event: 31.437 Thread 0x000002a2dcb38a70 Unloading class 0x000000080188a800 'java/lang/invoke/LambdaForm$MH+0x000000080188a800'
Event: 31.437 Thread 0x000002a2dcb38a70 Unloading class 0x000000080188a000 'java/lang/invoke/LambdaForm$MH+0x000000080188a000'
Event: 31.437 Thread 0x000002a2dcb38a70 Unloading class 0x0000000801889800 'java/lang/invoke/LambdaForm$MH+0x0000000801889800'
Event: 31.437 Thread 0x000002a2dcb38a70 Unloading class 0x0000000801889000 'java/lang/invoke/LambdaForm$MH+0x0000000801889000'
Event: 31.437 Thread 0x000002a2dcb38a70 Unloading class 0x0000000801888800 'java/lang/invoke/LambdaForm$MH+0x0000000801888800'
Event: 31.437 Thread 0x000002a2dcb38a70 Unloading class 0x0000000801888400 'java/lang/invoke/LambdaForm$DMH+0x0000000801888400'
Event: 31.437 Thread 0x000002a2dcb38a70 Unloading class 0x0000000801838c00 'java/lang/invoke/LambdaForm$MH+0x0000000801838c00'
Event: 31.437 Thread 0x000002a2dcb38a70 Unloading class 0x0000000801838400 'java/lang/invoke/LambdaForm$DMH+0x0000000801838400'

Classes redefined (0 events):
No events

Internal exceptions (20 events):
Event: 58.233 Thread 0x000002a28102dee0 Exception <a 'sun/nio/fs/WindowsException'{0x000000009d6b0110}> (0x000000009d6b0110) 
thrown [s\open\src\hotspot\share\prims\jni.cpp, line 516]
Event: 58.234 Thread 0x000002a28102dee0 Exception <a 'sun/nio/fs/WindowsException'{0x000000009d6b1d98}> (0x000000009d6b1d98) 
thrown [s\open\src\hotspot\share\prims\jni.cpp, line 516]
Event: 58.235 Thread 0x000002a28102dee0 Exception <a 'sun/nio/fs/WindowsException'{0x000000009d6b3a00}> (0x000000009d6b3a00) 
thrown [s\open\src\hotspot\share\prims\jni.cpp, line 516]
Event: 58.416 Thread 0x000002a28102dee0 Exception <a 'sun/nio/fs/WindowsException'{0x000000009d5685f8}> (0x000000009d5685f8) 
thrown [s\open\src\hotspot\share\prims\jni.cpp, line 516]
Event: 58.420 Thread 0x000002a28102dee0 Exception <a 'sun/nio/fs/WindowsException'{0x000000009d56a280}> (0x000000009d56a280) 
thrown [s\open\src\hotspot\share\prims\jni.cpp, line 516]
Event: 58.421 Thread 0x000002a28102dee0 Exception <a 'sun/nio/fs/WindowsException'{0x000000009d56bf48}> (0x000000009d56bf48) 
thrown [s\open\src\hotspot\share\prims\jni.cpp, line 516]
Event: 58.423 Thread 0x000002a28102dee0 Exception <a 'sun/nio/fs/WindowsException'{0x000000009d56dbb0}> (0x000000009d56dbb0) 
thrown [s\open\src\hotspot\share\prims\jni.cpp, line 516]
Event: 58.513 Thread 0x000002a28102dee0 Exception <a 'sun/nio/fs/WindowsException'{0x000000009d43af18}> (0x000000009d43af18) 
thrown [s\open\src\hotspot\share\prims\jni.cpp, line 516]
Event: 58.513 Thread 0x000002a28102dee0 Exception <a 'sun/nio/fs/WindowsException'{0x000000009d43b1e0}> (0x000000009d43b1e0) 
thrown [s\open\src\hotspot\share\prims\jni.cpp, line 516]
Event: 58.514 Thread 0x000002a28102dee0 Exception <a 'sun/nio/fs/WindowsException'{0x000000009d43e230}> (0x000000009d43e230) 
thrown [s\open\src\hotspot\share\prims\jni.cpp, line 516]
Event: 58.514 Thread 0x000002a28102dee0 Exception <a 'sun/nio/fs/WindowsException'{0x000000009d43e5f0}> (0x000000009d43e5f0) 
thrown [s\open\src\hotspot\share\prims\jni.cpp, line 516]
Event: 58.514 Thread 0x000002a28102dee0 Exception <a 'sun/nio/fs/WindowsException'{0x000000009d442248}> (0x000000009d442248) 
thrown [s\open\src\hotspot\share\prims\jni.cpp, line 516]
Event: 58.514 Thread 0x000002a28102dee0 Exception <a 'sun/nio/fs/WindowsException'{0x000000009d442608}> (0x000000009d442608) 
thrown [s\open\src\hotspot\share\prims\jni.cpp, line 516]
Event: 58.683 Thread 0x000002a284a690f0 Implicit null exception at 0x000002a2ec3ab98b to 0x000002a2ec3ab9dc
Event: 58.789 Thread 0x000002a28102dee0 Exception <a 'java/lang/ClassNotFoundException'{0x000000009df05cc0}: GradleAnnotationProcessorPatchPluginBeanInfo> (0x000000009df05cc0) 
thrown [s\open\src\hotspot\share\classfile\systemDictionary.cpp, line 255]
Event: 58.790 Thread 0x000002a28102dee0 Exception <a 'java/lang/ClassNotFoundException'{0x000000009df13460}: GradleAnnotationProcessorPatchPluginCustomizer> (0x000000009df13460) 
thrown [s\open\src\hotspot\share\classfile\systemDictionary.cpp, line 255]
Event: 58.793 Thread 0x000002a28102dee0 Exception <a 'java/lang/ClassNotFoundException'{0x000000009df42840}: GradleAnnotationProcessorPatchPlugin$AnnotationProcessorModelBuilderBeanInfo> (0x000000009df42840) 
thrown [s\open\src\hotspot\share\classfile\systemDictionary.cpp, line 255]
Event: 58.794 Thread 0x000002a28102dee0 Exception <a 'java/lang/ClassNotFoundException'{0x000000009df50218}: GradleAnnotationProcessorPatchPlugin$AnnotationProcessorModelBuilderCustomizer> (0x000000009df50218) 
thrown [s\open\src\hotspot\share\classfile\systemDictionary.cpp, line 255]
Event: 58.807 Thread 0x000002a28102dee0 Exception <a 'java/lang/ClassNotFoundException'{0x000000009dfc67e8}: org/gradle/tooling/provider/model/internal/DefaultToolingModelBuilderRegistryBeanInfo> (0x000000009dfc67e8) 
thrown [s\open\src\hotspot\share\classfile\systemDictionary.cpp, line 255]
Event: 58.809 Thread 0x000002a28102dee0 Exception <a 'java/lang/ClassNotFoundException'{0x000000009dfdf970}: org/gradle/tooling/provider/model/internal/DefaultToolingModelBuilderRegistryCustomizer> (0x000000009dfdf970) 
thrown [s\open\src\hotspot\share\classfile\systemDictionary.cpp, line 255]

VM Operations (20 events):
Event: 56.007 Executing VM operation: HandshakeAllThreads done
Event: 57.012 Executing VM operation: Cleanup
Event: 57.012 Executing VM operation: Cleanup done
Event: 58.025 Executing VM operation: Cleanup
Event: 58.025 Executing VM operation: Cleanup done
Event: 58.315 Executing VM operation: G1CollectForAllocation
Event: 58.319 Executing VM operation: G1CollectForAllocation done
Event: 58.445 Executing VM operation: G1CollectForAllocation
Event: 58.448 Executing VM operation: G1CollectForAllocation done
Event: 58.664 Executing VM operation: G1CollectForAllocation
Event: 58.667 Executing VM operation: G1CollectForAllocation done
Event: 59.083 Executing VM operation: G1CollectForAllocation
Event: 59.088 Executing VM operation: G1CollectForAllocation done
Event: 59.495 Executing VM operation: G1CollectForAllocation
Event: 59.501 Executing VM operation: G1CollectForAllocation done
Event: 59.848 Executing VM operation: G1CollectForAllocation
Event: 59.852 Executing VM operation: G1CollectForAllocation done
Event: 60.146 Executing VM operation: G1CollectForAllocation
Event: 60.157 Executing VM operation: G1CollectForAllocation done
Event: 60.553 Executing VM operation: G1Concurrent

Events (20 events):
Event: 59.766 Thread 0x000002a28f43ff80 Thread added: 0x000002a28f43ff80
Event: 59.766 Thread 0x000002a28f43ddd0 Thread added: 0x000002a28f43ddd0
Event: 59.767 Thread 0x000002a28f43f5e0 Thread added: 0x000002a28f43f5e0
Event: 59.767 Thread 0x000002a28f43ec40 Thread added: 0x000002a28f43ec40
Event: 59.768 Thread 0x000002a28f43f110 Thread added: 0x000002a28f43f110
Event: 59.768 Thread 0x000002a28f43fab0 Thread added: 0x000002a28f43fab0
Event: 59.769 Thread 0x000002a28f440450 Thread added: 0x000002a28f440450
Event: 59.769 Thread 0x000002a28f440920 Thread added: 0x000002a28f440920
Event: 59.769 Thread 0x000002a28f43cf60 Thread added: 0x000002a28f43cf60
Event: 59.805 Thread 0x000002a28f43d430 Thread added: 0x000002a28f43d430
Event: 60.076 Thread 0x000002a287918ff0 Thread added: 0x000002a287918ff0
Event: 60.076 Thread 0x000002a28db7a6c0 Thread added: 0x000002a28db7a6c0
Event: 60.082 Thread 0x000002a28db7b530 Thread added: 0x000002a28db7b530
Event: 60.082 Thread 0x000002a28db79d20 Thread added: 0x000002a28db79d20
Event: 60.083 Thread 0x000002a28db7ab90 Thread added: 0x000002a28db7ab90
Event: 60.083 Thread 0x000002a28db7a1f0 Thread added: 0x000002a28db7a1f0
Event: 60.083 Thread 0x000002a28db7b060 Thread added: 0x000002a28db7b060
Event: 60.084 Thread 0x000002a28c0c9570 Thread added: 0x000002a28c0c9570
Event: 60.084 Thread 0x000002a28c0c9a40 Thread added: 0x000002a28c0c9a40
Event: 60.085 Thread 0x000002a28c0cad80 Thread added: 0x000002a28c0cad80


Dynamic libraries:
0x00007ff711ca0000 - 0x00007ff711cb0000 	C:\Program Files\Java\jdk-18.0.2.1\bin\java.exe
0x00007ffceb160000 - 0x00007ffceb3c8000 	C:\WINDOWS\SYSTEM32\ntdll.dll
0x00007ffcea0b0000 - 0x00007ffcea179000 	C:\WINDOWS\System32\KERNEL32.DLL
0x00007ffce85c0000 - 0x00007ffce89b2000 	C:\WINDOWS\System32\KERNELBASE.dll
0x00007ffce8b30000 - 0x00007ffce8c7b000 	C:\WINDOWS\System32\ucrtbase.dll
0x00007ffcc83f0000 - 0x00007ffcc8408000 	C:\Program Files\Java\jdk-18.0.2.1\bin\jli.dll
0x00007ffcc8330000 - 0x00007ffcc834a000 	C:\Program Files\Java\jdk-18.0.2.1\bin\VCRUNTIME140.dll
0x00007ffceb060000 - 0x00007ffceb114000 	C:\WINDOWS\System32\ADVAPI32.dll
0x00007ffcea000000 - 0x00007ffcea0a9000 	C:\WINDOWS\System32\msvcrt.dll
0x00007ffcea1b0000 - 0x00007ffcea256000 	C:\WINDOWS\System32\sechost.dll
0x00007ffce9520000 - 0x00007ffce9638000 	C:\WINDOWS\System32\RPCRT4.dll
0x00007ffce9640000 - 0x00007ffce9805000 	C:\WINDOWS\System32\USER32.dll
0x00007ffce7500000 - 0x00007ffce7793000 	C:\WINDOWS\WinSxS\amd64_microsoft.windows.common-controls_6595b64144ccf1df_6.0.26100.6899_none_3e0efeeae32e88c1\COMCTL32.dll
0x00007ffce8590000 - 0x00007ffce85b7000 	C:\WINDOWS\System32\win32u.dll
0x00007ffceaa20000 - 0x00007ffceaa4b000 	C:\WINDOWS\System32\GDI32.dll
0x00007ffce8460000 - 0x00007ffce858d000 	C:\WINDOWS\System32\gdi32full.dll
0x00007ffce82f0000 - 0x00007ffce8393000 	C:\WINDOWS\System32\msvcp_win.dll
0x00007ffce1d50000 - 0x00007ffce1d5b000 	C:\WINDOWS\SYSTEM32\VERSION.dll
0x00007ffceacc0000 - 0x00007ffceacef000 	C:\WINDOWS\System32\IMM32.DLL
0x00007ffcdc450000 - 0x00007ffcdc45c000 	C:\Program Files\Java\jdk-18.0.2.1\bin\vcruntime140_1.dll
0x00007ffcbb3b0000 - 0x00007ffcbb43d000 	C:\Program Files\Java\jdk-18.0.2.1\bin\msvcp140.dll
0x00007ffc2be50000 - 0x00007ffc2ca61000 	C:\Program Files\Java\jdk-18.0.2.1\bin\server\jvm.dll
0x00007ffce9ef0000 - 0x00007ffce9ef8000 	C:\WINDOWS\System32\PSAPI.DLL
0x00007ffcc57e0000 - 0x00007ffcc57ea000 	C:\WINDOWS\SYSTEM32\WSOCK32.dll
0x00007ffce02b0000 - 0x00007ffce02e5000 	C:\WINDOWS\SYSTEM32\WINMM.dll
0x00007ffcead60000 - 0x00007ffceadd4000 	C:\WINDOWS\System32\WS2_32.dll
0x00007ffce6790000 - 0x00007ffce67ab000 	C:\WINDOWS\SYSTEM32\kernel.appcore.dll
0x00007ffcd34b0000 - 0x00007ffcd34ba000 	C:\Program Files\Java\jdk-18.0.2.1\bin\jimage.dll
0x00007ffce7ab0000 - 0x00007ffce7cf2000 	C:\WINDOWS\SYSTEM32\DBGHELP.DLL
0x00007ffce9890000 - 0x00007ffce9c0b000 	C:\WINDOWS\System32\combase.dll
0x00007ffceaa60000 - 0x00007ffceab37000 	C:\WINDOWS\System32\OLEAUT32.dll
0x00007ffce79a0000 - 0x00007ffce79dc000 	C:\WINDOWS\SYSTEM32\dbgcore.DLL
0x00007ffce8c80000 - 0x00007ffce8d18000 	C:\WINDOWS\System32\bcryptPrimitives.dll
0x00007ffce2400000 - 0x00007ffce240e000 	C:\Program Files\Java\jdk-18.0.2.1\bin\instrument.dll
0x00007ffcc4200000 - 0x00007ffcc4225000 	C:\Program Files\Java\jdk-18.0.2.1\bin\java.dll
0x00007ffcbb2d0000 - 0x00007ffcbb3a6000 	C:\Program Files\Java\jdk-18.0.2.1\bin\jsvml.dll
0x00007ffcea2d0000 - 0x00007ffceaa1d000 	C:\WINDOWS\System32\SHELL32.dll
0x00007ffce89c0000 - 0x00007ffce8b2b000 	C:\WINDOWS\System32\wintypes.dll
0x00007ffce5630000 - 0x00007ffce5e8d000 	C:\WINDOWS\SYSTEM32\windows.storage.dll
0x00007ffce9f00000 - 0x00007ffce9ff2000 	C:\WINDOWS\System32\SHCORE.dll
0x00007ffcea260000 - 0x00007ffcea2c2000 	C:\WINDOWS\System32\shlwapi.dll
0x00007ffce8210000 - 0x00007ffce8239000 	C:\WINDOWS\SYSTEM32\profapi.dll
0x00007ffcc7e60000 - 0x00007ffcc7e78000 	C:\Program Files\Java\jdk-18.0.2.1\bin\zip.dll
0x00007ffcc43e0000 - 0x00007ffcc43f3000 	C:\Program Files\Java\jdk-18.0.2.1\bin\net.dll
0x00007ffcddd10000 - 0x00007ffcdde2f000 	C:\WINDOWS\SYSTEM32\WINHTTP.dll
0x00007ffce6cc0000 - 0x00007ffce6d2b000 	C:\WINDOWS\system32\mswsock.dll
0x00007ffcc41e0000 - 0x00007ffcc41f6000 	C:\Program Files\Java\jdk-18.0.2.1\bin\nio.dll
0x00007ffcccb60000 - 0x00007ffcccb70000 	C:\Program Files\Java\jdk-18.0.2.1\bin\verify.dll
0x00007ffcba600000 - 0x00007ffcba627000 	C:\Users\waniw\.gradle\native\1def1411415f61bf3af743bc5b6707747c0891f09f0c88961ee8f79bc544acac\windows-amd64\native-platform.dll
0x00007ffcc24f0000 - 0x00007ffcc2568000 	C:\Users\waniw\.gradle\native\0.2.7\x86_64-windows-gnu\gradle-fileevents.dll
0x00007ffccb670000 - 0x00007ffccb679000 	C:\Program Files\Java\jdk-18.0.2.1\bin\management.dll
0x00007ffcca240000 - 0x00007ffcca24b000 	C:\Program Files\Java\jdk-18.0.2.1\bin\management_ext.dll
0x00007ffce6220000 - 0x00007ffce6254000 	C:\WINDOWS\SYSTEM32\IPHLPAPI.DLL
0x00007ffcead00000 - 0x00007ffcead0a000 	C:\WINDOWS\System32\NSI.dll
0x00007ffce1940000 - 0x00007ffce195e000 	C:\WINDOWS\SYSTEM32\dhcpcsvc6.DLL
0x00007ffce18a0000 - 0x00007ffce18c3000 	C:\WINDOWS\SYSTEM32\dhcpcsvc.DLL
0x00007ffce62c0000 - 0x00007ffce63e6000 	C:\WINDOWS\SYSTEM32\DNSAPI.dll
0x00007ffce7e20000 - 0x00007ffce7e3b000 	C:\WINDOWS\SYSTEM32\CRYPTSP.dll
0x00007ffce7000000 - 0x00007ffce703b000 	C:\WINDOWS\system32\rsaenh.dll
0x00007ffce6d30000 - 0x00007ffce6d5b000 	C:\WINDOWS\SYSTEM32\USERENV.dll
0x00007ffce81e0000 - 0x00007ffce8206000 	C:\WINDOWS\SYSTEM32\bcrypt.dll
0x00007ffce72b0000 - 0x00007ffce72bc000 	C:\WINDOWS\SYSTEM32\CRYPTBASE.dll
0x00007ffcc77c0000 - 0x00007ffcc77d8000 	C:\WINDOWS\system32\napinsp.dll
0x00007ffcc5580000 - 0x00007ffcc5592000 	C:\WINDOWS\System32\winrnr.dll
0x00007ffcc5530000 - 0x00007ffcc5558000 	C:\WINDOWS\system32\nlansp_c.dll
0x00007ffcc5190000 - 0x00007ffcc51a6000 	C:\WINDOWS\system32\wshbth.dll
0x00007ffcdd740000 - 0x00007ffcdd74b000 	C:\Windows\System32\rasadhlp.dll
0x00007ffce1cc0000 - 0x00007ffce1d46000 	C:\WINDOWS\System32\fwpuclnt.dll
0x00007ffce23f0000 - 0x00007ffce23fe000 	C:\Program Files\Java\jdk-18.0.2.1\bin\sunmscapi.dll
0x00007ffce8d20000 - 0x00007ffce8e97000 	C:\WINDOWS\System32\CRYPT32.dll
0x00007ffce73c0000 - 0x00007ffce73f0000 	C:\WINDOWS\SYSTEM32\ncrypt.dll
0x00007ffce7370000 - 0x00007ffce73af000 	C:\WINDOWS\SYSTEM32\NTASN1.dll

dbghelp: loaded successfully - version: 4.0.5 - missing functions: none
symbol engine: initialized successfully - sym options: 0x614 - pdb path: .;C:\Program Files\Java\jdk-18.0.2.1\bin;C:\WINDOWS\SYSTEM32;C:\WINDOWS\WinSxS\amd64_microsoft.windows.common-controls_6595b64144ccf1df_6.0.26100.6899_none_3e0efeeae32e88c1;C:\Program Files\Java\jdk-18.0.2.1\bin\server;C:\Users\waniw\.gradle\native\1def1411415f61bf3af743bc5b6707747c0891f09f0c88961ee8f79bc544acac\windows-amd64;C:\Users\waniw\.gradle\native\0.2.7\x86_64-windows-gnu

VM Arguments:
jvm_args: --add-opens=java.base/java.lang=ALL-UNNAMED --add-opens=java.base/java.lang.invoke=ALL-UNNAMED --add-opens=java.base/java.util=ALL-UNNAMED --add-opens=java.prefs/java.util.prefs=ALL-UNNAMED --add-exports=jdk.compiler/com.sun.tools.javac.api=ALL-UNNAMED --add-exports=jdk.compiler/com.sun.tools.javac.util=ALL-UNNAMED --add-opens=java.base/java.util=ALL-UNNAMED --add-opens=java.prefs/java.util.prefs=ALL-UNNAMED --add-opens=java.base/java.nio.charset=ALL-UNNAMED --add-opens=java.base/java.net=ALL-UNNAMED --add-opens=java.base/java.util.concurrent.atomic=ALL-UNNAMED --add-opens=java.xml/javax.xml.namespace=ALL-UNNAMED -XX:MaxMetaspaceSize=512m -Xmx2048m -Dfile.encoding=UTF-8 -Duser.country=ZA -Duser.language=en -Duser.variant -javaagent:C:\Users\waniw\.gradle\wrapper\dists\gradle-8.13-bin\5xuhj0ry160q40clulazy9h7d\gradle-8.13\lib\agents\gradle-instrumentation-agent-8.13.jar 
java_command: org.gradle.launcher.daemon.bootstrap.GradleDaemon 8.13
java_class_path (initial): C:\Users\waniw\.gradle\wrapper\dists\gradle-8.13-bin\5xuhj0ry160q40clulazy9h7d\gradle-8.13\lib\gradle-daemon-main-8.13.jar
Launcher Type: SUN_STANDARD

[Global flags]
     intx CICompilerCount                          = 4                                         {product} {ergonomic}
   size_t CompressedClassSpaceSize                 = 432013312                                 {product} {ergonomic}
     uint ConcGCThreads                            = 3                                         {product} {ergonomic}
     uint G1ConcRefinementThreads                  = 10                                        {product} {ergonomic}
   size_t G1HeapRegionSize                         = 1048576                                   {product} {ergonomic}
    uintx GCDrainStackTargetSize                   = 64                                        {product} {ergonomic}
   size_t InitialHeapSize                          = 123731968                                 {product} {ergonomic}
   size_t MarkStackSize                            = 4194304                                   {product} {ergonomic}
   size_t MaxHeapSize                              = 2147483648                                {product} {command line}
   size_t MaxMetaspaceSize                         = 536870912                                 {product} {command line}
   size_t MaxNewSize                               = 1287651328                                {product} {ergonomic}
   size_t MinHeapDeltaBytes                        = 1048576                                   {product} {ergonomic}
   size_t MinHeapSize                              = 8388608                                   {product} {ergonomic}
    uintx NonNMethodCodeHeapSize                   = 5839372                                {pd product} {ergonomic}
    uintx NonProfiledCodeHeapSize                  = 122909434                              {pd product} {ergonomic}
    uintx ProfiledCodeHeapSize                     = 122909434                              {pd product} {ergonomic}
    uintx ReservedCodeCacheSize                    = 251658240                              {pd product} {ergonomic}
     bool SegmentedCodeCache                       = true                                      {product} {ergonomic}
   size_t SoftMaxHeapSize                          = 2147483648                             {manageable} {ergonomic}
     bool UseCompressedClassPointers               = true                           {product lp64_product} {ergonomic}
     bool UseCompressedOops                        = true                           {product lp64_product} {ergonomic}
     bool UseG1GC                                  = true                                      {product} {ergonomic}
     bool UseLargePagesIndividualAllocation        = false                                  {pd product} {ergonomic}

Logging:
Log output configuration:
 #0: stdout all=warning uptime,level,tags foldmultilines=false
 #1: stderr all=off uptime,level,tags foldmultilines=false

Environment Variables:
CLASSPATH=C:\Users\waniw\Downloads\free1\library
PATH=C:\Users\waniw\AppData\Local\cloud-code\installer\google-cloud-sdk\bin;C:\Program Files (x86)\Common Files\Intel\Shared Libraries\redist\intel64\compiler;C:\Program Files\Common Files\Oracle\Java\javapath;C:\Program Files (x86)\Common Files\Oracle\Java\java8path;C:\Program Files (x86)\Common Files\Oracle\Java\javapath;C:\WINDOWS\system32;C:\WINDOWS;C:\WINDOWS\System32\Wbem;C:\WINDOWS\System32\WindowsPowerShell\v1.0\;C:\WINDOWS\System32\OpenSSH\;C:\Program Files\Novell\iPrint;C:\Program Files\Git\cmd;C:\Program Files (x86)\Microsoft SQL Server\150\DTS\Binn\;C:\Program Files\PuTTY\;C:\Program Files (x86)\Microsoft SQL Server\160\DTS\Binn\;C:\Program Files\Azure Data Studio\bin;C:\Program Files\MongoDB\Server\7.0\bin;C:\Program Files\Vim\vim91;C:\Program Files\dotnet\;C:\Program Files\HP\HP One Agent;C:\Program Files\Microsoft SQL Server\150\Tools\Binn\;C:\Program Files\Microsoft SQL Server\Client SDK\ODBC\170\Tools\Binn\;C:\Program Files\nodejs\;C:\ProgramData\chocolatey\bin;C:\Program Files (x86)\Microsoft SQL Server\160\Tools\Binn\;C:\Program Files\Microsoft SQL Server\160\Tools\Binn\;C:\Program Files\Microsoft SQL Server\160\DTS\Binn\;C:\Program Files\php-8.3.12;;C:\WINDOWS\system32;C:\WINDOWS;C:\WINDOWS\System32\Wbem;C:\WINDOWS\System32\WindowsPowerShell\v1.0\;C:\WINDOWS\System32\OpenSSH\;C:\Program Files\Go\bin;C:\Users\waniw\AppData\Local\Programs\Python\Launcher\;C:\Users\waniw\AppData\Local\Microsoft\WindowsApps;C:\Users\waniw\AppData\Local\Programs\Microsoft VS Code\bin;C:\Users\waniw\AppData\Local\atom\bin;C:\Users\waniw\AppData\Local\Programs\Hyper\resources\bin;C:\msys64\mingw64\bin;C:\src\flutter\flutter\bin;C:\Program Files\Azure Data Studio\bin;C:\Users\waniw\AppData\Local\Programs\mongosh\;C:\Users\waniw\.dotnet\tools;C:\Program Files\heroku\bin;C:\Users\waniw\AppData\Roaming\npm;c:\Gradle\gradle-8.0.2\bin;C:\Program Files\JetBrains\WebStorm 2024.3.4\bin;C:\Program Files (x86)\BrowserStackLocal\;C:\Users\waniw\.fly\bin;C:\Users\waniw\AppData\Local\Google\Cloud SDK\google-cloud-sdk\bin;C:\Users\waniw\AppData\Local\Microsoft\WindowsApps;C:\Users\waniw\go\bin
USERNAME=waniw
OS=Windows_NT
PROCESSOR_IDENTIFIER=AMD64 Family 25 Model 80 Stepping 0, AuthenticAMD



---------------  S Y S T E M  ---------------

OS:
 Windows 11 , 64 bit Build 26100 (10.0.26100.6725)
OS uptime: 0 days 13:14 hours
Hyper-V role detected

CPU: total 12 (initial active 12) (12 cores per cpu, 2 threads per core) family 25 model 80 stepping 0 microcode 0xa50000c, cx8, cmov, fxsr, ht, mmx, 3dnowpref, sse, sse2, sse3, ssse3, sse4a, sse4.1, sse4.2, popcnt, lzcnt, tsc, tscinvbit, avx, avx2, aes, erms, clmul, bmi1, bmi2, adx, sha, fma, vzeroupper, clflush, clflushopt, hv

Memory: 4k page, system-wide physical 7525M (386M free)
TotalPageFile size 31077M (AvailPageFile size 177M)
current process WorkingSet (physical memory assigned to process): 443M, peak: 804M
current process commit charge ("private bytes"): 930M, peak: 1187M

vm_info: Java HotSpot(TM) 64-Bit Server VM (18.0.2.1+1-1) for windows-amd64 JRE (18.0.2.1+1-1), built on Aug 16 2022 01:46:33 by "mach5one" with MS VC++ 16.8 / 16.9 (VS2019)

END.
