#
# There is insufficient memory for the Java Runtime Environment to continue.
# Native memory allocation (malloc) failed to allocate 1303216 bytes for Chunk::new
# Possible reasons:
#   The system is out of physical RAM or swap space
#   The process is running with CompressedOops enabled, and the Java Heap may be blocking the growth of the native heap
# Possible solutions:
#   Reduce memory load on the system
#   Increase physical memory or swap space
#   Check if swap backing store is full
#   Decrease Java heap size (-Xmx/-Xms)
#   Decrease number of Java threads
#   Decrease Java thread stack sizes (-Xss)
#   Set larger code cache with -XX:ReservedCodeCacheSize=
#   JVM is running with Unscaled Compressed Oops mode in which the Java heap is
#     placed in the first 4GB address space. The Java Heap base address is the
#     maximum limit for the native heap growth. Please use -XX:HeapBaseMinAddress
#     to set the Java Heap base and to place the Java Heap above 4GB virtual address.
# This output file may be truncated or incomplete.
#
#  Out of Memory Error (arena.cpp:184), pid=12652, tid=18936
#
# JRE version: Java(TM) SE Runtime Environment (18.0.2.1+1) (build 18.0.2.1+1-1)
# Java VM: Java HotSpot(TM) 64-Bit Server VM (18.0.2.1+1-1, mixed mode, sharing, tiered, compressed oops, compressed class ptrs, g1 gc, windows-amd64)
# No core dump will be written. Minidumps are not enabled by default on client versions of Windows
#

---------------  S U M M A R Y ------------

Command Line: --add-opens=java.base/java.lang=ALL-UNNAMED --add-opens=java.base/java.lang.invoke=ALL-UNNAMED --add-opens=java.base/java.util=ALL-UNNAMED --add-opens=java.prefs/java.util.prefs=ALL-UNNAMED --add-exports=jdk.compiler/com.sun.tools.javac.api=ALL-UNNAMED --add-exports=jdk.compiler/com.sun.tools.javac.util=ALL-UNNAMED --add-opens=java.base/java.util=ALL-UNNAMED --add-opens=java.prefs/java.util.prefs=ALL-UNNAMED --add-opens=java.base/java.nio.charset=ALL-UNNAMED --add-opens=java.base/java.net=ALL-UNNAMED --add-opens=java.base/java.util.concurrent.atomic=ALL-UNNAMED --add-opens=java.xml/javax.xml.namespace=ALL-UNNAMED -XX:MaxMetaspaceSize=512m -Xmx2048m -Dfile.encoding=UTF-8 -Duser.country=ZA -Duser.language=en -Duser.variant -javaagent:C:\Users\waniw\.gradle\wrapper\dists\gradle-8.13-bin\5xuhj0ry160q40clulazy9h7d\gradle-8.13\lib\agents\gradle-instrumentation-agent-8.13.jar org.gradle.launcher.daemon.bootstrap.GradleDaemon 8.13

Host: AMD Ryzen 5 5600U with Radeon Graphics         , 12 cores, 7G,  Windows 11 , 64 bit Build 26100 (10.0.26100.6725)
Time: Sat Oct 25 15:57:02 2025 South Africa Standard Time elapsed time: 86.181502 seconds (0d 0h 1m 26s)

---------------  T H R E A D  ---------------

Current thread (0x000002771766f2b0):  JavaThread "C2 CompilerThread1" daemon [_thread_in_native, id=18936, stack(0x000000b282300000,0x000000b282400000)]


Current CompileTask:
C2:  86181 18373       4       java.lang.String::split (327 bytes)

Stack: [0x000000b282300000,0x000000b282400000]
Native frames: (J=compiled Java code, j=interpreted, Vv=VM code, C=native code)
V  [jvm.dll+0x6993aa]
V  [jvm.dll+0x7f46dd]
V  [jvm.dll+0x7f5fee]
V  [jvm.dll+0x7f66a3]
V  [jvm.dll+0x25cf1f]
V  [jvm.dll+0xb8c2f]
V  [jvm.dll+0xb8fa5]
V  [jvm.dll+0x386091]
V  [jvm.dll+0x34fe71]
V  [jvm.dll+0x34f30a]
V  [jvm.dll+0x230101]
V  [jvm.dll+0x22f4d1]
V  [jvm.dll+0x1ba01c]
V  [jvm.dll+0x23ee0a]
V  [jvm.dll+0x23d0f5]
V  [jvm.dll+0x7a6dd1]
V  [jvm.dll+0x7a120a]
V  [jvm.dll+0x698255]
C  [ucrtbase.dll+0x37b0]
C  [KERNEL32.DLL+0x2e8d7]
C  [ntdll.dll+0x8c53c]


---------------  P R O C E S S  ---------------

Threads class SMR info:
_java_thread_list=0x000002771241afa0, length=201, elements={
0x0000027768919120, 0x000002770781c540, 0x000002770781eef0, 0x000002770783c840,
0x000002770783d0f0, 0x000002770783d9a0, 0x000002770783ed60, 0x0000027707851cf0,
0x0000027707872af0, 0x000002770787c0b0, 0x000002770bc96030, 0x000002770bd9da90,
0x000002770d50b560, 0x000002770d6966f0, 0x000002770d6910d0, 0x000002770d74cc10,
0x000002770d65b470, 0x000002770d5ed0e0, 0x000002770d5ebda0, 0x000002770d5ec270,
0x000002770d5ec740, 0x000002770d5ed5b0, 0x000002770d5ecc10, 0x000002770dce8530,
0x000002770dce7b90, 0x000002770dce71f0, 0x000002770dce8a00, 0x000002770dce59e0,
0x000002770dce5eb0, 0x000002770dce76c0, 0x000002770dce8ed0, 0x000002770dce6380,
0x000002770dce6850, 0x000002770dce6d20, 0x000002770dceba20, 0x000002770dcea210,
0x000002770dce93a0, 0x000002770dceb080, 0x000002770dceb550, 0x000002770dcec3c0,
0x000002770dce9870, 0x000002770dcec890, 0x000002770dcecd60, 0x00000277104814b0,
0x0000027710480fe0, 0x0000027710480640, 0x00000277104827f0, 0x0000027710482cc0,
0x0000027710483b30, 0x00000277104849a0, 0x0000027710484e70, 0x0000027710485340,
0x0000027710481980, 0x0000027710485810, 0x0000027710481e50, 0x0000027710485ce0,
0x0000027710482320, 0x00000277104861b0, 0x0000027710486680, 0x0000027710486b50,
0x0000027710487020, 0x00000277104874f0, 0x0000027710d33010, 0x0000027710d30e60,
0x0000027710d339b0, 0x0000027710d31330, 0x0000027710d304c0, 0x0000027710d32670,
0x0000027710d2fff0, 0x0000027710d334e0, 0x0000027710d31800, 0x0000027710d31cd0,
0x0000027710d34350, 0x0000027710d30990, 0x0000027710d33e80, 0x0000027710d35690,
0x0000027710d32b40, 0x0000027710d351c0, 0x0000027710d321a0, 0x0000027710d35b60,
0x0000027710d34820, 0x0000027710d36500, 0x0000027710d37840, 0x000002770dc53500,
0x000002770dc556b0, 0x000002770dc55b80, 0x000002770dc54840, 0x000002770dc54d10,
0x000002770dc56050, 0x000002770dc551e0, 0x000002770dc56520, 0x000002770dc52b60,
0x000002770dc569f0, 0x000002770dc53030, 0x000002770dc56ec0, 0x000002770dc57390,
0x000002770dc539d0, 0x000002770dc57860, 0x000002770dc53ea0, 0x000002770dc57d30,
0x000002770dc58200, 0x000002770dc586d0, 0x000002770dc58ba0, 0x000002770dc59540,
0x000002770dc59070, 0x000002770dc59a10, 0x000002770dc59ee0, 0x000002770dc5a3b0,
0x000002770f7c69b0, 0x000002770f7c9500, 0x000002770f7c5b40, 0x000002770f7c6e80,
0x000002770f7c7350, 0x000002770f7c99d0, 0x000002770f7c6010, 0x000002770f7c7820,
0x000002770f7c9ea0, 0x000002770f7c8690, 0x000002770f7c81c0, 0x000002770f7c64e0,
0x000002770f7ca370, 0x000002770f7cad10, 0x000002770f7cb6b0, 0x000002770f7cc9f0,
0x000002770f7ca840, 0x000002770f7cb1e0, 0x000002770f7cc050, 0x000002770f7cbb80,
0x000002770f7cc520, 0x000002770f7ccec0, 0x000002770f7cd390, 0x000002771047fca0,
0x0000027712317c00, 0x00000277123163f0, 0x0000027712315a50, 0x0000027712317260,
0x0000027712317730, 0x00000277123185a0, 0x0000027712318f40, 0x0000027712315f20,
0x000002771231b0f0, 0x00000277113991e0, 0x0000027711398d10, 0x00000277113961c0,
0x0000027711397500, 0x00000277113996b0, 0x0000027711396690, 0x0000027711399b80,
0x00000277113c9570, 0x00000277113ca3e0, 0x00000277113c90a0, 0x000002770bdaacb0,
0x000002770bdaa310, 0x000002770bdaa7e0, 0x000002770cc0f590, 0x000002770cc11270,
0x000002770cc0ebf0, 0x000002770cc0ff30, 0x000002770cc0e720, 0x000002770eb50ac0,
0x000002770eb4f2b0, 0x000002770eb4fc50, 0x000002770eb505f0, 0x000002770eb4f780,
0x000002770eb50120, 0x000002770cc0f0c0, 0x000002770cc0fa60, 0x000002770cc10400,
0x000002770cc108d0, 0x000002770cc10da0, 0x000002770cc11740, 0x000002770f6e40f0,
0x000002770f6e2410, 0x000002770f6e5900, 0x000002770f6e2db0, 0x000002770f6e4a90,
0x000002770f6e5dd0, 0x00000277113ca8b0, 0x0000027712061ba0, 0x0000027711398370,
0x0000027711c9a0f0, 0x0000027711c9a5c0, 0x000002771139a050, 0x00000277113c9a40,
0x000002770f6e0d70, 0x000002770e7967d0, 0x000002770f6e1710, 0x000002770ebd1010,
0x000002770f6e3280, 0x000002771204ff90, 0x0000027712062070, 0x0000027712062ee0,
0x00000277120633b0, 0x000002770f6e3750, 0x000002770feb9130, 0x000002770f86c910,
0x000002770e795e30, 0x000002771023bbb0, 0x000002770f6e08a0, 0x000002770f0bcd20,
0x000002771766f2b0
}

Java Threads: ( => current thread )
  0x0000027768919120 JavaThread "main" [_thread_blocked, id=17868, stack(0x000000b2f4400000,0x000000b2f4500000)]
  0x000002770781c540 JavaThread "Reference Handler" daemon [_thread_blocked, id=28792, stack(0x000000b2f4b00000,0x000000b2f4c00000)]
  0x000002770781eef0 JavaThread "Finalizer" daemon [_thread_blocked, id=4532, stack(0x000000b2f4c00000,0x000000b2f4d00000)]
  0x000002770783c840 JavaThread "Signal Dispatcher" daemon [_thread_blocked, id=8940, stack(0x000000b2f4d00000,0x000000b2f4e00000)]
  0x000002770783d0f0 JavaThread "Attach Listener" daemon [_thread_blocked, id=23876, stack(0x000000b2f4e00000,0x000000b2f4f00000)]
  0x000002770783d9a0 JavaThread "Service Thread" daemon [_thread_blocked, id=1472, stack(0x000000b2f4f00000,0x000000b2f5000000)]
  0x000002770783ed60 JavaThread "Monitor Deflation Thread" daemon [_thread_blocked, id=24272, stack(0x000000b2f5000000,0x000000b2f5100000)]
  0x0000027707851cf0 JavaThread "C2 CompilerThread0" daemon [_thread_in_native, id=22984, stack(0x000000b2f5100000,0x000000b2f5200000)]
  0x0000027707872af0 JavaThread "C1 CompilerThread0" daemon [_thread_blocked, id=17124, stack(0x000000b2f5200000,0x000000b2f5300000)]
  0x000002770787c0b0 JavaThread "Sweeper thread" daemon [_thread_blocked, id=19960, stack(0x000000b2f5300000,0x000000b2f5400000)]
  0x000002770bc96030 JavaThread "Common-Cleaner" daemon [_thread_blocked, id=26804, stack(0x000000b2f5400000,0x000000b2f5500000)]
  0x000002770bd9da90 JavaThread "Notification Thread" daemon [_thread_blocked, id=1968, stack(0x000000b2f5500000,0x000000b2f5600000)]
  0x000002770d50b560 JavaThread "Daemon health stats" [_thread_blocked, id=27096, stack(0x000000b2f5c00000,0x000000b2f5d00000)]
  0x000002770d6966f0 JavaThread "Incoming local TCP Connector on port 56131" [_thread_in_native, id=28472, stack(0x000000b2f5700000,0x000000b2f5800000)]
  0x000002770d6910d0 JavaThread "Daemon periodic checks" [_thread_blocked, id=19196, stack(0x000000b2f5d00000,0x000000b2f5e00000)]
  0x000002770d74cc10 JavaThread "Daemon" [_thread_blocked, id=26860, stack(0x000000b2f5e00000,0x000000b2f5f00000)]
  0x000002770d65b470 JavaThread "Handler for socket connection from /127.0.0.1:56131 to /127.0.0.1:56132" [_thread_in_native, id=29812, stack(0x000000b2f5f00000,0x000000b2f6000000)]
  0x000002770d5ed0e0 JavaThread "Cancel handler" [_thread_blocked, id=13924, stack(0x000000b2f6000000,0x000000b2f6100000)]
  0x000002770d5ebda0 JavaThread "Daemon worker" [_thread_in_vm, id=2544, stack(0x000000b2f6100000,0x000000b2f6200000)]
  0x000002770d5ec270 JavaThread "Asynchronous log dispatcher for DefaultDaemonConnection: socket connection from /127.0.0.1:56131 to /127.0.0.1:56132" [_thread_blocked, id=19240, stack(0x000000b2f6200000,0x000000b2f6300000)]
  0x000002770d5ec740 JavaThread "Stdin handler" [_thread_blocked, id=24588, stack(0x000000b2f6300000,0x000000b2f6400000)]
  0x000002770d5ed5b0 JavaThread "Daemon client event forwarder" [_thread_blocked, id=15856, stack(0x000000b2f6400000,0x000000b2f6500000)]
  0x000002770d5ecc10 JavaThread "Cache worker for journal cache (C:\Users\waniw\.gradle\caches\journal-1)" [_thread_blocked, id=31644, stack(0x000000b2f6600000,0x000000b2f6700000)]
  0x000002770dce8530 JavaThread "File lock request listener" [_thread_in_native, id=29560, stack(0x000000b2f6700000,0x000000b2f6800000)]
  0x000002770dce7b90 JavaThread "Cache worker for file hash cache (C:\Users\waniw\.gradle\caches\8.13\fileHashes)" [_thread_blocked, id=22128, stack(0x000000b2f6800000,0x000000b2f6900000)]
  0x000002770dce71f0 JavaThread "Cache worker for file hash cache (C:\projects\daily-immune-admin-app\android\.gradle\8.13\fileHashes)" [_thread_blocked, id=7096, stack(0x000000b2f7000000,0x000000b2f7100000)]
  0x000002770dce8a00 JavaThread "File watcher server" daemon [_thread_in_native, id=31172, stack(0x000000b2f7200000,0x000000b2f7300000)]
  0x000002770dce59e0 JavaThread "File watcher consumer" daemon [_thread_blocked, id=19652, stack(0x000000b2f7300000,0x000000b2f7400000)]
  0x000002770dce5eb0 JavaThread "jar transforms" [_thread_blocked, id=388, stack(0x000000b2f7400000,0x000000b2f7500000)]
  0x000002770dce76c0 JavaThread "jar transforms Thread 2" [_thread_blocked, id=11604, stack(0x000000b2f7500000,0x000000b2f7600000)]
  0x000002770dce8ed0 JavaThread "jar transforms Thread 3" [_thread_blocked, id=28248, stack(0x000000b2f7600000,0x000000b2f7700000)]
  0x000002770dce6380 JavaThread "jar transforms Thread 4" [_thread_blocked, id=25100, stack(0x000000b2f7700000,0x000000b2f7800000)]
  0x000002770dce6850 JavaThread "jar transforms Thread 5" [_thread_blocked, id=12276, stack(0x000000b2f7800000,0x000000b2f7900000)]
  0x000002770dce6d20 JavaThread "Cache worker for checksums cache (C:\projects\daily-immune-admin-app\android\.gradle\8.13\checksums)" [_thread_blocked, id=28752, stack(0x000000b2f7900000,0x000000b2f7a00000)]
  0x000002770dceba20 JavaThread "Cache worker for file content cache (C:\Users\waniw\.gradle\caches\8.13\fileContent)" [_thread_blocked, id=20408, stack(0x000000b2f7a00000,0x000000b2f7b00000)]
  0x000002770dcea210 JavaThread "jar transforms Thread 6" [_thread_blocked, id=27464, stack(0x000000b2f7b00000,0x000000b2f7c00000)]
  0x000002770dce93a0 JavaThread "jar transforms Thread 7" [_thread_blocked, id=31484, stack(0x000000b2f7c00000,0x000000b2f7d00000)]
  0x000002770dceb080 JavaThread "jar transforms Thread 8" [_thread_blocked, id=28492, stack(0x000000b2f7d00000,0x000000b2f7e00000)]
  0x000002770dceb550 JavaThread "jar transforms Thread 9" [_thread_blocked, id=31708, stack(0x000000b2f7e00000,0x000000b2f7f00000)]
  0x000002770dcec3c0 JavaThread "jar transforms Thread 10" [_thread_blocked, id=10968, stack(0x000000b2f7f00000,0x000000b2f8000000)]
  0x000002770dce9870 JavaThread "Exec process" [_thread_blocked, id=27576, stack(0x000000b2f8000000,0x000000b2f8100000)]
  0x000002770dcec890 JavaThread "Exec process Thread 2" [_thread_blocked, id=27432, stack(0x000000b2f8100000,0x000000b2f8200000)]
  0x000002770dcecd60 JavaThread "Exec process Thread 3" [_thread_blocked, id=29528, stack(0x000000b2f8200000,0x000000b2f8300000)]
  0x00000277104814b0 JavaThread "Unconstrained build operations" [_thread_blocked, id=20860, stack(0x000000b2f8600000,0x000000b2f8700000)]
  0x0000027710480fe0 JavaThread "Unconstrained build operations Thread 2" [_thread_blocked, id=22956, stack(0x000000b2f8700000,0x000000b2f8800000)]
  0x0000027710480640 JavaThread "Unconstrained build operations Thread 3" [_thread_blocked, id=4668, stack(0x000000b2f8800000,0x000000b2f8900000)]
  0x00000277104827f0 JavaThread "Unconstrained build operations Thread 4" [_thread_blocked, id=8672, stack(0x000000b2f8900000,0x000000b2f8a00000)]
  0x0000027710482cc0 JavaThread "Unconstrained build operations Thread 5" [_thread_blocked, id=21728, stack(0x000000b2f8a00000,0x000000b2f8b00000)]
  0x0000027710483b30 JavaThread "Unconstrained build operations Thread 6" [_thread_blocked, id=29468, stack(0x000000b2f8b00000,0x000000b2f8c00000)]
  0x00000277104849a0 JavaThread "Unconstrained build operations Thread 7" [_thread_blocked, id=27288, stack(0x000000b2f8d00000,0x000000b2f8e00000)]
  0x0000027710484e70 JavaThread "Unconstrained build operations Thread 8" [_thread_blocked, id=15588, stack(0x000000b2f8e00000,0x000000b2f8f00000)]
  0x0000027710485340 JavaThread "Unconstrained build operations Thread 9" [_thread_blocked, id=29508, stack(0x000000b2f8f00000,0x000000b2f9000000)]
  0x0000027710481980 JavaThread "Unconstrained build operations Thread 10" [_thread_blocked, id=10556, stack(0x000000b2f9000000,0x000000b2f9100000)]
  0x0000027710485810 JavaThread "Unconstrained build operations Thread 11" [_thread_blocked, id=28432, stack(0x000000b2f9100000,0x000000b2f9200000)]
  0x0000027710481e50 JavaThread "Unconstrained build operations Thread 12" [_thread_blocked, id=20332, stack(0x000000b2f9200000,0x000000b2f9300000)]
  0x0000027710485ce0 JavaThread "Unconstrained build operations Thread 13" [_thread_blocked, id=26996, stack(0x000000b2f9300000,0x000000b2f9400000)]
  0x0000027710482320 JavaThread "Unconstrained build operations Thread 14" [_thread_blocked, id=2984, stack(0x000000b2f9400000,0x000000b2f9500000)]
  0x00000277104861b0 JavaThread "Unconstrained build operations Thread 15" [_thread_blocked, id=1728, stack(0x000000b2f9500000,0x000000b2f9600000)]
  0x0000027710486680 JavaThread "Unconstrained build operations Thread 16" [_thread_blocked, id=14700, stack(0x000000b2f9600000,0x000000b2f9700000)]
  0x0000027710486b50 JavaThread "Unconstrained build operations Thread 17" [_thread_blocked, id=28368, stack(0x000000b2f9700000,0x000000b2f9800000)]
  0x0000027710487020 JavaThread "Unconstrained build operations Thread 18" [_thread_blocked, id=21708, stack(0x000000b2f9800000,0x000000b2f9900000)]
  0x00000277104874f0 JavaThread "Unconstrained build operations Thread 19" [_thread_blocked, id=29464, stack(0x000000b2f9900000,0x000000b2f9a00000)]
  0x0000027710d33010 JavaThread "Unconstrained build operations Thread 20" [_thread_blocked, id=25160, stack(0x000000b2f9a00000,0x000000b2f9b00000)]
  0x0000027710d30e60 JavaThread "Unconstrained build operations Thread 21" [_thread_blocked, id=18596, stack(0x000000b2f9b00000,0x000000b2f9c00000)]
  0x0000027710d339b0 JavaThread "Unconstrained build operations Thread 22" [_thread_blocked, id=31164, stack(0x000000b2f9c00000,0x000000b2f9d00000)]
  0x0000027710d31330 JavaThread "Unconstrained build operations Thread 23" [_thread_blocked, id=18404, stack(0x000000b2f9d00000,0x000000b2f9e00000)]
  0x0000027710d304c0 JavaThread "Unconstrained build operations Thread 24" [_thread_blocked, id=21156, stack(0x000000b2f9e00000,0x000000b2f9f00000)]
  0x0000027710d32670 JavaThread "Unconstrained build operations Thread 25" [_thread_blocked, id=27596, stack(0x000000b2f9f00000,0x000000b2fa000000)]
  0x0000027710d2fff0 JavaThread "Unconstrained build operations Thread 26" [_thread_blocked, id=29564, stack(0x000000b2fa000000,0x000000b2fa100000)]
  0x0000027710d334e0 JavaThread "Unconstrained build operations Thread 27" [_thread_blocked, id=8244, stack(0x000000b2fa100000,0x000000b2fa200000)]
  0x0000027710d31800 JavaThread "Unconstrained build operations Thread 28" [_thread_blocked, id=4760, stack(0x000000b2fa200000,0x000000b2fa300000)]
  0x0000027710d31cd0 JavaThread "Unconstrained build operations Thread 29" [_thread_blocked, id=29524, stack(0x000000b2fa300000,0x000000b2fa400000)]
  0x0000027710d34350 JavaThread "Unconstrained build operations Thread 30" [_thread_blocked, id=28572, stack(0x000000b2fa400000,0x000000b2fa500000)]
  0x0000027710d30990 JavaThread "Unconstrained build operations Thread 31" [_thread_blocked, id=31116, stack(0x000000b2fa500000,0x000000b2fa600000)]
  0x0000027710d33e80 JavaThread "Unconstrained build operations Thread 32" [_thread_blocked, id=15500, stack(0x000000b2fa600000,0x000000b2fa700000)]
  0x0000027710d35690 JavaThread "Unconstrained build operations Thread 33" [_thread_blocked, id=13948, stack(0x000000b2fa700000,0x000000b2fa800000)]
  0x0000027710d32b40 JavaThread "Unconstrained build operations Thread 34" [_thread_blocked, id=17940, stack(0x000000b2fa800000,0x000000b2fa900000)]
  0x0000027710d351c0 JavaThread "Unconstrained build operations Thread 35" [_thread_blocked, id=24608, stack(0x000000b2fa900000,0x000000b2faa00000)]
  0x0000027710d321a0 JavaThread "Unconstrained build operations Thread 36" [_thread_blocked, id=26968, stack(0x000000b2faa00000,0x000000b2fab00000)]
  0x0000027710d35b60 JavaThread "Unconstrained build operations Thread 37" [_thread_blocked, id=29728, stack(0x000000b2fab00000,0x000000b2fac00000)]
  0x0000027710d34820 JavaThread "Unconstrained build operations Thread 38" [_thread_blocked, id=21296, stack(0x000000b2fac00000,0x000000b2fad00000)]
  0x0000027710d36500 JavaThread "Unconstrained build operations Thread 39" [_thread_blocked, id=26720, stack(0x000000b2fad00000,0x000000b2fae00000)]
  0x0000027710d37840 JavaThread "Memory manager" [_thread_blocked, id=31288, stack(0x000000b2f8500000,0x000000b2f8600000)]
  0x000002770dc53500 JavaThread "Unconstrained build operations Thread 40" [_thread_blocked, id=26356, stack(0x000000b2fb000000,0x000000b2fb100000)]
  0x000002770dc556b0 JavaThread "Unconstrained build operations Thread 41" [_thread_blocked, id=26012, stack(0x000000b2fb100000,0x000000b2fb200000)]
  0x000002770dc55b80 JavaThread "Unconstrained build operations Thread 42" [_thread_blocked, id=4072, stack(0x000000b2fb200000,0x000000b2fb300000)]
  0x000002770dc54840 JavaThread "Unconstrained build operations Thread 43" [_thread_blocked, id=20576, stack(0x000000b2fb300000,0x000000b2fb400000)]
  0x000002770dc54d10 JavaThread "Unconstrained build operations Thread 44" [_thread_blocked, id=19364, stack(0x000000b2fb400000,0x000000b2fb500000)]
  0x000002770dc56050 JavaThread "Unconstrained build operations Thread 45" [_thread_blocked, id=21564, stack(0x000000b2fb500000,0x000000b2fb600000)]
  0x000002770dc551e0 JavaThread "Unconstrained build operations Thread 46" [_thread_blocked, id=22212, stack(0x000000b2fb600000,0x000000b2fb700000)]
  0x000002770dc56520 JavaThread "Unconstrained build operations Thread 47" [_thread_blocked, id=26404, stack(0x000000b2fb700000,0x000000b2fb800000)]
  0x000002770dc52b60 JavaThread "Unconstrained build operations Thread 48" [_thread_blocked, id=21356, stack(0x000000b2fb800000,0x000000b2fb900000)]
  0x000002770dc569f0 JavaThread "Unconstrained build operations Thread 49" [_thread_blocked, id=2456, stack(0x000000b2fb900000,0x000000b2fba00000)]
  0x000002770dc53030 JavaThread "Unconstrained build operations Thread 50" [_thread_blocked, id=20924, stack(0x000000b2fba00000,0x000000b2fbb00000)]
  0x000002770dc56ec0 JavaThread "Unconstrained build operations Thread 51" [_thread_blocked, id=29692, stack(0x000000b2fbb00000,0x000000b2fbc00000)]
  0x000002770dc57390 JavaThread "Unconstrained build operations Thread 52" [_thread_blocked, id=13076, stack(0x000000b2fbc00000,0x000000b2fbd00000)]
  0x000002770dc539d0 JavaThread "Unconstrained build operations Thread 53" [_thread_blocked, id=28916, stack(0x000000b2fbd00000,0x000000b2fbe00000)]
  0x000002770dc57860 JavaThread "Unconstrained build operations Thread 54" [_thread_blocked, id=25752, stack(0x000000b2fbe00000,0x000000b2fbf00000)]
  0x000002770dc53ea0 JavaThread "Unconstrained build operations Thread 55" [_thread_blocked, id=26812, stack(0x000000b2fbf00000,0x000000b2fc000000)]
  0x000002770dc57d30 JavaThread "Unconstrained build operations Thread 56" [_thread_blocked, id=6488, stack(0x000000b2fc000000,0x000000b2fc100000)]
  0x000002770dc58200 JavaThread "Unconstrained build operations Thread 57" [_thread_blocked, id=30504, stack(0x000000b2fc100000,0x000000b2fc200000)]
  0x000002770dc586d0 JavaThread "Unconstrained build operations Thread 58" [_thread_blocked, id=30052, stack(0x000000b2fc200000,0x000000b2fc300000)]
  0x000002770dc58ba0 JavaThread "Unconstrained build operations Thread 59" [_thread_blocked, id=28956, stack(0x000000b2fc300000,0x000000b2fc400000)]
  0x000002770dc59540 JavaThread "Unconstrained build operations Thread 60" [_thread_blocked, id=28412, stack(0x000000b2fc400000,0x000000b2fc500000)]
  0x000002770dc59070 JavaThread "Unconstrained build operations Thread 61" [_thread_blocked, id=18308, stack(0x000000b2fc500000,0x000000b2fc600000)]
  0x000002770dc59a10 JavaThread "Unconstrained build operations Thread 62" [_thread_blocked, id=27192, stack(0x000000b2fc600000,0x000000b2fc700000)]
  0x000002770dc59ee0 JavaThread "Unconstrained build operations Thread 63" [_thread_blocked, id=22032, stack(0x000000b2fc700000,0x000000b2fc800000)]
  0x000002770dc5a3b0 JavaThread "Unconstrained build operations Thread 64" [_thread_blocked, id=11772, stack(0x000000b2fc800000,0x000000b2fc900000)]
  0x000002770f7c69b0 JavaThread "Unconstrained build operations Thread 65" [_thread_blocked, id=30764, stack(0x000000b2fc900000,0x000000b2fca00000)]
  0x000002770f7c9500 JavaThread "Unconstrained build operations Thread 66" [_thread_blocked, id=8404, stack(0x000000b2fca00000,0x000000b2fcb00000)]
  0x000002770f7c5b40 JavaThread "Unconstrained build operations Thread 67" [_thread_blocked, id=4180, stack(0x000000b2fcb00000,0x000000b2fcc00000)]
  0x000002770f7c6e80 JavaThread "Unconstrained build operations Thread 68" [_thread_blocked, id=12692, stack(0x000000b2fcc00000,0x000000b2fcd00000)]
  0x000002770f7c7350 JavaThread "Unconstrained build operations Thread 69" [_thread_blocked, id=28372, stack(0x000000b2fcd00000,0x000000b2fce00000)]
  0x000002770f7c99d0 JavaThread "Unconstrained build operations Thread 70" [_thread_blocked, id=8004, stack(0x000000b2fce00000,0x000000b2fcf00000)]
  0x000002770f7c6010 JavaThread "Unconstrained build operations Thread 71" [_thread_blocked, id=30656, stack(0x000000b2fcf00000,0x000000b2fd000000)]
  0x000002770f7c7820 JavaThread "Unconstrained build operations Thread 72" [_thread_blocked, id=30984, stack(0x000000b2fd000000,0x000000b2fd100000)]
  0x000002770f7c9ea0 JavaThread "Unconstrained build operations Thread 73" [_thread_blocked, id=19796, stack(0x000000b2fd200000,0x000000b2fd300000)]
  0x000002770f7c8690 JavaThread "Unconstrained build operations Thread 74" [_thread_blocked, id=31132, stack(0x000000b2fd300000,0x000000b2fd400000)]
  0x000002770f7c81c0 JavaThread "Unconstrained build operations Thread 75" [_thread_blocked, id=27388, stack(0x000000b2fd400000,0x000000b2fd500000)]
  0x000002770f7c64e0 JavaThread "Unconstrained build operations Thread 76" [_thread_blocked, id=12896, stack(0x000000b2fd500000,0x000000b2fd600000)]
  0x000002770f7ca370 JavaThread "Unconstrained build operations Thread 77" [_thread_blocked, id=19096, stack(0x000000b2fd600000,0x000000b2fd700000)]
  0x000002770f7cad10 JavaThread "Unconstrained build operations Thread 78" [_thread_blocked, id=26768, stack(0x000000b2fd700000,0x000000b2fd800000)]
  0x000002770f7cb6b0 JavaThread "Unconstrained build operations Thread 79" [_thread_blocked, id=25468, stack(0x000000b2fd800000,0x000000b2fd900000)]
  0x000002770f7cc9f0 JavaThread "Unconstrained build operations Thread 80" [_thread_blocked, id=4764, stack(0x000000b2fd900000,0x000000b2fda00000)]
  0x000002770f7ca840 JavaThread "Unconstrained build operations Thread 81" [_thread_blocked, id=31548, stack(0x000000b2fda00000,0x000000b2fdb00000)]
  0x000002770f7cb1e0 JavaThread "Unconstrained build operations Thread 82" [_thread_blocked, id=25944, stack(0x000000b2fdb00000,0x000000b2fdc00000)]
  0x000002770f7cc050 JavaThread "Unconstrained build operations Thread 83" [_thread_blocked, id=22812, stack(0x000000b2fdc00000,0x000000b2fdd00000)]
  0x000002770f7cbb80 JavaThread "Unconstrained build operations Thread 84" [_thread_blocked, id=19480, stack(0x000000b2fdd00000,0x000000b2fde00000)]
  0x000002770f7cc520 JavaThread "ForkJoinPool.commonPool-worker-1" daemon [_thread_blocked, id=29092, stack(0x000000b2fde00000,0x000000b2fdf00000)]
  0x000002770f7ccec0 JavaThread "ForkJoinPool.commonPool-worker-2" daemon [_thread_blocked, id=16316, stack(0x000000b2fdf00000,0x000000b2fe000000)]
  0x000002770f7cd390 JavaThread "ForkJoinPool.commonPool-worker-3" daemon [_thread_blocked, id=26748, stack(0x000000b2fe000000,0x000000b2fe100000)]
  0x000002771047fca0 JavaThread "ForkJoinPool.commonPool-worker-4" daemon [_thread_blocked, id=4224, stack(0x000000b2fe100000,0x000000b2fe200000)]
  0x0000027712317c00 JavaThread "ForkJoinPool.commonPool-worker-5" daemon [_thread_blocked, id=30800, stack(0x000000b2fe200000,0x000000b2fe300000)]
  0x00000277123163f0 JavaThread "ForkJoinPool.commonPool-worker-6" daemon [_thread_blocked, id=8196, stack(0x000000b2fe300000,0x000000b2fe400000)]
  0x0000027712315a50 JavaThread "ForkJoinPool.commonPool-worker-8" daemon [_thread_blocked, id=29996, stack(0x000000b2fe500000,0x000000b2fe600000)]
  0x0000027712317260 JavaThread "ForkJoinPool.commonPool-worker-9" daemon [_thread_blocked, id=25564, stack(0x000000b2fe600000,0x000000b2fe700000)]
  0x0000027712317730 JavaThread "ForkJoinPool.commonPool-worker-10" daemon [_thread_blocked, id=8636, stack(0x000000b2fe700000,0x000000b2fe800000)]
  0x00000277123185a0 JavaThread "ForkJoinPool.commonPool-worker-11" daemon [_thread_blocked, id=23056, stack(0x000000b2fe900000,0x000000b2fea00000)]
  0x0000027712318f40 JavaThread "included builds" [_thread_blocked, id=30184, stack(0x000000b2faf00000,0x000000b2fb000000)]
  0x0000027712315f20 JavaThread "included builds Thread 2" [_thread_blocked, id=27172, stack(0x000000b2fec00000,0x000000b2fed00000)]
  0x000002771231b0f0 JavaThread "Unconstrained build operations Thread 85" [_thread_blocked, id=31292, stack(0x000000b2ffa00000,0x000000b2ffb00000)]
  0x00000277113991e0 JavaThread "Unconstrained build operations Thread 86" [_thread_blocked, id=8452, stack(0x000000b2ffb00000,0x000000b2ffc00000)]
  0x0000027711398d10 JavaThread "Unconstrained build operations Thread 87" [_thread_blocked, id=10680, stack(0x000000b2ffc00000,0x000000b2ffd00000)]
  0x00000277113961c0 JavaThread "Unconstrained build operations Thread 88" [_thread_blocked, id=26736, stack(0x000000b2ffd00000,0x000000b2ffe00000)]
  0x0000027711397500 JavaThread "Unconstrained build operations Thread 89" [_thread_blocked, id=31000, stack(0x000000b2ffe00000,0x000000b2fff00000)]
  0x00000277113996b0 JavaThread "Unconstrained build operations Thread 90" [_thread_blocked, id=18228, stack(0x000000b2fff00000,0x000000b300000000)]
  0x0000027711396690 JavaThread "Unconstrained build operations Thread 91" [_thread_blocked, id=4976, stack(0x000000b280000000,0x000000b280100000)]
  0x0000027711399b80 JavaThread "Unconstrained build operations Thread 92" [_thread_blocked, id=11624, stack(0x000000b280100000,0x000000b280200000)]
  0x00000277113c9570 JavaThread "Unconstrained build operations Thread 93" [_thread_blocked, id=29324, stack(0x000000b280200000,0x000000b280300000)]
  0x00000277113ca3e0 JavaThread "Unconstrained build operations Thread 94" [_thread_blocked, id=27824, stack(0x000000b280300000,0x000000b280400000)]
  0x00000277113c90a0 JavaThread "Unconstrained build operations Thread 95" [_thread_blocked, id=28932, stack(0x000000b280400000,0x000000b280500000)]
  0x000002770bdaacb0 JavaThread "Unconstrained build operations Thread 96" [_thread_blocked, id=6636, stack(0x000000b280500000,0x000000b280600000)]
  0x000002770bdaa310 JavaThread "Unconstrained build operations Thread 97" [_thread_blocked, id=12604, stack(0x000000b280600000,0x000000b280700000)]
  0x000002770bdaa7e0 JavaThread "Unconstrained build operations Thread 98" [_thread_blocked, id=29736, stack(0x000000b280700000,0x000000b280800000)]
  0x000002770cc0f590 JavaThread "Unconstrained build operations Thread 99" [_thread_blocked, id=29972, stack(0x000000b280800000,0x000000b280900000)]
  0x000002770cc11270 JavaThread "Unconstrained build operations Thread 100" [_thread_blocked, id=21792, stack(0x000000b280900000,0x000000b280a00000)]
  0x000002770cc0ebf0 JavaThread "Unconstrained build operations Thread 101" [_thread_blocked, id=7944, stack(0x000000b280a00000,0x000000b280b00000)]
  0x000002770cc0ff30 JavaThread "Unconstrained build operations Thread 102" [_thread_blocked, id=30072, stack(0x000000b280b00000,0x000000b280c00000)]
  0x000002770cc0e720 JavaThread "Unconstrained build operations Thread 103" [_thread_blocked, id=17820, stack(0x000000b280c00000,0x000000b280d00000)]
  0x000002770eb50ac0 JavaThread "Unconstrained build operations Thread 104" [_thread_blocked, id=23996, stack(0x000000b280d00000,0x000000b280e00000)]
  0x000002770eb4f2b0 JavaThread "Unconstrained build operations Thread 105" [_thread_blocked, id=29760, stack(0x000000b280e00000,0x000000b280f00000)]
  0x000002770eb4fc50 JavaThread "Unconstrained build operations Thread 106" [_thread_blocked, id=20740, stack(0x000000b280f00000,0x000000b281000000)]
  0x000002770eb505f0 JavaThread "Unconstrained build operations Thread 107" [_thread_blocked, id=15444, stack(0x000000b281000000,0x000000b281100000)]
  0x000002770eb4f780 JavaThread "Unconstrained build operations Thread 108" [_thread_blocked, id=31696, stack(0x000000b281100000,0x000000b281200000)]
  0x000002770eb50120 JavaThread "Unconstrained build operations Thread 109" [_thread_blocked, id=31068, stack(0x000000b281200000,0x000000b281300000)]
  0x000002770cc0f0c0 JavaThread "Unconstrained build operations Thread 110" [_thread_blocked, id=31264, stack(0x000000b281300000,0x000000b281400000)]
  0x000002770cc0fa60 JavaThread "Unconstrained build operations Thread 111" [_thread_blocked, id=13068, stack(0x000000b281400000,0x000000b281500000)]
  0x000002770cc10400 JavaThread "Unconstrained build operations Thread 112" [_thread_blocked, id=24024, stack(0x000000b281500000,0x000000b281600000)]
  0x000002770cc108d0 JavaThread "Unconstrained build operations Thread 113" [_thread_blocked, id=16684, stack(0x000000b281600000,0x000000b281700000)]
  0x000002770cc10da0 JavaThread "Unconstrained build operations Thread 114" [_thread_blocked, id=30320, stack(0x000000b281700000,0x000000b281800000)]
  0x000002770cc11740 JavaThread "Unconstrained build operations Thread 115" [_thread_blocked, id=21336, stack(0x000000b281800000,0x000000b281900000)]
  0x000002770f6e40f0 JavaThread "Unconstrained build operations Thread 116" [_thread_blocked, id=22024, stack(0x000000b281900000,0x000000b281a00000)]
  0x000002770f6e2410 JavaThread "Unconstrained build operations Thread 117" [_thread_blocked, id=31152, stack(0x000000b281a00000,0x000000b281b00000)]
  0x000002770f6e5900 JavaThread "Unconstrained build operations Thread 118" [_thread_blocked, id=25684, stack(0x000000b281b00000,0x000000b281c00000)]
  0x000002770f6e2db0 JavaThread "Unconstrained build operations Thread 119" [_thread_blocked, id=27816, stack(0x000000b281c00000,0x000000b281d00000)]
  0x000002770f6e4a90 JavaThread "Unconstrained build operations Thread 120" [_thread_blocked, id=10956, stack(0x000000b281d00000,0x000000b281e00000)]
  0x000002770f6e5dd0 JavaThread "WorkerExecutor Queue" [_thread_blocked, id=16872, stack(0x000000b281e00000,0x000000b281f00000)]
  0x00000277113ca8b0 JavaThread "WorkerExecutor Queue Thread 2" [_thread_blocked, id=26284, stack(0x000000b281f00000,0x000000b282000000)]
  0x0000027712061ba0 JavaThread "RMI Scheduler(0)" daemon [_thread_blocked, id=31056, stack(0x000000b282000000,0x000000b282100000)]
  0x0000027711398370 JavaThread "RMI GC Daemon" daemon [_thread_blocked, id=28524, stack(0x000000b282200000,0x000000b282300000)]
  0x0000027711c9a0f0 JavaThread "RMI TCP Accept-0" daemon [_thread_in_native, id=25816, stack(0x000000b282400000,0x000000b282500000)]
  0x0000027711c9a5c0 JavaThread "RMI Reaper" [_thread_blocked, id=26376, stack(0x000000b282500000,0x000000b282600000)]
  0x000002771139a050 JavaThread "RMI TCP Accept-0" daemon [_thread_in_native, id=22776, stack(0x000000b282600000,0x000000b282700000)]
  0x00000277113c9a40 JavaThread "RMI TCP Connection(12)-127.0.0.1" daemon [_thread_in_native, id=12964, stack(0x000000b282700000,0x000000b282800000)]
  0x000002770f6e0d70 JavaThread "RMI TCP Connection(idle)" daemon [_thread_blocked, id=29828, stack(0x000000b282800000,0x000000b282900000)]
  0x000002770e7967d0 JavaThread "WorkerExecutor Queue Thread 3" [_thread_blocked, id=28604, stack(0x000000b282b00000,0x000000b282c00000)]
  0x000002770f6e1710 JavaThread "RMI TCP Connection(idle)" daemon [_thread_blocked, id=28156, stack(0x000000b282d00000,0x000000b282e00000)]
  0x000002770ebd1010 JavaThread "WorkerExecutor Queue Thread 4" [_thread_blocked, id=12032, stack(0x000000b282100000,0x000000b282200000)]
  0x000002770f6e3280 JavaThread "RMI TCP Connection(idle)" daemon [_thread_blocked, id=9788, stack(0x000000b282f00000,0x000000b283000000)]
  0x000002771204ff90 JavaThread "jar transforms Thread 11" [_thread_blocked, id=31212, stack(0x000000b282c00000,0x000000b282d00000)]
  0x0000027712062070 JavaThread "jar transforms Thread 12" [_thread_blocked, id=11660, stack(0x000000b283300000,0x000000b283400000)]
  0x0000027712062ee0 JavaThread "included builds Thread 3" [_thread_blocked, id=28728, stack(0x000000b283400000,0x000000b283500000)]
  0x00000277120633b0 JavaThread "included builds Thread 4" [_thread_blocked, id=15024, stack(0x000000b283500000,0x000000b283600000)]
  0x000002770f6e3750 JavaThread "WorkerExecutor Queue Thread 5" [_thread_blocked, id=29312, stack(0x000000b283800000,0x000000b283900000)]
  0x000002770feb9130 JavaThread "RMI TCP Connection(idle)" daemon [_thread_blocked, id=30676, stack(0x000000b283a00000,0x000000b283b00000)]
  0x000002770f86c910 JavaThread "WorkerExecutor Queue Thread 6" [_thread_blocked, id=29284, stack(0x000000b283200000,0x000000b283300000)]
  0x000002770e795e30 JavaThread "RMI TCP Connection(idle)" daemon [_thread_blocked, id=21812, stack(0x000000b283c00000,0x000000b283d00000)]
  0x000002771023bbb0 JavaThread "WorkerExecutor Queue Thread 7" [_thread_blocked, id=10788, stack(0x000000b283100000,0x000000b283200000)]
  0x000002770f6e08a0 JavaThread "RMI TCP Connection(11)-127.0.0.1" daemon [_thread_in_native, id=4520, stack(0x000000b283b00000,0x000000b283c00000)]
  0x000002770f0bcd20 JavaThread "WorkerExecutor Queue Thread 8" [_thread_blocked, id=31240, stack(0x000000b283d00000,0x000000b283e00000)]
=>0x000002771766f2b0 JavaThread "C2 CompilerThread1" daemon [_thread_in_native, id=18936, stack(0x000000b282300000,0x000000b282400000)]

Other Threads:
  0x00000277689ae040 VMThread "VM Thread" [stack: 0x000000b2f4a00000,0x000000b2f4b00000] [id=3620]
  0x0000027768919e90 WatcherThread "VM Periodic Task Thread" [stack: 0x000000b2f5600000,0x000000b2f5700000] [id=24692]
  0x000002776897a660 WorkerThread "GC Thread#0" [stack: 0x000000b2f4500000,0x000000b2f4600000] [id=31628]
  0x000002770c010db0 WorkerThread "GC Thread#1" [stack: 0x000000b2f5800000,0x000000b2f5900000] [id=30112]
  0x000002770c1958e0 WorkerThread "GC Thread#2" [stack: 0x000000b2f5900000,0x000000b2f5a00000] [id=19632]
  0x000002770cc80c30 WorkerThread "GC Thread#3" [stack: 0x000000b2f5a00000,0x000000b2f5b00000] [id=18808]
  0x000002770cc34f40 WorkerThread "GC Thread#4" [stack: 0x000000b2f5b00000,0x000000b2f5c00000] [id=9912]
  0x000002770d3fb660 WorkerThread "GC Thread#5" [stack: 0x000000b2f6900000,0x000000b2f6a00000] [id=15548]
  0x000002770d3fb3c0 WorkerThread "GC Thread#6" [stack: 0x000000b2f6a00000,0x000000b2f6b00000] [id=31140]
  0x000002770d3fb900 WorkerThread "GC Thread#7" [stack: 0x000000b2f6b00000,0x000000b2f6c00000] [id=17880]
  0x000002770d3fbba0 WorkerThread "GC Thread#8" [stack: 0x000000b2f6c00000,0x000000b2f6d00000] [id=5132]
  0x000002770d3fbe40 WorkerThread "GC Thread#9" [stack: 0x000000b2f6d00000,0x000000b2f6e00000] [id=30288]
  0x000002776898d710 ConcurrentGCThread "G1 Main Marker" [stack: 0x000000b2f4600000,0x000000b2f4700000] [id=27508]
  0x000002776898fb20 WorkerThread "G1 Conc#0" [stack: 0x000000b2f4700000,0x000000b2f4800000] [id=23936]
  0x000002770d3fc620 WorkerThread "G1 Conc#1" [stack: 0x000000b2f6e00000,0x000000b2f6f00000] [id=20136]
  0x000002770d3fa940 WorkerThread "G1 Conc#2" [stack: 0x000000b2f6f00000,0x000000b2f7000000] [id=27060]
  0x00000277076d81c0 ConcurrentGCThread "G1 Refine#0" [stack: 0x000000b2f4800000,0x000000b2f4900000] [id=12872]
  0x00000277076d8880 ConcurrentGCThread "G1 Service" [stack: 0x000000b2f4900000,0x000000b2f4a00000] [id=30372]

Threads with active compile tasks:
C2 CompilerThread0    86243 18468       4       java.lang.invoke.VarHandleGuards::guard_LLL_Z (86 bytes)
C2 CompilerThread1    86243 18373       4       java.lang.String::split (327 bytes)

VM state: not at safepoint (normal execution)

VM Mutex/Monitor currently owned by a thread:  ([mutex/lock_event])
[0x00000277689179d0] CodeCache_lock - owner thread: 0x000002770d5ebda0
[0x0000027768918ab0] Compile_lock - owner thread: 0x000002770d5ebda0

Heap address: 0x0000000080000000, size: 2048 MB, Compressed Oops mode: 32-bit

CDS archive(s) mapped at: [0x0000000800000000-0x0000000800ba0000-0x0000000800ba0000), size 12189696, SharedBaseAddress: 0x0000000800000000, ArchiveRelocationMode: 0.
Compressed class space mapped at: 0x0000000800c00000-0x000000081a800000, reserved size: 432013312
Narrow klass base: 0x0000000800000000, Narrow klass shift: 0, Narrow klass range: 0x100000000

GC Precious Log:
 CardTable entry size: 512
 Card Set container configuration: InlinePtr #cards 5 size 8 Array Of Cards #cards 12 size 40 Howl #buckets 4 coarsen threshold 1843 Howl Bitmap #cards 512 size 80 coarsen threshold 460 Card regions per heap region 1 cards per card region 2048
 CPUs: 12 total, 12 available
 Memory: 7525M
 Large Page Support: Disabled
 NUMA Support: Disabled
 Compressed Oops: Enabled (32-bit)
 Heap Region Size: 1M
 Heap Min Capacity: 8M
 Heap Initial Capacity: 118M
 Heap Max Capacity: 2G
 Pre-touch: Disabled
 Parallel Workers: 10
 Concurrent Workers: 3
 Concurrent Refinement Workers: 10
 Periodic GC: Disabled

Heap:
 garbage-first heap   total 304128K, used 215002K [0x0000000080000000, 0x0000000100000000)
  region size 1024K, 53 young (54272K), 2 survivors (2048K)
 Metaspace       used 122320K, committed 125120K, reserved 552960K
  class space    used 16420K, committed 17856K, reserved 421888K

Heap Regions: E=young(eden), S=young(survivor), O=old, HS=humongous(starts), HC=humongous(continues), CS=collection set, F=free, OA=open archive, CA=closed archive, TAMS=top-at-mark-start (previous, next)
|   0|0x0000000080000000, 0x0000000080100000, 0x0000000080100000|100%|HS|  |TAMS 0x0000000080100000, 0x0000000080000000| Complete 
|   1|0x0000000080100000, 0x0000000080200000, 0x0000000080200000|100%|HC|  |TAMS 0x0000000080200000, 0x0000000080100000| Complete 
|   2|0x0000000080200000, 0x0000000080300000, 0x0000000080300000|100%|HC|  |TAMS 0x0000000080300000, 0x0000000080200000| Complete 
|   3|0x0000000080300000, 0x0000000080400000, 0x0000000080400000|100%| O|  |TAMS 0x0000000080400000, 0x0000000080300000| Untracked 
|   4|0x0000000080400000, 0x0000000080500000, 0x0000000080500000|100%| O|  |TAMS 0x0000000080500000, 0x0000000080400000| Untracked 
|   5|0x0000000080500000, 0x0000000080600000, 0x0000000080600000|100%| O|  |TAMS 0x0000000080600000, 0x0000000080500000| Untracked 
|   6|0x0000000080600000, 0x0000000080700000, 0x0000000080700000|100%|HS|  |TAMS 0x0000000080700000, 0x0000000080600000| Complete 
|   7|0x0000000080700000, 0x0000000080800000, 0x0000000080800000|100%| O|  |TAMS 0x0000000080800000, 0x0000000080700000| Untracked 
|   8|0x0000000080800000, 0x0000000080900000, 0x0000000080900000|100%| O|  |TAMS 0x0000000080900000, 0x0000000080800000| Untracked 
|   9|0x0000000080900000, 0x0000000080a00000, 0x0000000080a00000|100%| O|  |TAMS 0x0000000080a00000, 0x0000000080900000| Untracked 
|  10|0x0000000080a00000, 0x0000000080b00000, 0x0000000080b00000|100%| O|  |TAMS 0x0000000080b00000, 0x0000000080a00000| Untracked 
|  11|0x0000000080b00000, 0x0000000080c00000, 0x0000000080c00000|100%| O|  |TAMS 0x0000000080c00000, 0x0000000080b00000| Untracked 
|  12|0x0000000080c00000, 0x0000000080d00000, 0x0000000080d00000|100%| O|  |TAMS 0x0000000080d00000, 0x0000000080c00000| Untracked 
|  13|0x0000000080d00000, 0x0000000080e00000, 0x0000000080e00000|100%| O|  |TAMS 0x0000000080e00000, 0x0000000080d00000| Untracked 
|  14|0x0000000080e00000, 0x0000000080f00000, 0x0000000080f00000|100%| O|  |TAMS 0x0000000080f00000, 0x0000000080e00000| Untracked 
|  15|0x0000000080f00000, 0x0000000081000000, 0x0000000081000000|100%| O|  |TAMS 0x0000000081000000, 0x0000000080f00000| Untracked 
|  16|0x0000000081000000, 0x0000000081100000, 0x0000000081100000|100%| O|  |TAMS 0x0000000081100000, 0x0000000081000000| Untracked 
|  17|0x0000000081100000, 0x0000000081200000, 0x0000000081200000|100%| O|  |TAMS 0x0000000081200000, 0x0000000081100000| Untracked 
|  18|0x0000000081200000, 0x0000000081300000, 0x0000000081300000|100%| O|  |TAMS 0x0000000081300000, 0x0000000081200000| Untracked 
|  19|0x0000000081300000, 0x0000000081400000, 0x0000000081400000|100%| O|  |TAMS 0x0000000081400000, 0x0000000081300000| Untracked 
|  20|0x0000000081400000, 0x0000000081500000, 0x0000000081500000|100%| O|  |TAMS 0x0000000081500000, 0x0000000081400000| Untracked 
|  21|0x0000000081500000, 0x0000000081600000, 0x0000000081600000|100%| O|  |TAMS 0x0000000081600000, 0x0000000081500000| Untracked 
|  22|0x0000000081600000, 0x0000000081700000, 0x0000000081700000|100%| O|  |TAMS 0x0000000081700000, 0x0000000081600000| Untracked 
|  23|0x0000000081700000, 0x0000000081800000, 0x0000000081800000|100%| O|  |TAMS 0x0000000081800000, 0x0000000081700000| Untracked 
|  24|0x0000000081800000, 0x0000000081900000, 0x0000000081900000|100%| O|  |TAMS 0x0000000081900000, 0x0000000081800000| Untracked 
|  25|0x0000000081900000, 0x0000000081a00000, 0x0000000081a00000|100%| O|  |TAMS 0x0000000081a00000, 0x0000000081900000| Untracked 
|  26|0x0000000081a00000, 0x0000000081b00000, 0x0000000081b00000|100%| O|  |TAMS 0x0000000081b00000, 0x0000000081a00000| Untracked 
|  27|0x0000000081b00000, 0x0000000081c00000, 0x0000000081c00000|100%| O|  |TAMS 0x0000000081c00000, 0x0000000081b00000| Untracked 
|  28|0x0000000081c00000, 0x0000000081d00000, 0x0000000081d00000|100%| O|  |TAMS 0x0000000081d00000, 0x0000000081c00000| Untracked 
|  29|0x0000000081d00000, 0x0000000081e00000, 0x0000000081e00000|100%| O|  |TAMS 0x0000000081e00000, 0x0000000081d00000| Untracked 
|  30|0x0000000081e00000, 0x0000000081f00000, 0x0000000081f00000|100%| O|  |TAMS 0x0000000081f00000, 0x0000000081e00000| Untracked 
|  31|0x0000000081f00000, 0x0000000082000000, 0x0000000082000000|100%| O|  |TAMS 0x0000000082000000, 0x0000000081f00000| Untracked 
|  32|0x0000000082000000, 0x0000000082100000, 0x0000000082100000|100%| O|  |TAMS 0x0000000082100000, 0x0000000082000000| Untracked 
|  33|0x0000000082100000, 0x0000000082200000, 0x0000000082200000|100%| O|  |TAMS 0x0000000082200000, 0x0000000082100000| Untracked 
|  34|0x0000000082200000, 0x0000000082300000, 0x0000000082300000|100%| O|  |TAMS 0x0000000082300000, 0x0000000082200000| Untracked 
|  35|0x0000000082300000, 0x0000000082400000, 0x0000000082400000|100%| O|  |TAMS 0x0000000082400000, 0x0000000082300000| Untracked 
|  36|0x0000000082400000, 0x0000000082500000, 0x0000000082500000|100%| O|  |TAMS 0x0000000082500000, 0x0000000082400000| Untracked 
|  37|0x0000000082500000, 0x0000000082600000, 0x0000000082600000|100%| O|  |TAMS 0x0000000082600000, 0x0000000082500000| Untracked 
|  38|0x0000000082600000, 0x0000000082700000, 0x0000000082700000|100%| O|  |TAMS 0x0000000082700000, 0x0000000082600000| Untracked 
|  39|0x0000000082700000, 0x0000000082800000, 0x0000000082800000|100%| O|  |TAMS 0x0000000082800000, 0x0000000082700000| Untracked 
|  40|0x0000000082800000, 0x0000000082900000, 0x0000000082900000|100%| O|  |TAMS 0x0000000082900000, 0x0000000082800000| Untracked 
|  41|0x0000000082900000, 0x0000000082a00000, 0x0000000082a00000|100%| O|  |TAMS 0x0000000082a00000, 0x0000000082900000| Untracked 
|  42|0x0000000082a00000, 0x0000000082b00000, 0x0000000082b00000|100%| O|  |TAMS 0x0000000082b00000, 0x0000000082a00000| Untracked 
|  43|0x0000000082b00000, 0x0000000082c00000, 0x0000000082c00000|100%| O|  |TAMS 0x0000000082c00000, 0x0000000082b00000| Untracked 
|  44|0x0000000082c00000, 0x0000000082d00000, 0x0000000082d00000|100%| O|  |TAMS 0x0000000082d00000, 0x0000000082c00000| Untracked 
|  45|0x0000000082d00000, 0x0000000082e00000, 0x0000000082e00000|100%| O|  |TAMS 0x0000000082e00000, 0x0000000082d00000| Untracked 
|  46|0x0000000082e00000, 0x0000000082f00000, 0x0000000082f00000|100%| O|  |TAMS 0x0000000082f00000, 0x0000000082e00000| Untracked 
|  47|0x0000000082f00000, 0x0000000083000000, 0x0000000083000000|100%| O|  |TAMS 0x0000000083000000, 0x0000000082f00000| Untracked 
|  48|0x0000000083000000, 0x0000000083100000, 0x0000000083100000|100%| O|  |TAMS 0x0000000083100000, 0x0000000083000000| Untracked 
|  49|0x0000000083100000, 0x0000000083200000, 0x0000000083200000|100%|HS|  |TAMS 0x0000000083200000, 0x0000000083100000| Complete 
|  50|0x0000000083200000, 0x0000000083300000, 0x0000000083300000|100%|HC|  |TAMS 0x0000000083300000, 0x0000000083200000| Complete 
|  51|0x0000000083300000, 0x0000000083400000, 0x0000000083400000|100%|HS|  |TAMS 0x0000000083400000, 0x0000000083300000| Complete 
|  52|0x0000000083400000, 0x0000000083500000, 0x0000000083500000|100%|HC|  |TAMS 0x0000000083500000, 0x0000000083400000| Complete 
|  53|0x0000000083500000, 0x0000000083600000, 0x0000000083600000|100%|HC|  |TAMS 0x0000000083600000, 0x0000000083500000| Complete 
|  54|0x0000000083600000, 0x0000000083700000, 0x0000000083700000|100%|HS|  |TAMS 0x0000000083700000, 0x0000000083600000| Complete 
|  55|0x0000000083700000, 0x0000000083800000, 0x0000000083800000|100%|HC|  |TAMS 0x0000000083800000, 0x0000000083700000| Complete 
|  56|0x0000000083800000, 0x0000000083900000, 0x0000000083900000|100%| O|  |TAMS 0x0000000083900000, 0x0000000083800000| Untracked 
|  57|0x0000000083900000, 0x0000000083a00000, 0x0000000083a00000|100%| O|  |TAMS 0x0000000083a00000, 0x0000000083900000| Untracked 
|  58|0x0000000083a00000, 0x0000000083b00000, 0x0000000083b00000|100%| O|  |TAMS 0x0000000083b00000, 0x0000000083a00000| Untracked 
|  59|0x0000000083b00000, 0x0000000083c00000, 0x0000000083c00000|100%| O|  |TAMS 0x0000000083c00000, 0x0000000083b00000| Untracked 
|  60|0x0000000083c00000, 0x0000000083d00000, 0x0000000083d00000|100%| O|  |TAMS 0x0000000083d00000, 0x0000000083c00000| Untracked 
|  61|0x0000000083d00000, 0x0000000083e00000, 0x0000000083e00000|100%| O|  |TAMS 0x0000000083e00000, 0x0000000083d00000| Untracked 
|  62|0x0000000083e00000, 0x0000000083f00000, 0x0000000083f00000|100%| O|  |TAMS 0x0000000083f00000, 0x0000000083e00000| Untracked 
|  63|0x0000000083f00000, 0x0000000084000000, 0x0000000084000000|100%| O|  |TAMS 0x0000000084000000, 0x0000000083f00000| Untracked 
|  64|0x0000000084000000, 0x0000000084100000, 0x0000000084100000|100%| O|  |TAMS 0x0000000084100000, 0x0000000084000000| Untracked 
|  65|0x0000000084100000, 0x0000000084200000, 0x0000000084200000|100%| O|  |TAMS 0x0000000084200000, 0x0000000084100000| Untracked 
|  66|0x0000000084200000, 0x0000000084300000, 0x0000000084300000|100%|HS|  |TAMS 0x0000000084300000, 0x0000000084200000| Complete 
|  67|0x0000000084300000, 0x0000000084400000, 0x0000000084400000|100%|HC|  |TAMS 0x0000000084400000, 0x0000000084300000| Complete 
|  68|0x0000000084400000, 0x0000000084500000, 0x0000000084500000|100%|HC|  |TAMS 0x0000000084500000, 0x0000000084400000| Complete 
|  69|0x0000000084500000, 0x0000000084600000, 0x0000000084600000|100%| O|  |TAMS 0x0000000084600000, 0x0000000084500000| Untracked 
|  70|0x0000000084600000, 0x0000000084700000, 0x0000000084700000|100%| O|  |TAMS 0x0000000084700000, 0x0000000084600000| Untracked 
|  71|0x0000000084700000, 0x0000000084800000, 0x0000000084800000|100%| O|  |TAMS 0x0000000084800000, 0x0000000084700000| Untracked 
|  72|0x0000000084800000, 0x0000000084800000, 0x0000000084900000|  0%| F|  |TAMS 0x0000000084800000, 0x0000000084800000| Untracked 
|  73|0x0000000084900000, 0x0000000084900000, 0x0000000084a00000|  0%| F|  |TAMS 0x0000000084900000, 0x0000000084900000| Untracked 
|  74|0x0000000084a00000, 0x0000000084a00000, 0x0000000084b00000|  0%| F|  |TAMS 0x0000000084a00000, 0x0000000084a00000| Untracked 
|  75|0x0000000084b00000, 0x0000000084c00000, 0x0000000084c00000|100%|HS|  |TAMS 0x0000000084c00000, 0x0000000084b00000| Complete 
|  76|0x0000000084c00000, 0x0000000084d00000, 0x0000000084d00000|100%|HC|  |TAMS 0x0000000084d00000, 0x0000000084c00000| Complete 
|  77|0x0000000084d00000, 0x0000000084e00000, 0x0000000084e00000|100%|HS|  |TAMS 0x0000000084e00000, 0x0000000084d00000| Complete 
|  78|0x0000000084e00000, 0x0000000084f00000, 0x0000000084f00000|100%|HC|  |TAMS 0x0000000084f00000, 0x0000000084e00000| Complete 
|  79|0x0000000084f00000, 0x0000000085000000, 0x0000000085000000|100%|HS|  |TAMS 0x0000000085000000, 0x0000000084f00000| Complete 
|  80|0x0000000085000000, 0x0000000085100000, 0x0000000085100000|100%|HC|  |TAMS 0x0000000085100000, 0x0000000085000000| Complete 
|  81|0x0000000085100000, 0x0000000085200000, 0x0000000085200000|100%|HC|  |TAMS 0x0000000085200000, 0x0000000085100000| Complete 
|  82|0x0000000085200000, 0x0000000085300000, 0x0000000085300000|100%|HC|  |TAMS 0x0000000085300000, 0x0000000085200000| Complete 
|  83|0x0000000085300000, 0x0000000085400000, 0x0000000085400000|100%|HS|  |TAMS 0x0000000085400000, 0x0000000085300000| Complete 
|  84|0x0000000085400000, 0x0000000085500000, 0x0000000085500000|100%|HC|  |TAMS 0x0000000085500000, 0x0000000085400000| Complete 
|  85|0x0000000085500000, 0x0000000085600000, 0x0000000085600000|100%|HC|  |TAMS 0x0000000085600000, 0x0000000085500000| Complete 
|  86|0x0000000085600000, 0x0000000085700000, 0x0000000085700000|100%|HC|  |TAMS 0x0000000085700000, 0x0000000085600000| Complete 
|  87|0x0000000085700000, 0x0000000085800000, 0x0000000085800000|100%| O|  |TAMS 0x0000000085800000, 0x0000000085700000| Untracked 
|  88|0x0000000085800000, 0x0000000085900000, 0x0000000085900000|100%| O|  |TAMS 0x0000000085900000, 0x0000000085800000| Untracked 
|  89|0x0000000085900000, 0x0000000085a00000, 0x0000000085a00000|100%| O|  |TAMS 0x0000000085a00000, 0x0000000085900000| Untracked 
|  90|0x0000000085a00000, 0x0000000085b00000, 0x0000000085b00000|100%| O|  |TAMS 0x0000000085b00000, 0x0000000085a00000| Untracked 
|  91|0x0000000085b00000, 0x0000000085c00000, 0x0000000085c00000|100%| O|  |TAMS 0x0000000085c00000, 0x0000000085b00000| Untracked 
|  92|0x0000000085c00000, 0x0000000085d00000, 0x0000000085d00000|100%| O|  |TAMS 0x0000000085d00000, 0x0000000085c00000| Untracked 
|  93|0x0000000085d00000, 0x0000000085e00000, 0x0000000085e00000|100%| O|  |TAMS 0x0000000085e00000, 0x0000000085d00000| Untracked 
|  94|0x0000000085e00000, 0x0000000085f00000, 0x0000000085f00000|100%| O|  |TAMS 0x0000000085f00000, 0x0000000085e00000| Untracked 
|  95|0x0000000085f00000, 0x0000000086000000, 0x0000000086000000|100%| O|  |TAMS 0x0000000086000000, 0x0000000085f00000| Untracked 
|  96|0x0000000086000000, 0x0000000086100000, 0x0000000086100000|100%| O|  |TAMS 0x0000000086100000, 0x0000000086000000| Untracked 
|  97|0x0000000086100000, 0x0000000086200000, 0x0000000086200000|100%| O|  |TAMS 0x0000000086200000, 0x0000000086100000| Untracked 
|  98|0x0000000086200000, 0x0000000086300000, 0x0000000086300000|100%| O|  |TAMS 0x0000000086300000, 0x0000000086200000| Untracked 
|  99|0x0000000086300000, 0x0000000086400000, 0x0000000086400000|100%| O|  |TAMS 0x0000000086400000, 0x0000000086300000| Untracked 
| 100|0x0000000086400000, 0x0000000086500000, 0x0000000086500000|100%| O|  |TAMS 0x0000000086500000, 0x0000000086400000| Untracked 
| 101|0x0000000086500000, 0x0000000086600000, 0x0000000086600000|100%| O|  |TAMS 0x0000000086600000, 0x0000000086500000| Untracked 
| 102|0x0000000086600000, 0x0000000086700000, 0x0000000086700000|100%| O|  |TAMS 0x0000000086700000, 0x0000000086600000| Untracked 
| 103|0x0000000086700000, 0x0000000086700000, 0x0000000086800000|  0%| F|  |TAMS 0x0000000086700000, 0x0000000086700000| Untracked 
| 104|0x0000000086800000, 0x0000000086900000, 0x0000000086900000|100%| O|  |TAMS 0x0000000086900000, 0x0000000086800000| Untracked 
| 105|0x0000000086900000, 0x0000000086a00000, 0x0000000086a00000|100%| O|  |TAMS 0x0000000086a00000, 0x0000000086900000| Untracked 
| 106|0x0000000086a00000, 0x0000000086b00000, 0x0000000086b00000|100%| O|  |TAMS 0x0000000086b00000, 0x0000000086a00000| Untracked 
| 107|0x0000000086b00000, 0x0000000086c00000, 0x0000000086c00000|100%| O|  |TAMS 0x0000000086c00000, 0x0000000086b00000| Untracked 
| 108|0x0000000086c00000, 0x0000000086d00000, 0x0000000086d00000|100%| O|  |TAMS 0x0000000086d00000, 0x0000000086c00000| Untracked 
| 109|0x0000000086d00000, 0x0000000086e00000, 0x0000000086e00000|100%| O|  |TAMS 0x0000000086e00000, 0x0000000086d00000| Untracked 
| 110|0x0000000086e00000, 0x0000000086f00000, 0x0000000086f00000|100%| O|  |TAMS 0x0000000086f00000, 0x0000000086e00000| Untracked 
| 111|0x0000000086f00000, 0x0000000086f00000, 0x0000000087000000|  0%| F|  |TAMS 0x0000000086f00000, 0x0000000086f00000| Untracked 
| 112|0x0000000087000000, 0x0000000087100000, 0x0000000087100000|100%| O|  |TAMS 0x0000000087100000, 0x0000000087000000| Untracked 
| 113|0x0000000087100000, 0x0000000087200000, 0x0000000087200000|100%| O|  |TAMS 0x0000000087200000, 0x0000000087100000| Untracked 
| 114|0x0000000087200000, 0x0000000087300000, 0x0000000087300000|100%| O|  |TAMS 0x0000000087300000, 0x0000000087200000| Untracked 
| 115|0x0000000087300000, 0x0000000087400000, 0x0000000087400000|100%| O|  |TAMS 0x0000000087400000, 0x0000000087300000| Untracked 
| 116|0x0000000087400000, 0x0000000087500000, 0x0000000087500000|100%| O|  |TAMS 0x0000000087500000, 0x0000000087400000| Untracked 
| 117|0x0000000087500000, 0x0000000087600000, 0x0000000087600000|100%| O|  |TAMS 0x0000000087600000, 0x0000000087500000| Untracked 
| 118|0x0000000087600000, 0x0000000087700000, 0x0000000087700000|100%| O|  |TAMS 0x0000000087700000, 0x0000000087600000| Untracked 
| 119|0x0000000087700000, 0x0000000087800000, 0x0000000087800000|100%| O|  |TAMS 0x0000000087800000, 0x0000000087700000| Untracked 
| 120|0x0000000087800000, 0x0000000087900000, 0x0000000087900000|100%| O|  |TAMS 0x0000000087900000, 0x0000000087800000| Untracked 
| 121|0x0000000087900000, 0x0000000087a00000, 0x0000000087a00000|100%| O|  |TAMS 0x0000000087a00000, 0x0000000087900000| Untracked 
| 122|0x0000000087a00000, 0x0000000087b00000, 0x0000000087b00000|100%| O|  |TAMS 0x0000000087b00000, 0x0000000087a00000| Untracked 
| 123|0x0000000087b00000, 0x0000000087c00000, 0x0000000087c00000|100%| O|  |TAMS 0x0000000087c00000, 0x0000000087b00000| Untracked 
| 124|0x0000000087c00000, 0x0000000087d00000, 0x0000000087d00000|100%| O|  |TAMS 0x0000000087d00000, 0x0000000087c00000| Untracked 
| 125|0x0000000087d00000, 0x0000000087e00000, 0x0000000087e00000|100%| O|  |TAMS 0x0000000087e00000, 0x0000000087d00000| Untracked 
| 126|0x0000000087e00000, 0x0000000087f00000, 0x0000000087f00000|100%|HS|  |TAMS 0x0000000087f00000, 0x0000000087e00000| Complete 
| 127|0x0000000087f00000, 0x0000000088000000, 0x0000000088000000|100%|HS|  |TAMS 0x0000000088000000, 0x0000000087f00000| Complete 
| 128|0x0000000088000000, 0x0000000088100000, 0x0000000088100000|100%|HS|  |TAMS 0x0000000088100000, 0x0000000088000000| Complete 
| 129|0x0000000088100000, 0x0000000088200000, 0x0000000088200000|100%|HS|  |TAMS 0x0000000088200000, 0x0000000088100000| Complete 
| 130|0x0000000088200000, 0x0000000088300000, 0x0000000088300000|100%| O|  |TAMS 0x0000000088300000, 0x0000000088200000| Untracked 
| 131|0x0000000088300000, 0x0000000088400000, 0x0000000088400000|100%| O|  |TAMS 0x0000000088400000, 0x0000000088300000| Untracked 
| 132|0x0000000088400000, 0x0000000088500000, 0x0000000088500000|100%| O|  |TAMS 0x0000000088500000, 0x0000000088400000| Untracked 
| 133|0x0000000088500000, 0x0000000088600000, 0x0000000088600000|100%| O|  |TAMS 0x0000000088600000, 0x0000000088500000| Untracked 
| 134|0x0000000088600000, 0x0000000088700000, 0x0000000088700000|100%| O|  |TAMS 0x0000000088700000, 0x0000000088600000| Untracked 
| 135|0x0000000088700000, 0x0000000088800000, 0x0000000088800000|100%| O|  |TAMS 0x0000000088800000, 0x0000000088700000| Untracked 
| 136|0x0000000088800000, 0x0000000088900000, 0x0000000088900000|100%| O|  |TAMS 0x0000000088900000, 0x0000000088800000| Untracked 
| 137|0x0000000088900000, 0x0000000088a00000, 0x0000000088a00000|100%| O|  |TAMS 0x0000000088a00000, 0x0000000088900000| Untracked 
| 138|0x0000000088a00000, 0x0000000088b00000, 0x0000000088b00000|100%| O|  |TAMS 0x0000000088b00000, 0x0000000088a00000| Untracked 
| 139|0x0000000088b00000, 0x0000000088c00000, 0x0000000088c00000|100%| O|  |TAMS 0x0000000088c00000, 0x0000000088b00000| Untracked 
| 140|0x0000000088c00000, 0x0000000088d00000, 0x0000000088d00000|100%| O|  |TAMS 0x0000000088d00000, 0x0000000088c00000| Untracked 
| 141|0x0000000088d00000, 0x0000000088e00000, 0x0000000088e00000|100%| O|  |TAMS 0x0000000088e00000, 0x0000000088d00000| Untracked 
| 142|0x0000000088e00000, 0x0000000088f00000, 0x0000000088f00000|100%|HS|  |TAMS 0x0000000088f00000, 0x0000000088e00000| Complete 
| 143|0x0000000088f00000, 0x0000000089000000, 0x0000000089000000|100%|HS|  |TAMS 0x0000000089000000, 0x0000000088f00000| Complete 
| 144|0x0000000089000000, 0x0000000089100000, 0x0000000089100000|100%| O|  |TAMS 0x0000000089100000, 0x0000000089000000| Untracked 
| 145|0x0000000089100000, 0x0000000089200000, 0x0000000089200000|100%| O|  |TAMS 0x0000000089200000, 0x0000000089100000| Untracked 
| 146|0x0000000089200000, 0x0000000089300000, 0x0000000089300000|100%| O|  |TAMS 0x0000000089300000, 0x0000000089200000| Untracked 
| 147|0x0000000089300000, 0x0000000089400000, 0x0000000089400000|100%| O|  |TAMS 0x0000000089400000, 0x0000000089300000| Untracked 
| 148|0x0000000089400000, 0x0000000089500000, 0x0000000089500000|100%|HS|  |TAMS 0x0000000089500000, 0x0000000089400000| Complete 
| 149|0x0000000089500000, 0x0000000089600000, 0x0000000089600000|100%|HC|  |TAMS 0x0000000089600000, 0x0000000089500000| Complete 
| 150|0x0000000089600000, 0x0000000089700000, 0x0000000089700000|100%| O|  |TAMS 0x0000000089600000, 0x0000000089600000| Untracked 
| 151|0x0000000089700000, 0x0000000089800000, 0x0000000089800000|100%| O|  |TAMS 0x0000000089700000, 0x0000000089700000| Untracked 
| 152|0x0000000089800000, 0x0000000089900000, 0x0000000089900000|100%|HS|  |TAMS 0x0000000089900000, 0x0000000089800000| Complete 
| 153|0x0000000089900000, 0x0000000089a00000, 0x0000000089a00000|100%| O|  |TAMS 0x0000000089958400, 0x0000000089900000| Untracked 
| 154|0x0000000089a00000, 0x0000000089b00000, 0x0000000089b00000|100%| O|  |TAMS 0x0000000089a00000, 0x0000000089a00000| Untracked 
| 155|0x0000000089b00000, 0x0000000089c00000, 0x0000000089c00000|100%| O|  |TAMS 0x0000000089b00000, 0x0000000089b00000| Untracked 
| 156|0x0000000089c00000, 0x0000000089d00000, 0x0000000089d00000|100%| O|  |TAMS 0x0000000089c00000, 0x0000000089c00000| Untracked 
| 157|0x0000000089d00000, 0x0000000089e00000, 0x0000000089e00000|100%| O|  |TAMS 0x0000000089d00000, 0x0000000089d00000| Untracked 
| 158|0x0000000089e00000, 0x0000000089f00000, 0x0000000089f00000|100%| O|  |TAMS 0x0000000089e00000, 0x0000000089e00000| Untracked 
| 159|0x0000000089f00000, 0x000000008a000000, 0x000000008a000000|100%| O|  |TAMS 0x0000000089f00000, 0x0000000089f00000| Untracked 
| 160|0x000000008a000000, 0x000000008a100000, 0x000000008a100000|100%| O|  |TAMS 0x000000008a000000, 0x000000008a000000| Untracked 
| 161|0x000000008a100000, 0x000000008a200000, 0x000000008a200000|100%| O|  |TAMS 0x000000008a100000, 0x000000008a100000| Untracked 
| 162|0x000000008a200000, 0x000000008a300000, 0x000000008a300000|100%| O|  |TAMS 0x000000008a200000, 0x000000008a200000| Untracked 
| 163|0x000000008a300000, 0x000000008a400000, 0x000000008a400000|100%| O|  |TAMS 0x000000008a300000, 0x000000008a300000| Untracked 
| 164|0x000000008a400000, 0x000000008a4dce00, 0x000000008a500000| 86%| O|  |TAMS 0x000000008a400000, 0x000000008a400000| Untracked 
| 165|0x000000008a500000, 0x000000008a500000, 0x000000008a600000|  0%| F|  |TAMS 0x000000008a500000, 0x000000008a500000| Untracked 
| 166|0x000000008a600000, 0x000000008a600000, 0x000000008a700000|  0%| F|  |TAMS 0x000000008a600000, 0x000000008a600000| Untracked 
| 167|0x000000008a700000, 0x000000008a700000, 0x000000008a800000|  0%| F|  |TAMS 0x000000008a700000, 0x000000008a700000| Untracked 
| 168|0x000000008a800000, 0x000000008a800000, 0x000000008a900000|  0%| F|  |TAMS 0x000000008a800000, 0x000000008a800000| Untracked 
| 169|0x000000008a900000, 0x000000008a900000, 0x000000008aa00000|  0%| F|  |TAMS 0x000000008a900000, 0x000000008a900000| Untracked 
| 170|0x000000008aa00000, 0x000000008aa00000, 0x000000008ab00000|  0%| F|  |TAMS 0x000000008aa00000, 0x000000008aa00000| Untracked 
| 171|0x000000008ab00000, 0x000000008ab00000, 0x000000008ac00000|  0%| F|  |TAMS 0x000000008ab00000, 0x000000008ab00000| Untracked 
| 172|0x000000008ac00000, 0x000000008ac00000, 0x000000008ad00000|  0%| F|  |TAMS 0x000000008ac00000, 0x000000008ac00000| Untracked 
| 173|0x000000008ad00000, 0x000000008ad00000, 0x000000008ae00000|  0%| F|  |TAMS 0x000000008ad00000, 0x000000008ad00000| Untracked 
| 174|0x000000008ae00000, 0x000000008ae00000, 0x000000008af00000|  0%| F|  |TAMS 0x000000008ae00000, 0x000000008ae00000| Untracked 
| 175|0x000000008af00000, 0x000000008af00000, 0x000000008b000000|  0%| F|  |TAMS 0x000000008af00000, 0x000000008af00000| Untracked 
| 176|0x000000008b000000, 0x000000008b000000, 0x000000008b100000|  0%| F|  |TAMS 0x000000008b000000, 0x000000008b000000| Untracked 
| 177|0x000000008b100000, 0x000000008b100000, 0x000000008b200000|  0%| F|  |TAMS 0x000000008b100000, 0x000000008b100000| Untracked 
| 178|0x000000008b200000, 0x000000008b200000, 0x000000008b300000|  0%| F|  |TAMS 0x000000008b200000, 0x000000008b200000| Untracked 
| 179|0x000000008b300000, 0x000000008b300000, 0x000000008b400000|  0%| F|  |TAMS 0x000000008b300000, 0x000000008b300000| Untracked 
| 180|0x000000008b400000, 0x000000008b400000, 0x000000008b500000|  0%| F|  |TAMS 0x000000008b400000, 0x000000008b400000| Untracked 
| 181|0x000000008b500000, 0x000000008b500000, 0x000000008b600000|  0%| F|  |TAMS 0x000000008b500000, 0x000000008b500000| Untracked 
| 182|0x000000008b600000, 0x000000008b600000, 0x000000008b700000|  0%| F|  |TAMS 0x000000008b600000, 0x000000008b600000| Untracked 
| 183|0x000000008b700000, 0x000000008b700000, 0x000000008b800000|  0%| F|  |TAMS 0x000000008b700000, 0x000000008b700000| Untracked 
| 184|0x000000008b800000, 0x000000008b800000, 0x000000008b900000|  0%| F|  |TAMS 0x000000008b800000, 0x000000008b800000| Untracked 
| 185|0x000000008b900000, 0x000000008b900000, 0x000000008ba00000|  0%| F|  |TAMS 0x000000008b900000, 0x000000008b900000| Untracked 
| 186|0x000000008ba00000, 0x000000008ba00000, 0x000000008bb00000|  0%| F|  |TAMS 0x000000008ba00000, 0x000000008ba00000| Untracked 
| 187|0x000000008bb00000, 0x000000008bb00000, 0x000000008bc00000|  0%| F|  |TAMS 0x000000008bb00000, 0x000000008bb00000| Untracked 
| 188|0x000000008bc00000, 0x000000008bc00000, 0x000000008bd00000|  0%| F|  |TAMS 0x000000008bc00000, 0x000000008bc00000| Untracked 
| 189|0x000000008bd00000, 0x000000008bd00000, 0x000000008be00000|  0%| F|  |TAMS 0x000000008bd00000, 0x000000008bd00000| Untracked 
| 190|0x000000008be00000, 0x000000008be00000, 0x000000008bf00000|  0%| F|  |TAMS 0x000000008be00000, 0x000000008be00000| Untracked 
| 191|0x000000008bf00000, 0x000000008bf00000, 0x000000008c000000|  0%| F|  |TAMS 0x000000008bf00000, 0x000000008bf00000| Untracked 
| 192|0x000000008c000000, 0x000000008c000000, 0x000000008c100000|  0%| F|  |TAMS 0x000000008c000000, 0x000000008c000000| Untracked 
| 193|0x000000008c100000, 0x000000008c100000, 0x000000008c200000|  0%| F|  |TAMS 0x000000008c100000, 0x000000008c100000| Untracked 
| 194|0x000000008c200000, 0x000000008c200000, 0x000000008c300000|  0%| F|  |TAMS 0x000000008c200000, 0x000000008c200000| Untracked 
| 195|0x000000008c300000, 0x000000008c300000, 0x000000008c400000|  0%| F|  |TAMS 0x000000008c300000, 0x000000008c300000| Untracked 
| 196|0x000000008c400000, 0x000000008c400000, 0x000000008c500000|  0%| F|  |TAMS 0x000000008c400000, 0x000000008c400000| Untracked 
| 197|0x000000008c500000, 0x000000008c500000, 0x000000008c600000|  0%| F|  |TAMS 0x000000008c500000, 0x000000008c500000| Untracked 
| 198|0x000000008c600000, 0x000000008c600000, 0x000000008c700000|  0%| F|  |TAMS 0x000000008c600000, 0x000000008c600000| Untracked 
| 199|0x000000008c700000, 0x000000008c700000, 0x000000008c800000|  0%| F|  |TAMS 0x000000008c700000, 0x000000008c700000| Untracked 
| 200|0x000000008c800000, 0x000000008c800000, 0x000000008c900000|  0%| F|  |TAMS 0x000000008c800000, 0x000000008c800000| Untracked 
| 201|0x000000008c900000, 0x000000008c900000, 0x000000008ca00000|  0%| F|  |TAMS 0x000000008c900000, 0x000000008c900000| Untracked 
| 202|0x000000008ca00000, 0x000000008ca00000, 0x000000008cb00000|  0%| F|  |TAMS 0x000000008ca00000, 0x000000008ca00000| Untracked 
| 203|0x000000008cb00000, 0x000000008cb00000, 0x000000008cc00000|  0%| F|  |TAMS 0x000000008cb00000, 0x000000008cb00000| Untracked 
| 204|0x000000008cc00000, 0x000000008cc00000, 0x000000008cd00000|  0%| F|  |TAMS 0x000000008cc00000, 0x000000008cc00000| Untracked 
| 205|0x000000008cd00000, 0x000000008cd00000, 0x000000008ce00000|  0%| F|  |TAMS 0x000000008cd00000, 0x000000008cd00000| Untracked 
| 206|0x000000008ce00000, 0x000000008ce00000, 0x000000008cf00000|  0%| F|  |TAMS 0x000000008ce00000, 0x000000008ce00000| Untracked 
| 207|0x000000008cf00000, 0x000000008cf00000, 0x000000008d000000|  0%| F|  |TAMS 0x000000008cf00000, 0x000000008cf00000| Untracked 
| 208|0x000000008d000000, 0x000000008d000000, 0x000000008d100000|  0%| F|  |TAMS 0x000000008d000000, 0x000000008d000000| Untracked 
| 209|0x000000008d100000, 0x000000008d100000, 0x000000008d200000|  0%| F|  |TAMS 0x000000008d100000, 0x000000008d100000| Untracked 
| 210|0x000000008d200000, 0x000000008d200000, 0x000000008d300000|  0%| F|  |TAMS 0x000000008d200000, 0x000000008d200000| Untracked 
| 211|0x000000008d300000, 0x000000008d300000, 0x000000008d400000|  0%| F|  |TAMS 0x000000008d300000, 0x000000008d300000| Untracked 
| 212|0x000000008d400000, 0x000000008d400000, 0x000000008d500000|  0%| F|  |TAMS 0x000000008d400000, 0x000000008d400000| Untracked 
| 213|0x000000008d500000, 0x000000008d500000, 0x000000008d600000|  0%| F|  |TAMS 0x000000008d500000, 0x000000008d500000| Untracked 
| 214|0x000000008d600000, 0x000000008d600000, 0x000000008d700000|  0%| F|  |TAMS 0x000000008d600000, 0x000000008d600000| Untracked 
| 215|0x000000008d700000, 0x000000008d700000, 0x000000008d800000|  0%| F|  |TAMS 0x000000008d700000, 0x000000008d700000| Untracked 
| 216|0x000000008d800000, 0x000000008d800000, 0x000000008d900000|  0%| F|  |TAMS 0x000000008d800000, 0x000000008d800000| Untracked 
| 217|0x000000008d900000, 0x000000008d900000, 0x000000008da00000|  0%| F|  |TAMS 0x000000008d900000, 0x000000008d900000| Untracked 
| 218|0x000000008da00000, 0x000000008da00000, 0x000000008db00000|  0%| F|  |TAMS 0x000000008da00000, 0x000000008da00000| Untracked 
| 219|0x000000008db00000, 0x000000008db00000, 0x000000008dc00000|  0%| F|  |TAMS 0x000000008db00000, 0x000000008db00000| Untracked 
| 220|0x000000008dc00000, 0x000000008dc00000, 0x000000008dd00000|  0%| F|  |TAMS 0x000000008dc00000, 0x000000008dc00000| Untracked 
| 221|0x000000008dd00000, 0x000000008dd00000, 0x000000008de00000|  0%| F|  |TAMS 0x000000008dd00000, 0x000000008dd00000| Untracked 
| 222|0x000000008de00000, 0x000000008de00000, 0x000000008df00000|  0%| F|  |TAMS 0x000000008de00000, 0x000000008de00000| Untracked 
| 223|0x000000008df00000, 0x000000008df00000, 0x000000008e000000|  0%| F|  |TAMS 0x000000008df00000, 0x000000008df00000| Untracked 
| 224|0x000000008e000000, 0x000000008e000000, 0x000000008e100000|  0%| F|  |TAMS 0x000000008e000000, 0x000000008e000000| Untracked 
| 225|0x000000008e100000, 0x000000008e100000, 0x000000008e200000|  0%| F|  |TAMS 0x000000008e100000, 0x000000008e100000| Untracked 
| 226|0x000000008e200000, 0x000000008e200000, 0x000000008e300000|  0%| F|  |TAMS 0x000000008e200000, 0x000000008e200000| Untracked 
| 227|0x000000008e300000, 0x000000008e300000, 0x000000008e400000|  0%| F|  |TAMS 0x000000008e300000, 0x000000008e300000| Untracked 
| 228|0x000000008e400000, 0x000000008e400000, 0x000000008e500000|  0%| F|  |TAMS 0x000000008e400000, 0x000000008e400000| Untracked 
| 229|0x000000008e500000, 0x000000008e500000, 0x000000008e600000|  0%| F|  |TAMS 0x000000008e500000, 0x000000008e500000| Untracked 
| 230|0x000000008e600000, 0x000000008e600000, 0x000000008e700000|  0%| F|  |TAMS 0x000000008e600000, 0x000000008e600000| Untracked 
| 231|0x000000008e700000, 0x000000008e700000, 0x000000008e800000|  0%| F|  |TAMS 0x000000008e700000, 0x000000008e700000| Untracked 
| 232|0x000000008e800000, 0x000000008e800000, 0x000000008e900000|  0%| F|  |TAMS 0x000000008e800000, 0x000000008e800000| Untracked 
| 233|0x000000008e900000, 0x000000008e900000, 0x000000008ea00000|  0%| F|  |TAMS 0x000000008e900000, 0x000000008e900000| Untracked 
| 234|0x000000008ea00000, 0x000000008ea00000, 0x000000008eb00000|  0%| F|  |TAMS 0x000000008ea00000, 0x000000008ea00000| Untracked 
| 235|0x000000008eb00000, 0x000000008eb00000, 0x000000008ec00000|  0%| F|  |TAMS 0x000000008eb00000, 0x000000008eb00000| Untracked 
| 236|0x000000008ec00000, 0x000000008ec00000, 0x000000008ed00000|  0%| F|  |TAMS 0x000000008ec00000, 0x000000008ec00000| Untracked 
| 237|0x000000008ed00000, 0x000000008ed00000, 0x000000008ee00000|  0%| F|  |TAMS 0x000000008ed00000, 0x000000008ed00000| Untracked 
| 238|0x000000008ee00000, 0x000000008ee00000, 0x000000008ef00000|  0%| F|  |TAMS 0x000000008ee00000, 0x000000008ee00000| Untracked 
| 239|0x000000008ef00000, 0x000000008ef00000, 0x000000008f000000|  0%| F|  |TAMS 0x000000008ef00000, 0x000000008ef00000| Untracked 
| 240|0x000000008f000000, 0x000000008f000000, 0x000000008f100000|  0%| F|  |TAMS 0x000000008f000000, 0x000000008f000000| Untracked 
| 241|0x000000008f100000, 0x000000008f100000, 0x000000008f200000|  0%| F|  |TAMS 0x000000008f100000, 0x000000008f100000| Untracked 
| 242|0x000000008f200000, 0x000000008f200000, 0x000000008f300000|  0%| F|  |TAMS 0x000000008f200000, 0x000000008f200000| Untracked 
| 243|0x000000008f300000, 0x000000008f300000, 0x000000008f400000|  0%| F|  |TAMS 0x000000008f300000, 0x000000008f300000| Untracked 
| 244|0x000000008f400000, 0x000000008f4e8d00, 0x000000008f500000| 90%| E|  |TAMS 0x000000008f400000, 0x000000008f400000| Complete 
| 245|0x000000008f500000, 0x000000008f600000, 0x000000008f600000|100%| E|CS|TAMS 0x000000008f500000, 0x000000008f500000| Complete 
| 246|0x000000008f600000, 0x000000008f700000, 0x000000008f700000|100%| E|CS|TAMS 0x000000008f600000, 0x000000008f600000| Complete 
| 247|0x000000008f700000, 0x000000008f800000, 0x000000008f800000|100%| E|CS|TAMS 0x000000008f700000, 0x000000008f700000| Complete 
| 248|0x000000008f800000, 0x000000008f900000, 0x000000008f900000|100%| E|CS|TAMS 0x000000008f800000, 0x000000008f800000| Complete 
| 249|0x000000008f900000, 0x000000008fa00000, 0x000000008fa00000|100%| E|CS|TAMS 0x000000008f900000, 0x000000008f900000| Complete 
| 250|0x000000008fa00000, 0x000000008fb00000, 0x000000008fb00000|100%| E|CS|TAMS 0x000000008fa00000, 0x000000008fa00000| Complete 
| 251|0x000000008fb00000, 0x000000008fc00000, 0x000000008fc00000|100%| E|CS|TAMS 0x000000008fb00000, 0x000000008fb00000| Complete 
| 252|0x000000008fc00000, 0x000000008fd00000, 0x000000008fd00000|100%| E|CS|TAMS 0x000000008fc00000, 0x000000008fc00000| Complete 
| 253|0x000000008fd00000, 0x000000008fe00000, 0x000000008fe00000|100%| E|CS|TAMS 0x000000008fd00000, 0x000000008fd00000| Complete 
| 254|0x000000008fe00000, 0x000000008ff00000, 0x000000008ff00000|100%| E|CS|TAMS 0x000000008fe00000, 0x000000008fe00000| Complete 
| 255|0x000000008ff00000, 0x0000000090000000, 0x0000000090000000|100%| E|CS|TAMS 0x000000008ff00000, 0x000000008ff00000| Complete 
| 256|0x0000000090000000, 0x0000000090100000, 0x0000000090100000|100%| E|CS|TAMS 0x0000000090000000, 0x0000000090000000| Complete 
| 257|0x0000000090100000, 0x0000000090200000, 0x0000000090200000|100%| E|CS|TAMS 0x0000000090100000, 0x0000000090100000| Complete 
| 258|0x0000000090200000, 0x0000000090300000, 0x0000000090300000|100%| E|CS|TAMS 0x0000000090200000, 0x0000000090200000| Complete 
| 259|0x0000000090300000, 0x0000000090400000, 0x0000000090400000|100%| E|CS|TAMS 0x0000000090300000, 0x0000000090300000| Complete 
| 260|0x0000000090400000, 0x0000000090500000, 0x0000000090500000|100%| E|  |TAMS 0x0000000090400000, 0x0000000090400000| Complete 
| 261|0x0000000090500000, 0x0000000090600000, 0x0000000090600000|100%| E|CS|TAMS 0x0000000090500000, 0x0000000090500000| Complete 
| 262|0x0000000090600000, 0x0000000090700000, 0x0000000090700000|100%| E|CS|TAMS 0x0000000090600000, 0x0000000090600000| Complete 
| 263|0x0000000090700000, 0x0000000090800000, 0x0000000090800000|100%| E|CS|TAMS 0x0000000090700000, 0x0000000090700000| Complete 
| 264|0x0000000090800000, 0x0000000090900000, 0x0000000090900000|100%| E|CS|TAMS 0x0000000090800000, 0x0000000090800000| Complete 
| 265|0x0000000090900000, 0x0000000090a00000, 0x0000000090a00000|100%| E|CS|TAMS 0x0000000090900000, 0x0000000090900000| Complete 
| 266|0x0000000090a00000, 0x0000000090b00000, 0x0000000090b00000|100%| E|CS|TAMS 0x0000000090a00000, 0x0000000090a00000| Complete 
| 267|0x0000000090b00000, 0x0000000090c00000, 0x0000000090c00000|100%| E|CS|TAMS 0x0000000090b00000, 0x0000000090b00000| Complete 
| 268|0x0000000090c00000, 0x0000000090d00000, 0x0000000090d00000|100%| E|CS|TAMS 0x0000000090c00000, 0x0000000090c00000| Complete 
| 269|0x0000000090d00000, 0x0000000090e00000, 0x0000000090e00000|100%| E|CS|TAMS 0x0000000090d00000, 0x0000000090d00000| Complete 
| 270|0x0000000090e00000, 0x0000000090f00000, 0x0000000090f00000|100%| E|CS|TAMS 0x0000000090e00000, 0x0000000090e00000| Complete 
| 271|0x0000000090f00000, 0x0000000091000000, 0x0000000091000000|100%| E|CS|TAMS 0x0000000090f00000, 0x0000000090f00000| Complete 
| 272|0x0000000091000000, 0x0000000091100000, 0x0000000091100000|100%| E|CS|TAMS 0x0000000091000000, 0x0000000091000000| Complete 
| 273|0x0000000091100000, 0x0000000091200000, 0x0000000091200000|100%| E|CS|TAMS 0x0000000091100000, 0x0000000091100000| Complete 
| 274|0x0000000091200000, 0x0000000091300000, 0x0000000091300000|100%| E|CS|TAMS 0x0000000091200000, 0x0000000091200000| Complete 
| 275|0x0000000091300000, 0x0000000091400000, 0x0000000091400000|100%| E|CS|TAMS 0x0000000091300000, 0x0000000091300000| Complete 
| 276|0x0000000091400000, 0x0000000091500000, 0x0000000091500000|100%| E|CS|TAMS 0x0000000091400000, 0x0000000091400000| Complete 
| 277|0x0000000091500000, 0x0000000091600000, 0x0000000091600000|100%| E|CS|TAMS 0x0000000091500000, 0x0000000091500000| Complete 
| 278|0x0000000091600000, 0x0000000091700000, 0x0000000091700000|100%| E|CS|TAMS 0x0000000091600000, 0x0000000091600000| Complete 
| 279|0x0000000091700000, 0x0000000091800000, 0x0000000091800000|100%| E|CS|TAMS 0x0000000091700000, 0x0000000091700000| Complete 
| 280|0x0000000091800000, 0x0000000091900000, 0x0000000091900000|100%| E|CS|TAMS 0x0000000091800000, 0x0000000091800000| Complete 
| 281|0x0000000091900000, 0x0000000091a00000, 0x0000000091a00000|100%| E|CS|TAMS 0x0000000091900000, 0x0000000091900000| Complete 
| 282|0x0000000091a00000, 0x0000000091b00000, 0x0000000091b00000|100%| E|CS|TAMS 0x0000000091a00000, 0x0000000091a00000| Complete 
| 283|0x0000000091b00000, 0x0000000091c00000, 0x0000000091c00000|100%| E|CS|TAMS 0x0000000091b00000, 0x0000000091b00000| Complete 
| 284|0x0000000091c00000, 0x0000000091d00000, 0x0000000091d00000|100%| E|CS|TAMS 0x0000000091c00000, 0x0000000091c00000| Complete 
| 285|0x0000000091d00000, 0x0000000091d19c38, 0x0000000091e00000| 10%| S|CS|TAMS 0x0000000091d00000, 0x0000000091d00000| Complete 
| 286|0x0000000091e00000, 0x0000000091f00000, 0x0000000091f00000|100%| S|CS|TAMS 0x0000000091e00000, 0x0000000091e00000| Complete 
| 287|0x0000000091f00000, 0x0000000092000000, 0x0000000092000000|100%| E|CS|TAMS 0x0000000091f00000, 0x0000000091f00000| Complete 
| 288|0x0000000092000000, 0x0000000092100000, 0x0000000092100000|100%| E|CS|TAMS 0x0000000092000000, 0x0000000092000000| Complete 
| 289|0x0000000092100000, 0x0000000092200000, 0x0000000092200000|100%| E|CS|TAMS 0x0000000092100000, 0x0000000092100000| Complete 
| 290|0x0000000092200000, 0x0000000092300000, 0x0000000092300000|100%| E|CS|TAMS 0x0000000092200000, 0x0000000092200000| Complete 
| 291|0x0000000092300000, 0x0000000092400000, 0x0000000092400000|100%| E|CS|TAMS 0x0000000092300000, 0x0000000092300000| Complete 
| 292|0x0000000092400000, 0x0000000092500000, 0x0000000092500000|100%| E|CS|TAMS 0x0000000092400000, 0x0000000092400000| Complete 
| 293|0x0000000092500000, 0x0000000092600000, 0x0000000092600000|100%| E|CS|TAMS 0x0000000092500000, 0x0000000092500000| Complete 
| 294|0x0000000092600000, 0x0000000092700000, 0x0000000092700000|100%| E|CS|TAMS 0x0000000092600000, 0x0000000092600000| Complete 
| 295|0x0000000092700000, 0x0000000092800000, 0x0000000092800000|100%| E|CS|TAMS 0x0000000092700000, 0x0000000092700000| Complete 
| 296|0x0000000092800000, 0x0000000092900000, 0x0000000092900000|100%| E|CS|TAMS 0x0000000092800000, 0x0000000092800000| Complete 

Card table byte_map: [0x0000027700400000,0x0000027700800000] _byte_map_base: 0x0000027700000000

Marking Bits (Prev, Next): (CMBitMap*) 0x000002776897bcb0, (CMBitMap*) 0x000002776897bc70
 Prev Bits: [0x0000027702c00000, 0x0000027704c00000)
 Next Bits: [0x0000027700c00000, 0x0000027702c00000)

Polling page: 0x00000277670d0000

Metaspace:

Usage:
  Non-class:    103.49 MB used.
      Class:     16.05 MB used.
       Both:    119.54 MB used.

Virtual space:
  Non-class space:      128.00 MB reserved,     104.81 MB ( 82%) committed,  2 nodes.
      Class space:      412.00 MB reserved,      17.50 MB (  4%) committed,  1 nodes.
             Both:      540.00 MB reserved,     122.31 MB ( 23%) committed. 

Chunk freelists:
   Non-Class:  3.09 MB
       Class:  2.54 MB
        Both:  5.62 MB

MaxMetaspaceSize: 512.00 MB
CompressedClassSpaceSize: 412.00 MB
Initial GC threshold: 21.00 MB
Current GC threshold: 198.06 MB
CDS: on
MetaspaceReclaimPolicy: balanced
 - commit_granule_bytes: 65536.
 - commit_granule_words: 8192.
 - virtual_space_node_default_size: 8388608.
 - enlarge_chunks_in_place: 1.
 - new_chunks_are_fully_committed: 0.
 - uncommit_free_chunks: 1.
 - use_allocation_guard: 0.


Internal statistics:

num_allocs_failed_limit: 15.
num_arena_births: 4958.
num_arena_deaths: 92.
num_vsnodes_births: 3.
num_vsnodes_deaths: 0.
num_space_committed: 1957.
num_space_uncommitted: 0.
num_chunks_returned_to_freelist: 148.
num_chunks_taken_from_freelist: 11261.
num_chunk_merges: 17.
num_chunk_splits: 7090.
num_chunks_enlarged: 4247.
num_inconsistent_stats: 0.

CodeHeap 'non-profiled nmethods': size=120000Kb used=8978Kb max_used=9593Kb free=111021Kb
 bounds [0x0000027777dd0000, 0x0000027778730000, 0x000002777f300000]
CodeHeap 'profiled nmethods': size=120000Kb used=29318Kb max_used=31067Kb free=90681Kb
 bounds [0x00000277708a0000, 0x0000027772700000, 0x0000027777dd0000]
CodeHeap 'non-nmethods': size=5760Kb used=2470Kb max_used=2536Kb free=3290Kb
 bounds [0x0000027770300000, 0x0000027770580000, 0x00000277708a0000]
 total_blobs=16363 nmethods=15363 adapters=911
 compilation: enabled
              stopped_count=0, restarted_count=0
 full_count=0

Compilation events (20 events):
Event: 85.171 Thread 0x0000027707872af0 nmethod 18423 0x0000027771035810 code [0x00000277710359c0, 0x0000027771035ba8]
Event: 85.171 Thread 0x0000027707872af0 18424       3       org.gradle.internal.watch.vfs.impl.DefaultFileSystemWatchingStatistics$$Lambda$2653/0x0000000801d6aea8::visitEntry (9 bytes)
Event: 85.172 Thread 0x0000027707872af0 nmethod 18424 0x0000027770a93810 code [0x0000027770a939e0, 0x0000027770a93d38]
Event: 85.172 Thread 0x0000027707872af0 18428       3       com.google.common.collect.EnumMultiset::checkIsE (53 bytes)
Event: 85.172 Thread 0x0000027707851cf0 nmethod 18395 0x00000277784c9310 code [0x00000277784c95c0, 0x00000277784ca928]
Event: 85.172 Thread 0x0000027707851cf0 18413   !   4       java.util.stream.ReferencePipeline$7$1::accept (127 bytes)
Event: 85.172 Thread 0x0000027707872af0 nmethod 18428 0x0000027770a87c10 code [0x0000027770a87ee0, 0x0000027770a88b58]
Event: 85.172 Thread 0x0000027707872af0 18426       3       com.google.common.collect.EnumMultiset::add (10 bytes)
Event: 85.173 Thread 0x0000027707872af0 nmethod 18426 0x00000277710ef790 code [0x00000277710ef940, 0x00000277710efb68]
Event: 85.173 Thread 0x0000027707872af0 18427       3       com.google.common.collect.EnumMultiset::add (102 bytes)
Event: 85.173 Thread 0x0000027707872af0 nmethod 18427 0x0000027770a80710 code [0x0000027770a80920, 0x0000027770a80e58]
Event: 85.173 Thread 0x0000027707872af0 18425       3       org.gradle.internal.watch.vfs.impl.DefaultFileSystemWatchingStatistics::lambda$getStatistics$0 (15 bytes)
Event: 85.173 Thread 0x0000027707872af0 nmethod 18425 0x0000027771045c10 code [0x0000027771045de0, 0x00000277710460b8]
Event: 85.173 Thread 0x0000027707872af0 18429       3       com.google.common.collect.EnumMultiset::isActuallyE (44 bytes)
Event: 85.174 Thread 0x0000027707872af0 nmethod 18429 0x0000027770aaee10 code [0x0000027770aaefc0, 0x0000027770aaf418]
Event: 85.174 Thread 0x0000027707872af0 18430       3       org.gradle.internal.watch.vfs.impl.DefaultFileSystemWatchingStatistics$$Lambda$2652/0x0000000801d6ac88::accept (12 bytes)
Event: 85.174 Thread 0x0000027707872af0 nmethod 18430 0x0000027770de6c90 code [0x0000027770de6ea0, 0x0000027770de7698]
Event: 85.174 Thread 0x0000027707872af0 18431       3       org.gradle.internal.watch.vfs.impl.DefaultFileSystemWatchingStatistics::lambda$getStatistics$1 (14 bytes)
Event: 85.174 Thread 0x0000027707872af0 nmethod 18431 0x0000027770feff10 code [0x0000027770ff0120, 0x0000027770ff0758]
Event: 85.209 Thread 0x0000027707872af0 18435       3       com.esotericsoftware.kryo.io.Output::writeString (125 bytes)

GC Heap History (20 events):
Event: 74.827 GC heap before
{Heap before GC invocations=45 (full 0):
 garbage-first heap   total 264192K, used 214660K [0x0000000080000000, 0x0000000100000000)
  region size 1024K, 85 young (87040K), 5 survivors (5120K)
 Metaspace       used 99506K, committed 102144K, reserved 552960K
  class space    used 13499K, committed 14912K, reserved 421888K
}
Event: 74.832 GC heap after
{Heap after GC invocations=46 (full 0):
 garbage-first heap   total 264192K, used 135200K [0x0000000080000000, 0x0000000100000000)
  region size 1024K, 7 young (7168K), 7 survivors (7168K)
 Metaspace       used 99506K, committed 102144K, reserved 552960K
  class space    used 13499K, committed 14912K, reserved 421888K
}
Event: 76.285 GC heap before
{Heap before GC invocations=46 (full 0):
 garbage-first heap   total 264192K, used 221216K [0x0000000080000000, 0x0000000100000000)
  region size 1024K, 87 young (89088K), 7 survivors (7168K)
 Metaspace       used 102659K, committed 105344K, reserved 552960K
  class space    used 14017K, committed 15424K, reserved 421888K
}
Event: 76.294 GC heap after
{Heap after GC invocations=47 (full 0):
 garbage-first heap   total 264192K, used 145871K [0x0000000080000000, 0x0000000100000000)
  region size 1024K, 11 young (11264K), 11 survivors (11264K)
 Metaspace       used 102659K, committed 105344K, reserved 552960K
  class space    used 14017K, committed 15424K, reserved 421888K
}
Event: 77.650 GC heap before
{Heap before GC invocations=47 (full 0):
 garbage-first heap   total 264192K, used 215503K [0x0000000080000000, 0x0000000100000000)
  region size 1024K, 79 young (80896K), 11 survivors (11264K)
 Metaspace       used 106375K, committed 109184K, reserved 552960K
  class space    used 14419K, committed 15872K, reserved 421888K
}
Event: 77.673 GC heap after
{Heap after GC invocations=48 (full 0):
 garbage-first heap   total 264192K, used 150058K [0x0000000080000000, 0x0000000100000000)
  region size 1024K, 5 young (5120K), 5 survivors (5120K)
 Metaspace       used 106375K, committed 109184K, reserved 552960K
  class space    used 14419K, committed 15872K, reserved 421888K
}
Event: 77.855 GC heap before
{Heap before GC invocations=48 (full 0):
 garbage-first heap   total 264192K, used 217642K [0x0000000080000000, 0x0000000100000000)
  region size 1024K, 71 young (72704K), 5 survivors (5120K)
 Metaspace       used 106412K, committed 109184K, reserved 552960K
  class space    used 14419K, committed 15872K, reserved 421888K
}
Event: 77.858 GC heap after
{Heap after GC invocations=49 (full 0):
 garbage-first heap   total 264192K, used 150363K [0x0000000080000000, 0x0000000100000000)
  region size 1024K, 6 young (6144K), 6 survivors (6144K)
 Metaspace       used 106412K, committed 109184K, reserved 552960K
  class space    used 14419K, committed 15872K, reserved 421888K
}
Event: 78.171 GC heap before
{Heap before GC invocations=49 (full 0):
 garbage-first heap   total 264192K, used 221019K [0x0000000080000000, 0x0000000100000000)
  region size 1024K, 74 young (75776K), 6 survivors (6144K)
 Metaspace       used 106855K, committed 109696K, reserved 552960K
  class space    used 14453K, committed 15936K, reserved 421888K
}
Event: 78.175 GC heap after
{Heap after GC invocations=50 (full 0):
 garbage-first heap   total 264192K, used 153119K [0x0000000080000000, 0x0000000100000000)
  region size 1024K, 7 young (7168K), 7 survivors (7168K)
 Metaspace       used 106855K, committed 109696K, reserved 552960K
  class space    used 14453K, committed 15936K, reserved 421888K
}
Event: 78.882 GC heap before
{Heap before GC invocations=50 (full 0):
 garbage-first heap   total 264192K, used 223775K [0x0000000080000000, 0x0000000100000000)
  region size 1024K, 75 young (76800K), 7 survivors (7168K)
 Metaspace       used 111930K, committed 114688K, reserved 552960K
  class space    used 14980K, committed 16448K, reserved 421888K
}
Event: 78.935 GC heap after
{Heap after GC invocations=51 (full 0):
 garbage-first heap   total 264192K, used 156104K [0x0000000080000000, 0x0000000100000000)
  region size 1024K, 6 young (6144K), 6 survivors (6144K)
 Metaspace       used 111930K, committed 114688K, reserved 552960K
  class space    used 14980K, committed 16448K, reserved 421888K
}
Event: 79.534 GC heap before
{Heap before GC invocations=51 (full 0):
 garbage-first heap   total 264192K, used 228808K [0x0000000080000000, 0x0000000100000000)
  region size 1024K, 72 young (73728K), 6 survivors (6144K)
 Metaspace       used 115204K, committed 118080K, reserved 552960K
  class space    used 15402K, committed 16896K, reserved 421888K
}
Event: 79.539 GC heap after
{Heap after GC invocations=52 (full 0):
 garbage-first heap   total 264192K, used 162145K [0x0000000080000000, 0x0000000100000000)
  region size 1024K, 9 young (9216K), 9 survivors (9216K)
 Metaspace       used 115204K, committed 118080K, reserved 552960K
  class space    used 15402K, committed 16896K, reserved 421888K
}
Event: 80.053 GC heap before
{Heap before GC invocations=52 (full 0):
 garbage-first heap   total 264192K, used 211297K [0x0000000080000000, 0x0000000100000000)
  region size 1024K, 56 young (57344K), 9 survivors (9216K)
 Metaspace       used 117962K, committed 120768K, reserved 552960K
  class space    used 15776K, committed 17280K, reserved 421888K
}
Event: 80.064 GC heap after
{Heap after GC invocations=53 (full 0):
 garbage-first heap   total 264192K, used 166979K [0x0000000080000000, 0x0000000100000000)
  region size 1024K, 3 young (3072K), 3 survivors (3072K)
 Metaspace       used 117962K, committed 120768K, reserved 552960K
  class space    used 15776K, committed 17280K, reserved 421888K
}
Event: 81.748 GC heap before
{Heap before GC invocations=54 (full 0):
 garbage-first heap   total 304128K, used 221251K [0x0000000080000000, 0x0000000100000000)
  region size 1024K, 56 young (57344K), 3 survivors (3072K)
 Metaspace       used 120731K, committed 123584K, reserved 552960K
  class space    used 16159K, committed 17664K, reserved 421888K
}
Event: 81.751 GC heap after
{Heap after GC invocations=55 (full 0):
 garbage-first heap   total 304128K, used 167873K [0x0000000080000000, 0x0000000100000000)
  region size 1024K, 4 young (4096K), 4 survivors (4096K)
 Metaspace       used 120731K, committed 123584K, reserved 552960K
  class space    used 16159K, committed 17664K, reserved 421888K
}
Event: 84.908 GC heap before
{Heap before GC invocations=55 (full 0):
 garbage-first heap   total 304128K, used 178113K [0x0000000080000000, 0x0000000100000000)
  region size 1024K, 14 young (14336K), 4 survivors (4096K)
 Metaspace       used 121234K, committed 124032K, reserved 552960K
  class space    used 16252K, committed 17728K, reserved 421888K
}
Event: 84.912 GC heap after
{Heap after GC invocations=56 (full 0):
 garbage-first heap   total 304128K, used 164826K [0x0000000080000000, 0x0000000100000000)
  region size 1024K, 2 young (2048K), 2 survivors (2048K)
 Metaspace       used 121234K, committed 124032K, reserved 552960K
  class space    used 16252K, committed 17728K, reserved 421888K
}

Deoptimization events (20 events):
Event: 85.129 Thread 0x000002771023b210 DEOPT PACKING pc=0x0000027778418e60 sp=0x000000b2839feb40
Event: 85.129 Thread 0x000002771023b210 DEOPT UNPACKING pc=0x00000277703523a3 sp=0x000000b2839fead8 mode 2
Event: 85.129 Thread 0x000002771023b210 Uncommon trap: trap_request=0xffffffde fr.pc=0x0000027778418e60 relative=0x00000000000003a0
Event: 85.129 Thread 0x000002771023b210 Uncommon trap: reason=class_check action=maybe_recompile pc=0x0000027778418e60 method=java.io.BufferedOutputStream.write([BII)V @ 20 c2
Event: 85.129 Thread 0x000002771023b210 DEOPT PACKING pc=0x0000027778418e60 sp=0x000000b2839febb0
Event: 85.129 Thread 0x000002771023b210 DEOPT UNPACKING pc=0x00000277703523a3 sp=0x000000b2839feb48 mode 2
Event: 85.133 Thread 0x000002771023b210 Uncommon trap: trap_request=0xffffff45 fr.pc=0x00000277783c8eec relative=0x000000000000046c
Event: 85.133 Thread 0x000002771023b210 Uncommon trap: reason=unstable_if action=reinterpret pc=0x00000277783c8eec method=java.util.concurrent.locks.AbstractQueuedSynchronizer$ConditionNode.isReleasable()Z @ 14 c2
Event: 85.133 Thread 0x000002771023b210 DEOPT PACKING pc=0x00000277783c8eec sp=0x000000b2839ff130
Event: 85.133 Thread 0x000002771023b210 DEOPT UNPACKING pc=0x00000277703523a3 sp=0x000000b2839fef48 mode 2
Event: 85.133 Thread 0x000002771023b210 Uncommon trap: trap_request=0xffffff45 fr.pc=0x000002777803d2c8 relative=0x0000000000000048
Event: 85.133 Thread 0x000002771023b210 Uncommon trap: reason=unstable_if action=reinterpret pc=0x000002777803d2c8 method=java.lang.Thread.interrupted()Z @ 10 c2
Event: 85.133 Thread 0x000002771023b210 DEOPT PACKING pc=0x000002777803d2c8 sp=0x000000b2839ff0d0
Event: 85.133 Thread 0x000002771023b210 DEOPT UNPACKING pc=0x00000277703523a3 sp=0x000000b2839ff060 mode 2
Event: 85.135 Thread 0x000002770d5ebda0 Uncommon trap: trap_request=0xfffffff4 fr.pc=0x0000027778521a30 relative=0x00000000000019b0
Event: 85.135 Thread 0x000002770d5ebda0 Uncommon trap: reason=null_check action=make_not_entrant pc=0x0000027778521a30 method=org.gradle.internal.logging.sink.OutputEventTransformer.onOutput(Lorg/gradle/internal/logging/events/OutputEvent;)V @ 338 c2
Event: 85.135 Thread 0x000002770d5ebda0 DEOPT PACKING pc=0x0000027778521a30 sp=0x000000b2f61fcb60
Event: 85.135 Thread 0x000002770d5ebda0 DEOPT UNPACKING pc=0x00000277703523a3 sp=0x000000b2f61fcb68 mode 2
Event: 85.228 Thread 0x000002770d5ed5b0 Uncommon trap: trap_request=0xffffff45 fr.pc=0x00000277785501e0 relative=0x0000000000001120
Event: 86.178 Thread 0x000002770d5ed5b0 Uncommon trap: reason=unstable_if action=reinterpret pc=0x00000277785501e0 method=java.io.ObjectOutputStream.writeString(Ljava/lang/String;Z)V @ 31 c2

Classes loaded (20 events):
Event: 83.865 Loading class java/lang/ProcessCustomizer
Event: 83.865 Loading class java/lang/ProcessCustomizer done
Event: 83.866 Loading class java/lang/ProcessCustomizer
Event: 83.866 Loading class java/lang/ProcessCustomizer done
Event: 83.867 Loading class java/lang/ProcessImplCustomizer
Event: 83.867 Loading class java/lang/ProcessImplCustomizer done
Event: 83.868 Loading class java/lang/ProcessImplCustomizer
Event: 83.868 Loading class java/lang/ProcessImplCustomizer done
Event: 84.896 Loading class java/lang/invoke/WrongMethodTypeException
Event: 84.896 Loading class java/lang/invoke/WrongMethodTypeException done
Event: 84.906 Loading class java/lang/Throwable$WrappedPrintWriter
Event: 84.906 Loading class java/lang/Throwable$PrintStreamOrWriter
Event: 84.906 Loading class java/lang/Throwable$PrintStreamOrWriter done
Event: 84.906 Loading class java/lang/Throwable$WrappedPrintWriter done
Event: 84.945 Loading class java/util/concurrent/RejectedExecutionException
Event: 84.945 Loading class java/util/concurrent/RejectedExecutionException done
Event: 84.964 Loading class sun/misc/SharedSecrets
Event: 84.964 Loading class sun/misc/SharedSecrets done
Event: 85.088 Loading class java/util/logging/LogRecord
Event: 85.088 Loading class java/util/logging/LogRecord done

Classes unloaded (20 events):
Event: 80.223 Thread 0x00000277689ae040 Unloading class 0x0000000801924800 'java/lang/invoke/LambdaForm$BMH+0x0000000801924800'
Event: 80.223 Thread 0x00000277689ae040 Unloading class 0x0000000801894c00 'java/lang/invoke/LambdaForm$MH+0x0000000801894c00'
Event: 80.223 Thread 0x00000277689ae040 Unloading class 0x0000000801894000 'java/lang/invoke/LambdaForm$MH+0x0000000801894000'
Event: 80.223 Thread 0x00000277689ae040 Unloading class 0x0000000801893800 'java/lang/invoke/LambdaForm$MH+0x0000000801893800'
Event: 80.223 Thread 0x00000277689ae040 Unloading class 0x0000000801892c00 'java/lang/invoke/LambdaForm$MH+0x0000000801892c00'
Event: 80.223 Thread 0x00000277689ae040 Unloading class 0x0000000801892400 'java/lang/invoke/LambdaForm$MH+0x0000000801892400'
Event: 80.223 Thread 0x00000277689ae040 Unloading class 0x0000000801891c00 'java/lang/invoke/LambdaForm$MH+0x0000000801891c00'
Event: 80.224 Thread 0x00000277689ae040 Unloading class 0x0000000801891000 'java/lang/invoke/LambdaForm$MH+0x0000000801891000'
Event: 80.224 Thread 0x00000277689ae040 Unloading class 0x0000000801890800 'java/lang/invoke/LambdaForm$MH+0x0000000801890800'
Event: 80.224 Thread 0x00000277689ae040 Unloading class 0x0000000801890000 'java/lang/invoke/LambdaForm$MH+0x0000000801890000'
Event: 80.224 Thread 0x00000277689ae040 Unloading class 0x000000080188f800 'java/lang/invoke/LambdaForm$MH+0x000000080188f800'
Event: 80.224 Thread 0x00000277689ae040 Unloading class 0x000000080188f000 'java/lang/invoke/LambdaForm$MH+0x000000080188f000'
Event: 80.224 Thread 0x00000277689ae040 Unloading class 0x000000080188e800 'java/lang/invoke/LambdaForm$MH+0x000000080188e800'
Event: 80.224 Thread 0x00000277689ae040 Unloading class 0x000000080188e000 'java/lang/invoke/LambdaForm$MH+0x000000080188e000'
Event: 80.224 Thread 0x00000277689ae040 Unloading class 0x000000080188d800 'java/lang/invoke/LambdaForm$MH+0x000000080188d800'
Event: 80.224 Thread 0x00000277689ae040 Unloading class 0x000000080188d000 'java/lang/invoke/LambdaForm$MH+0x000000080188d000'
Event: 80.224 Thread 0x00000277689ae040 Unloading class 0x000000080188cc00 'java/lang/invoke/LambdaForm$MH+0x000000080188cc00'
Event: 80.224 Thread 0x00000277689ae040 Unloading class 0x000000080188c400 'java/lang/invoke/LambdaForm$DMH+0x000000080188c400'
Event: 80.224 Thread 0x00000277689ae040 Unloading class 0x000000080187cc00 'java/lang/invoke/LambdaForm$MH+0x000000080187cc00'
Event: 80.224 Thread 0x00000277689ae040 Unloading class 0x000000080187c000 'java/lang/invoke/LambdaForm$DMH+0x000000080187c000'

Classes redefined (0 events):
No events

Internal exceptions (20 events):
Event: 83.826 Thread 0x000002770d5ebda0 Exception <a 'java/lang/ClassNotFoundException'{0x0000000092110b18}: com/facebook/react/ReactExtensionCustomizer> (0x0000000092110b18) 
thrown [s\open\src\hotspot\share\classfile\systemDictionary.cpp, line 255]
Event: 83.827 Thread 0x000002770d5ebda0 Exception <a 'java/lang/ClassNotFoundException'{0x0000000092141e48}: com/facebook/react/ReactExtension_DecoratedCustomizer> (0x0000000092141e48) 
thrown [s\open\src\hotspot\share\classfile\systemDictionary.cpp, line 255]
Event: 83.865 Thread 0x000002770d5ebda0 Exception <a 'java/lang/ClassNotFoundException'{0x000000009207bba0}: java/lang/ProcessImplBeanInfo> (0x000000009207bba0) 
thrown [s\open\src\hotspot\share\classfile\systemDictionary.cpp, line 255]
Event: 83.865 Thread 0x000002770d5ebda0 Exception <a 'java/lang/ClassNotFoundException'{0x000000009208ae00}: java/lang/ProcessBeanInfo> (0x000000009208ae00) 
thrown [s\open\src\hotspot\share\classfile\systemDictionary.cpp, line 255]
Event: 83.866 Thread 0x000002770d5ebda0 Exception <a 'java/lang/ClassNotFoundException'{0x0000000092099df0}: java/lang/ProcessCustomizer> (0x0000000092099df0) 
thrown [s\open\src\hotspot\share\classfile\systemDictionary.cpp, line 255]
Event: 83.868 Thread 0x000002770d5ebda0 Exception <a 'java/lang/ClassNotFoundException'{0x00000000920b59b8}: java/lang/ProcessImplCustomizer> (0x00000000920b59b8) 
thrown [s\open\src\hotspot\share\classfile\systemDictionary.cpp, line 255]
Event: 84.914 Thread 0x000002770d5ed5b0 Exception <a 'java/lang/NoSuchMethodError'{0x0000000092891628}: static Lorg/gradle/internal/build/event/types/DefaultFailureResult;.<clinit>()V> (0x0000000092891628) 
thrown [s\open\src\hotspot\share\prims\jni.cpp, line 1104]
Event: 84.914 Thread 0x000002770d5ed5b0 Exception <a 'java/lang/NoSuchMethodError'{0x00000000928a6348}: static Lorg/gradle/internal/build/event/types/DefaultFailure;.<clinit>()V> (0x00000000928a6348) 
thrown [s\open\src\hotspot\share\prims\jni.cpp, line 1104]
Event: 84.964 Thread 0x000002770d5ebda0 Exception <a 'java/lang/ClassNotFoundException'{0x000000009245cd38}: sun/misc/SharedSecrets> (0x000000009245cd38) 
thrown [s\open\src\hotspot\share\classfile\systemDictionary.cpp, line 255]
Event: 85.049 Thread 0x000002770d5ebda0 Exception <a 'java/lang/NoSuchMethodError'{0x000000008ff308f0}: static Lorg/jetbrains/kotlin/gradle/plugin/statistics/MetricContainer;.<clinit>()V> (0x000000008ff308f0) 
thrown [s\open\src\hotspot\share\prims\jni.cpp, line 1104]
Event: 85.064 Thread 0x000002770d5ebda0 Exception <a 'java/lang/NoSuchMethodError'{0x000000008ffd5098}: 'long java.lang.invoke.DelegatingMethodHandle$Holder.reinvoke_L(java.lang.Object, java.lang.Object)'> (0x000000008ffd5098) 
thrown [s\open\src\hotspot\share\interpreter\linkResolver.cpp, line 759]
Event: 85.090 Thread 0x000002770d5ebda0 Exception <a 'java/lang/NoSuchMethodError'{0x000000008fe8a400}: static Ljava/lang/Object;.<clinit>()V> (0x000000008fe8a400) 
thrown [s\open\src\hotspot\share\prims\jni.cpp, line 1104]
Event: 85.091 Thread 0x000002770d5ebda0 Exception <a 'java/lang/NoSuchMethodError'{0x000000008fe9bea0}: static Lorg/jetbrains/kotlin/gradle/plugin/statistics/MetricContainer;.<clinit>()V> (0x000000008fe9bea0) 
thrown [s\open\src\hotspot\share\prims\jni.cpp, line 1104]
Event: 85.123 Thread 0x000002770d5ebda0 Exception <a 'java/lang/NoSuchMethodError'{0x000000008fca8588}: 'void java.lang.invoke.DirectMethodHandle$Holder.invokeInterface(java.lang.Object, java.lang.Object, java.lang.Object, int)'> (0x000000008fca8588) 
thrown [s\open\src\hotspot\share\interpreter\linkResolver.cpp, line 759]
Event: 85.123 Thread 0x000002770d5ebda0 Exception <a 'java/lang/IncompatibleClassChangeError'{0x000000008fcac3b0}: Found class java.lang.Object, but interface was expected> (0x000000008fcac3b0) 
thrown [s\open\src\hotspot\share\interpreter\linkResolver.cpp, line 826]
Event: 85.123 Thread 0x000002770d5ebda0 Exception <a 'java/lang/NoSuchMethodError'{0x000000008fcb0958}: 'void java.lang.invoke.DelegatingMethodHandle$Holder.reinvoke_L(java.lang.Object, java.lang.Object, java.lang.Object, int)'> (0x000000008fcb0958) 
thrown [s\open\src\hotspot\share\interpreter\linkResolver.cpp, line 759]
Event: 85.125 Thread 0x000002770d5ebda0 Exception <a 'sun/nio/fs/WindowsException'{0x000000008fcd7d18}> (0x000000008fcd7d18) 
thrown [s\open\src\hotspot\share\prims\jni.cpp, line 516]
Event: 85.125 Thread 0x000002770d5ebda0 Exception <a 'sun/nio/fs/WindowsException'{0x000000008fcd8028}> (0x000000008fcd8028) 
thrown [s\open\src\hotspot\share\prims\jni.cpp, line 516]
Event: 85.135 Thread 0x000002770d5ebda0 Implicit null exception at 0x0000027778520690 to 0x0000027778521a24
Event: 85.145 Thread 0x000002770d5ebda0 Exception <a 'java/lang/NoSuchMethodError'{0x000000008fb7e308}: 'void java.lang.invoke.DirectMethodHandle$Holder.invokeStatic(java.lang.Object, int, java.lang.Object)'> (0x000000008fb7e308) 
thrown [s\open\src\hotspot\share\interpreter\linkResolver.cpp, line 759]

VM Operations (20 events):
Event: 81.751 Executing VM operation: G1CollectForAllocation done
Event: 82.752 Executing VM operation: Cleanup
Event: 83.799 Executing VM operation: Cleanup done
Event: 83.852 Executing VM operation: HandshakeAllThreads
Event: 83.852 Executing VM operation: HandshakeAllThreads done
Event: 84.853 Executing VM operation: Cleanup
Event: 84.853 Executing VM operation: Cleanup done
Event: 84.907 Executing VM operation: G1CollectForAllocation
Event: 84.912 Executing VM operation: G1CollectForAllocation done
Event: 84.922 Executing VM operation: HandshakeAllThreads
Event: 84.923 Executing VM operation: HandshakeAllThreads done
Event: 84.958 Executing VM operation: HandshakeAllThreads
Event: 84.958 Executing VM operation: HandshakeAllThreads done
Event: 85.006 Executing VM operation: HandshakeAllThreads
Event: 85.007 Executing VM operation: HandshakeAllThreads done
Event: 85.135 Executing VM operation: HandshakeAllThreads
Event: 85.136 Executing VM operation: HandshakeAllThreads done
Event: 85.144 Executing VM operation: HandshakeAllThreads
Event: 85.145 Executing VM operation: HandshakeAllThreads done
Event: 86.145 Executing VM operation: Cleanup

Events (20 events):
Event: 85.163 Thread 0x000002770787c0b0 flushing nmethod 0x0000027772462f90
Event: 85.163 Thread 0x000002770787c0b0 flushing nmethod 0x0000027772468290
Event: 85.163 Thread 0x000002770787c0b0 flushing nmethod 0x000002777246b810
Event: 85.163 Thread 0x000002770787c0b0 flushing nmethod 0x000002777246c910
Event: 85.163 Thread 0x000002770787c0b0 flushing nmethod 0x000002777246ce90
Event: 85.163 Thread 0x000002770787c0b0 flushing nmethod 0x000002777246df90
Event: 85.163 Thread 0x000002770787c0b0 flushing nmethod 0x0000027772483510
Event: 85.163 Thread 0x000002770787c0b0 flushing nmethod 0x000002777248bb10
Event: 85.163 Thread 0x000002770787c0b0 flushing nmethod 0x00000277724cd110
Event: 85.163 Thread 0x000002770787c0b0 flushing nmethod 0x00000277724cd490
Event: 85.164 Thread 0x000002770787c0b0 flushing nmethod 0x0000027772558490
Event: 85.164 Thread 0x000002770787c0b0 flushing nmethod 0x0000027772559910
Event: 85.164 Thread 0x000002770787c0b0 flushing nmethod 0x0000027772566a10
Event: 85.164 Thread 0x000002770787c0b0 flushing nmethod 0x0000027772567710
Event: 85.164 Thread 0x000002770787c0b0 flushing nmethod 0x0000027772567a90
Event: 85.164 Thread 0x000002770787c0b0 flushing nmethod 0x0000027772597e90
Event: 85.164 Thread 0x000002770787c0b0 flushing nmethod 0x0000027772598410
Event: 85.164 Thread 0x000002770787c0b0 flushing nmethod 0x000002777259b490
Event: 85.164 Thread 0x000002770787c0b0 flushing nmethod 0x00000277725b4990
Event: 85.164 Thread 0x000002770787c0b0 flushing nmethod 0x00000277725b5110


Dynamic libraries:
0x00007ff711ca0000 - 0x00007ff711cb0000 	C:\Program Files\Java\jdk-18.0.2.1\bin\java.exe
0x00007ffceb160000 - 0x00007ffceb3c8000 	C:\WINDOWS\SYSTEM32\ntdll.dll
0x00007ffcea0b0000 - 0x00007ffcea179000 	C:\WINDOWS\System32\KERNEL32.DLL
0x00007ffce85c0000 - 0x00007ffce89b2000 	C:\WINDOWS\System32\KERNELBASE.dll
0x00007ffce8b30000 - 0x00007ffce8c7b000 	C:\WINDOWS\System32\ucrtbase.dll
0x00007ffcc8330000 - 0x00007ffcc834a000 	C:\Program Files\Java\jdk-18.0.2.1\bin\VCRUNTIME140.dll
0x00007ffcc83f0000 - 0x00007ffcc8408000 	C:\Program Files\Java\jdk-18.0.2.1\bin\jli.dll
0x00007ffceb060000 - 0x00007ffceb114000 	C:\WINDOWS\System32\ADVAPI32.dll
0x00007ffcea000000 - 0x00007ffcea0a9000 	C:\WINDOWS\System32\msvcrt.dll
0x00007ffcea1b0000 - 0x00007ffcea256000 	C:\WINDOWS\System32\sechost.dll
0x00007ffce9520000 - 0x00007ffce9638000 	C:\WINDOWS\System32\RPCRT4.dll
0x00007ffce9640000 - 0x00007ffce9805000 	C:\WINDOWS\System32\USER32.dll
0x00007ffce8590000 - 0x00007ffce85b7000 	C:\WINDOWS\System32\win32u.dll
0x00007ffce7500000 - 0x00007ffce7793000 	C:\WINDOWS\WinSxS\amd64_microsoft.windows.common-controls_6595b64144ccf1df_6.0.26100.6899_none_3e0efeeae32e88c1\COMCTL32.dll
0x00007ffceaa20000 - 0x00007ffceaa4b000 	C:\WINDOWS\System32\GDI32.dll
0x00007ffce8460000 - 0x00007ffce858d000 	C:\WINDOWS\System32\gdi32full.dll
0x00007ffce82f0000 - 0x00007ffce8393000 	C:\WINDOWS\System32\msvcp_win.dll
0x00007ffce1d50000 - 0x00007ffce1d5b000 	C:\WINDOWS\SYSTEM32\VERSION.dll
0x00007ffceacc0000 - 0x00007ffceacef000 	C:\WINDOWS\System32\IMM32.DLL
0x00007ffcdc450000 - 0x00007ffcdc45c000 	C:\Program Files\Java\jdk-18.0.2.1\bin\vcruntime140_1.dll
0x00007ffcbb3b0000 - 0x00007ffcbb43d000 	C:\Program Files\Java\jdk-18.0.2.1\bin\msvcp140.dll
0x00007ffc2be50000 - 0x00007ffc2ca61000 	C:\Program Files\Java\jdk-18.0.2.1\bin\server\jvm.dll
0x00007ffce9ef0000 - 0x00007ffce9ef8000 	C:\WINDOWS\System32\PSAPI.DLL
0x00007ffcc57e0000 - 0x00007ffcc57ea000 	C:\WINDOWS\SYSTEM32\WSOCK32.dll
0x00007ffce02b0000 - 0x00007ffce02e5000 	C:\WINDOWS\SYSTEM32\WINMM.dll
0x00007ffcead60000 - 0x00007ffceadd4000 	C:\WINDOWS\System32\WS2_32.dll
0x00007ffce6790000 - 0x00007ffce67ab000 	C:\WINDOWS\SYSTEM32\kernel.appcore.dll
0x00007ffcd34b0000 - 0x00007ffcd34ba000 	C:\Program Files\Java\jdk-18.0.2.1\bin\jimage.dll
0x00007ffce7ab0000 - 0x00007ffce7cf2000 	C:\WINDOWS\SYSTEM32\DBGHELP.DLL
0x00007ffce9890000 - 0x00007ffce9c0b000 	C:\WINDOWS\System32\combase.dll
0x00007ffceaa60000 - 0x00007ffceab37000 	C:\WINDOWS\System32\OLEAUT32.dll
0x00007ffce79a0000 - 0x00007ffce79dc000 	C:\WINDOWS\SYSTEM32\dbgcore.DLL
0x00007ffce8c80000 - 0x00007ffce8d18000 	C:\WINDOWS\System32\bcryptPrimitives.dll
0x00007ffcd3340000 - 0x00007ffcd334e000 	C:\Program Files\Java\jdk-18.0.2.1\bin\instrument.dll
0x00007ffcc4200000 - 0x00007ffcc4225000 	C:\Program Files\Java\jdk-18.0.2.1\bin\java.dll
0x00007ffcbb2d0000 - 0x00007ffcbb3a6000 	C:\Program Files\Java\jdk-18.0.2.1\bin\jsvml.dll
0x00007ffcea2d0000 - 0x00007ffceaa1d000 	C:\WINDOWS\System32\SHELL32.dll
0x00007ffce89c0000 - 0x00007ffce8b2b000 	C:\WINDOWS\System32\wintypes.dll
0x00007ffce5630000 - 0x00007ffce5e8d000 	C:\WINDOWS\SYSTEM32\windows.storage.dll
0x00007ffce9f00000 - 0x00007ffce9ff2000 	C:\WINDOWS\System32\SHCORE.dll
0x00007ffcea260000 - 0x00007ffcea2c2000 	C:\WINDOWS\System32\shlwapi.dll
0x00007ffce8210000 - 0x00007ffce8239000 	C:\WINDOWS\SYSTEM32\profapi.dll
0x00007ffcc7e60000 - 0x00007ffcc7e78000 	C:\Program Files\Java\jdk-18.0.2.1\bin\zip.dll
0x00007ffcc43e0000 - 0x00007ffcc43f3000 	C:\Program Files\Java\jdk-18.0.2.1\bin\net.dll
0x00007ffcddd10000 - 0x00007ffcdde2f000 	C:\WINDOWS\SYSTEM32\WINHTTP.dll
0x00007ffce6cc0000 - 0x00007ffce6d2b000 	C:\WINDOWS\system32\mswsock.dll
0x00007ffcc41e0000 - 0x00007ffcc41f6000 	C:\Program Files\Java\jdk-18.0.2.1\bin\nio.dll
0x00007ffcccb60000 - 0x00007ffcccb70000 	C:\Program Files\Java\jdk-18.0.2.1\bin\verify.dll
0x00007ffcba600000 - 0x00007ffcba627000 	C:\Users\waniw\.gradle\native\1def1411415f61bf3af743bc5b6707747c0891f09f0c88961ee8f79bc544acac\windows-amd64\native-platform.dll
0x00007ffc8d400000 - 0x00007ffc8d478000 	C:\Users\waniw\.gradle\native\0.2.7\x86_64-windows-gnu\gradle-fileevents.dll
0x00007ffccb670000 - 0x00007ffccb679000 	C:\Program Files\Java\jdk-18.0.2.1\bin\management.dll
0x00007ffcca240000 - 0x00007ffcca24b000 	C:\Program Files\Java\jdk-18.0.2.1\bin\management_ext.dll
0x00007ffce6220000 - 0x00007ffce6254000 	C:\WINDOWS\SYSTEM32\IPHLPAPI.DLL
0x00007ffcead00000 - 0x00007ffcead0a000 	C:\WINDOWS\System32\NSI.dll
0x00007ffce1940000 - 0x00007ffce195e000 	C:\WINDOWS\SYSTEM32\dhcpcsvc6.DLL
0x00007ffce18a0000 - 0x00007ffce18c3000 	C:\WINDOWS\SYSTEM32\dhcpcsvc.DLL
0x00007ffce62c0000 - 0x00007ffce63e6000 	C:\WINDOWS\SYSTEM32\DNSAPI.dll
0x00007ffce7e20000 - 0x00007ffce7e3b000 	C:\WINDOWS\SYSTEM32\CRYPTSP.dll
0x00007ffce7000000 - 0x00007ffce703b000 	C:\WINDOWS\system32\rsaenh.dll
0x00007ffce6d30000 - 0x00007ffce6d5b000 	C:\WINDOWS\SYSTEM32\USERENV.dll
0x00007ffce81e0000 - 0x00007ffce8206000 	C:\WINDOWS\SYSTEM32\bcrypt.dll
0x00007ffce72b0000 - 0x00007ffce72bc000 	C:\WINDOWS\SYSTEM32\CRYPTBASE.dll
0x00007ffcc77c0000 - 0x00007ffcc77d8000 	C:\WINDOWS\system32\napinsp.dll
0x00007ffcc5580000 - 0x00007ffcc5592000 	C:\WINDOWS\System32\winrnr.dll
0x00007ffcc5530000 - 0x00007ffcc5558000 	C:\WINDOWS\system32\nlansp_c.dll
0x00007ffcc5190000 - 0x00007ffcc51a6000 	C:\WINDOWS\system32\wshbth.dll
0x00007ffcdd740000 - 0x00007ffcdd74b000 	C:\Windows\System32\rasadhlp.dll
0x00007ffce1cc0000 - 0x00007ffce1d46000 	C:\WINDOWS\System32\fwpuclnt.dll
0x00007ffce23f0000 - 0x00007ffce240e000 	C:\Users\waniw\AppData\Local\Temp\native-platform17059377544354110535dir\native-platform.dll
0x00007ffce23e0000 - 0x00007ffce23e7000 	C:\Program Files\Java\jdk-18.0.2.1\bin\rmi.dll
0x00007ffce7a70000 - 0x00007ffce7aa6000 	C:\WINDOWS\SYSTEM32\ntmarta.dll

dbghelp: loaded successfully - version: 4.0.5 - missing functions: none
symbol engine: initialized successfully - sym options: 0x614 - pdb path: .;C:\Program Files\Java\jdk-18.0.2.1\bin;C:\WINDOWS\SYSTEM32;C:\WINDOWS\WinSxS\amd64_microsoft.windows.common-controls_6595b64144ccf1df_6.0.26100.6899_none_3e0efeeae32e88c1;C:\Program Files\Java\jdk-18.0.2.1\bin\server;C:\Users\waniw\.gradle\native\1def1411415f61bf3af743bc5b6707747c0891f09f0c88961ee8f79bc544acac\windows-amd64;C:\Users\waniw\.gradle\native\0.2.7\x86_64-windows-gnu;C:\Users\waniw\AppData\Local\Temp\native-platform17059377544354110535dir

VM Arguments:
jvm_args: --add-opens=java.base/java.lang=ALL-UNNAMED --add-opens=java.base/java.lang.invoke=ALL-UNNAMED --add-opens=java.base/java.util=ALL-UNNAMED --add-opens=java.prefs/java.util.prefs=ALL-UNNAMED --add-exports=jdk.compiler/com.sun.tools.javac.api=ALL-UNNAMED --add-exports=jdk.compiler/com.sun.tools.javac.util=ALL-UNNAMED --add-opens=java.base/java.util=ALL-UNNAMED --add-opens=java.prefs/java.util.prefs=ALL-UNNAMED --add-opens=java.base/java.nio.charset=ALL-UNNAMED --add-opens=java.base/java.net=ALL-UNNAMED --add-opens=java.base/java.util.concurrent.atomic=ALL-UNNAMED --add-opens=java.xml/javax.xml.namespace=ALL-UNNAMED -XX:MaxMetaspaceSize=512m -Xmx2048m -Dfile.encoding=UTF-8 -Duser.country=ZA -Duser.language=en -Duser.variant -javaagent:C:\Users\waniw\.gradle\wrapper\dists\gradle-8.13-bin\5xuhj0ry160q40clulazy9h7d\gradle-8.13\lib\agents\gradle-instrumentation-agent-8.13.jar 
java_command: org.gradle.launcher.daemon.bootstrap.GradleDaemon 8.13
java_class_path (initial): C:\Users\waniw\.gradle\wrapper\dists\gradle-8.13-bin\5xuhj0ry160q40clulazy9h7d\gradle-8.13\lib\gradle-daemon-main-8.13.jar
Launcher Type: SUN_STANDARD

[Global flags]
     intx CICompilerCount                          = 4                                         {product} {ergonomic}
   size_t CompressedClassSpaceSize                 = 432013312                                 {product} {ergonomic}
     uint ConcGCThreads                            = 3                                         {product} {ergonomic}
     uint G1ConcRefinementThreads                  = 10                                        {product} {ergonomic}
   size_t G1HeapRegionSize                         = 1048576                                   {product} {ergonomic}
    uintx GCDrainStackTargetSize                   = 64                                        {product} {ergonomic}
   size_t InitialHeapSize                          = 123731968                                 {product} {ergonomic}
   size_t MarkStackSize                            = 4194304                                   {product} {ergonomic}
   size_t MaxHeapSize                              = 2147483648                                {product} {command line}
   size_t MaxMetaspaceSize                         = 536870912                                 {product} {command line}
   size_t MaxNewSize                               = 1287651328                                {product} {ergonomic}
   size_t MinHeapDeltaBytes                        = 1048576                                   {product} {ergonomic}
   size_t MinHeapSize                              = 8388608                                   {product} {ergonomic}
    uintx NonNMethodCodeHeapSize                   = 5839372                                {pd product} {ergonomic}
    uintx NonProfiledCodeHeapSize                  = 122909434                              {pd product} {ergonomic}
    uintx ProfiledCodeHeapSize                     = 122909434                              {pd product} {ergonomic}
    uintx ReservedCodeCacheSize                    = 251658240                              {pd product} {ergonomic}
     bool SegmentedCodeCache                       = true                                      {product} {ergonomic}
   size_t SoftMaxHeapSize                          = 2147483648                             {manageable} {ergonomic}
     bool UseCompressedClassPointers               = true                           {product lp64_product} {ergonomic}
     bool UseCompressedOops                        = true                           {product lp64_product} {ergonomic}
     bool UseG1GC                                  = true                                      {product} {ergonomic}
     bool UseLargePagesIndividualAllocation        = false                                  {pd product} {ergonomic}

Logging:
Log output configuration:
 #0: stdout all=warning uptime,level,tags foldmultilines=false
 #1: stderr all=off uptime,level,tags foldmultilines=false

Environment Variables:
CLASSPATH=C:\Users\waniw\Downloads\free1\library
PATH=C:\Users\waniw\AppData\Local\cloud-code\installer\google-cloud-sdk\bin;C:\Program Files (x86)\Common Files\Intel\Shared Libraries\redist\intel64\compiler;C:\Program Files\Common Files\Oracle\Java\javapath;C:\Program Files (x86)\Common Files\Oracle\Java\java8path;C:\Program Files (x86)\Common Files\Oracle\Java\javapath;C:\WINDOWS\system32;C:\WINDOWS;C:\WINDOWS\System32\Wbem;C:\WINDOWS\System32\WindowsPowerShell\v1.0\;C:\WINDOWS\System32\OpenSSH\;C:\Program Files\Novell\iPrint;C:\Program Files\Git\cmd;C:\Program Files (x86)\Microsoft SQL Server\150\DTS\Binn\;C:\Program Files\PuTTY\;C:\Program Files (x86)\Microsoft SQL Server\160\DTS\Binn\;C:\Program Files\Azure Data Studio\bin;C:\Program Files\MongoDB\Server\7.0\bin;C:\Program Files\Vim\vim91;C:\Program Files\dotnet\;C:\Program Files\HP\HP One Agent;C:\Program Files\Microsoft SQL Server\150\Tools\Binn\;C:\Program Files\Microsoft SQL Server\Client SDK\ODBC\170\Tools\Binn\;C:\Program Files\nodejs\;C:\ProgramData\chocolatey\bin;C:\Program Files (x86)\Microsoft SQL Server\160\Tools\Binn\;C:\Program Files\Microsoft SQL Server\160\Tools\Binn\;C:\Program Files\Microsoft SQL Server\160\DTS\Binn\;C:\Program Files\php-8.3.12;;C:\WINDOWS\system32;C:\WINDOWS;C:\WINDOWS\System32\Wbem;C:\WINDOWS\System32\WindowsPowerShell\v1.0\;C:\WINDOWS\System32\OpenSSH\;C:\Program Files\Go\bin;C:\Users\waniw\AppData\Local\Programs\Python\Launcher\;C:\Users\waniw\AppData\Local\Microsoft\WindowsApps;C:\Users\waniw\AppData\Local\Programs\Microsoft VS Code\bin;C:\Users\waniw\AppData\Local\atom\bin;C:\Users\waniw\AppData\Local\Programs\Hyper\resources\bin;C:\msys64\mingw64\bin;C:\src\flutter\flutter\bin;C:\Program Files\Azure Data Studio\bin;C:\Users\waniw\AppData\Local\Programs\mongosh\;C:\Users\waniw\.dotnet\tools;C:\Program Files\heroku\bin;C:\Users\waniw\AppData\Roaming\npm;c:\Gradle\gradle-8.0.2\bin;C:\Program Files\JetBrains\WebStorm 2024.3.4\bin;C:\Program Files (x86)\BrowserStackLocal\;C:\Users\waniw\.fly\bin;C:\Users\waniw\AppData\Local\Google\Cloud SDK\google-cloud-sdk\bin;C:\Users\waniw\AppData\Local\Microsoft\WindowsApps;C:\Users\waniw\go\bin
USERNAME=waniw
OS=Windows_NT
PROCESSOR_IDENTIFIER=AMD64 Family 25 Model 80 Stepping 0, AuthenticAMD



---------------  S Y S T E M  ---------------

OS:
 Windows 11 , 64 bit Build 26100 (10.0.26100.6725)
OS uptime: 0 days 13:09 hours
Hyper-V role detected

CPU: total 12 (initial active 12) (12 cores per cpu, 2 threads per core) family 25 model 80 stepping 0 microcode 0xa50000c, cx8, cmov, fxsr, ht, mmx, 3dnowpref, sse, sse2, sse3, ssse3, sse4a, sse4.1, sse4.2, popcnt, lzcnt, tsc, tscinvbit, avx, avx2, aes, erms, clmul, bmi1, bmi2, adx, sha, fma, vzeroupper, clflush, clflushopt, hv

Memory: 4k page, system-wide physical 7525M (475M free)
TotalPageFile size 31077M (AvailPageFile size 20M)
current process WorkingSet (physical memory assigned to process): 527M, peak: 539M
current process commit charge ("private bytes"): 672M, peak: 687M

vm_info: Java HotSpot(TM) 64-Bit Server VM (18.0.2.1+1-1) for windows-amd64 JRE (18.0.2.1+1-1), built on Aug 16 2022 01:46:33 by "mach5one" with MS VC++ 16.8 / 16.9 (VS2019)

END.
