#
# There is insufficient memory for the Java Runtime Environment to continue.
# Native memory allocation (mmap) failed to map 454033408 bytes for G1 virtual space
# Possible reasons:
#   The system is out of physical RAM or swap space
#   The process is running with CompressedOops enabled, and the Java Heap may be blocking the growth of the native heap
# Possible solutions:
#   Reduce memory load on the system
#   Increase physical memory or swap space
#   Check if swap backing store is full
#   Decrease Java heap size (-Xmx/-Xms)
#   Decrease number of Java threads
#   Decrease Java thread stack sizes (-Xss)
#   Set larger code cache with -XX:ReservedCodeCacheSize=
#   JVM is running with Unscaled Compressed Oops mode in which the Java heap is
#     placed in the first 4GB address space. The Java Heap base address is the
#     maximum limit for the native heap growth. Please use -XX:HeapBaseMinAddress
#     to set the Java Heap base and to place the Java Heap above 4GB virtual address.
# This output file may be truncated or incomplete.
#
#  Out of Memory Error (os_windows.cpp:3530), pid=12924, tid=30336
#
# JRE version: Java(TM) SE Runtime Environment (18.0.2.1+1) (build 18.0.2.1+1-1)
# Java VM: Java HotSpot(TM) 64-Bit Server VM (18.0.2.1+1-1, mixed mode, sharing, tiered, compressed oops, compressed class ptrs, g1 gc, windows-amd64)
# No core dump will be written. Minidumps are not enabled by default on client versions of Windows
#

---------------  S U M M A R Y ------------

Command Line: --add-opens=java.base/java.lang=ALL-UNNAMED --add-opens=java.base/java.lang.invoke=ALL-UNNAMED --add-opens=java.base/java.util=ALL-UNNAMED --add-opens=java.prefs/java.util.prefs=ALL-UNNAMED --add-exports=jdk.compiler/com.sun.tools.javac.api=ALL-UNNAMED --add-exports=jdk.compiler/com.sun.tools.javac.util=ALL-UNNAMED --add-opens=java.base/java.util=ALL-UNNAMED --add-opens=java.prefs/java.util.prefs=ALL-UNNAMED --add-opens=java.base/java.nio.charset=ALL-UNNAMED --add-opens=java.base/java.net=ALL-UNNAMED --add-opens=java.base/java.util.concurrent.atomic=ALL-UNNAMED --add-opens=java.xml/javax.xml.namespace=ALL-UNNAMED -XX:MaxMetaspaceSize=512m -Xmx2048m -Dfile.encoding=UTF-8 -Duser.country=ZA -Duser.language=en -Duser.variant -javaagent:C:\Users\waniw\.gradle\wrapper\dists\gradle-8.13-bin\5xuhj0ry160q40clulazy9h7d\gradle-8.13\lib\agents\gradle-instrumentation-agent-8.13.jar org.gradle.launcher.daemon.bootstrap.GradleDaemon 8.13

Host: AMD Ryzen 5 5600U with Radeon Graphics         , 12 cores, 7G,  Windows 11 , 64 bit Build 26100 (10.0.26100.6725)
Time: Sat Oct 25 16:00:48 2025 South Africa Standard Time elapsed time: 220.858056 seconds (0d 0h 3m 40s)

---------------  T H R E A D  ---------------

Current thread (0x000001642a8dda00):  VMThread "VM Thread" [stack: 0x00000054afd00000,0x00000054afe00000] [id=30336]

Stack: [0x00000054afd00000,0x00000054afe00000]
Native frames: (J=compiled Java code, j=interpreted, Vv=VM code, C=native code)
V  [jvm.dll+0x6993aa]
V  [jvm.dll+0x7f46dd]
V  [jvm.dll+0x7f5fee]
V  [jvm.dll+0x7f66a3]
V  [jvm.dll+0x25cf1f]
V  [jvm.dll+0x6962f9]
V  [jvm.dll+0x68ae2a]
V  [jvm.dll+0x32255b]
V  [jvm.dll+0x329f36]
V  [jvm.dll+0x37eade]
V  [jvm.dll+0x37ed0f]
V  [jvm.dll+0x2fa2da]
V  [jvm.dll+0x2fa387]
V  [jvm.dll+0x33e8c2]
V  [jvm.dll+0x33ce64]
V  [jvm.dll+0x2f9ab0]
V  [jvm.dll+0x33c43b]
V  [jvm.dll+0x7fb48b]
V  [jvm.dll+0x7fc224]
V  [jvm.dll+0x7fc75c]
V  [jvm.dll+0x7fcbb4]
V  [jvm.dll+0x7fcc77]
V  [jvm.dll+0x7a120a]
V  [jvm.dll+0x698255]
C  [ucrtbase.dll+0x37b0]
C  [KERNEL32.DLL+0x2e8d7]
C  [ntdll.dll+0x8c53c]

VM_Operation (0x00000054b0bf2df0): G1CollectForAllocation, mode: safepoint, requested by thread 0x0000016459cae900


---------------  P R O C E S S  ---------------

Threads class SMR info:
_java_thread_list=0x000001645b95b560, length=207, elements={
0x000001642a859930, 0x000001644973eb70, 0x000001644973f030, 0x000001644975c900,
0x000001644975cdc0, 0x000001644975d280, 0x0000016449761750, 0x0000016449761f40,
0x000001644976a450, 0x000001644976de50, 0x0000016449729930, 0x000001644daa6c60,
0x000001644f3bd020, 0x000001644f2457a0, 0x000001644f21c290, 0x000001644fa8c9f0,
0x000001644fa8dd30, 0x000001644fa8eba0, 0x000001644fa8f540, 0x000001644fa8fa10,
0x000001644fa8c520, 0x0000016451f63bf0, 0x0000016451f610a0, 0x0000016451f60bd0,
0x0000016452df10e0, 0x000001645260ff00, 0x00000164526103d0, 0x000001645260ca10,
0x0000016452611be0, 0x00000164526120b0, 0x00000164526108a0, 0x0000016452612580,
0x0000016452610d70, 0x0000016452612f20, 0x000001644fd35c80, 0x000001644d99aaa0,
0x000001644d999760, 0x000001644d99df90, 0x000001644d99d120, 0x000001644d9a0ae0,
0x000001644d9a0fb0, 0x000001644d99f7a0, 0x000001644d99fc70, 0x0000016459caedd0,
0x0000016451689490, 0x0000016459cafc40, 0x0000016459caf770, 0x0000016459cae900,
0x0000016459b82ae0, 0x0000016459b82610, 0x0000016459b83480, 0x0000016459b82fb0,
0x0000016459b81c70, 0x0000016451509a80, 0x0000016459caf2a0, 0x000001645ab24240,
0x000001645a28a1e0, 0x000001645ab24710, 0x000001645ab238a0, 0x000001645ab24be0,
0x000001645ab250b0, 0x000001645ab23d70, 0x000001645039fe60, 0x000001645039f4c0,
0x000001645039d7e0, 0x0000016451507da0, 0x0000016451506a60, 0x000001645150e2b0,
0x000001645a28ab80, 0x000001645a289d10, 0x000001645a28b050, 0x000001645d36cde0,
0x000001645d36c910, 0x000001645150c5d0, 0x000001645150c100, 0x000001645150d910,
0x000001645150e780, 0x000001645150b760, 0x000001645150bc30, 0x000001645150dde0,
0x000001645150adc0, 0x0000016451511c70, 0x000001645150f120, 0x0000016453a3c9c0,
0x0000016453a3d360, 0x0000016453a3b680, 0x0000016453a3c4f0, 0x0000016451510460,
0x0000016459b82140, 0x000001645bd56530, 0x000001645bd58bb0, 0x000001645039eb20,
0x000001645039dcb0, 0x00000164503a0330, 0x000001645d36c440, 0x000001645d36bf70,
0x000001645d36d2b0, 0x000001645d36d780, 0x000001645bcf7300, 0x000001645bcf5af0,
0x000001645bcf5fc0, 0x000001645bcf8640, 0x000001645bcf8b10, 0x000001645bcf6e30,
0x000001645bcf77d0, 0x000001645bcf5620, 0x000001645bcf7ca0, 0x000001645bcf8fe0,
0x000001645bcf8170, 0x000001645bcf6490, 0x000001645bcf6960, 0x0000016450900080,
0x00000164508fe870, 0x0000016450900550, 0x00000164508fed40, 0x0000016450900a20,
0x00000164508fda00, 0x00000164503a0800, 0x000001645039d310, 0x000001645039e180,
0x000001645039ce40, 0x0000016451512140, 0x0000016451510930, 0x00000164508ffbb0,
0x00000164508fd060, 0x00000164508fe3a0, 0x00000164508fded0, 0x00000164508ff210,
0x00000164508ff6e0, 0x00000164508fd530, 0x000001645b615240, 0x000001645b613090,
0x000001645b6160b0, 0x000001645b616a50, 0x000001645039e650, 0x000001645bd56ed0,
0x0000016451ec15f0, 0x0000016451ec1120, 0x000001645039eff0, 0x000001645b4713c0,
0x000001645b613560, 0x000001645b614d70, 0x000001645b6148a0, 0x000001645b613a30,
0x000001645b613f00, 0x000001645b615710, 0x000001645b616580, 0x000001645b615be0,
0x000001645d5a9b00, 0x000001645bd586e0, 0x000001645bd59080, 0x000001645bd56a00,
0x00000164515112d0, 0x00000164515117a0, 0x000001645150f5f0, 0x000001645150fac0,
0x000001645150ff90, 0x0000016451510e00, 0x0000016451512610, 0x000001645150ec50,
0x000001645bd59a20, 0x000001645bd573a0, 0x000001645bd57870, 0x000001645bd57d40,
0x000001645bd59550, 0x000001645bd58210, 0x000001645bd56060, 0x000001645beedf90,
0x000001645beef7a0, 0x000001645bef0140, 0x0000016453a3d830, 0x0000016453a3ce90,
0x0000016453a3bb50, 0x0000016453a3dd00, 0x0000016453a3e1d0, 0x0000016453a3e6a0,
0x0000016453a3ace0, 0x0000016453a3b1b0, 0x0000016453a3c020, 0x000001645b7e1750,
0x000001645b7e25c0, 0x000001645bef0ae0, 0x000001645beee930, 0x000001645beeee00,
0x000001645a755080, 0x000001645a754bb0, 0x000001645a753870, 0x000001645a753d40,
0x000001645a754210, 0x000001645aa098d0, 0x000001645aa0a270, 0x000001645aa0a740,
0x000001645aa0b0e0, 0x000001645aa0cdc0, 0x0000016451513950, 0x000001645443b100,
0x00000164517c8870, 0x00000164517c96e0, 0x00000164517c83a0, 0x00000164597f5eb0,
0x000001645beed120, 0x00000164597f5040, 0x00000164597f29c0, 0x000001645d5ab7e0,
0x0000016451ec1ac0, 0x000001645443b5d0, 0x00000164539e6c30
}

Java Threads: ( => current thread )
  0x000001642a859930 JavaThread "main" [_thread_blocked, id=28864, stack(0x00000054af700000,0x00000054af800000)]
  0x000001644973eb70 JavaThread "Reference Handler" daemon [_thread_blocked, id=11164, stack(0x00000054afe00000,0x00000054aff00000)]
  0x000001644973f030 JavaThread "Finalizer" daemon [_thread_blocked, id=31492, stack(0x00000054aff00000,0x00000054b0000000)]
  0x000001644975c900 JavaThread "Signal Dispatcher" daemon [_thread_blocked, id=31252, stack(0x00000054b0000000,0x00000054b0100000)]
  0x000001644975cdc0 JavaThread "Attach Listener" daemon [_thread_blocked, id=25000, stack(0x00000054b0100000,0x00000054b0200000)]
  0x000001644975d280 JavaThread "Service Thread" daemon [_thread_blocked, id=30624, stack(0x00000054b0200000,0x00000054b0300000)]
  0x0000016449761750 JavaThread "Monitor Deflation Thread" daemon [_thread_blocked, id=2092, stack(0x00000054b0300000,0x00000054b0400000)]
  0x0000016449761f40 JavaThread "C2 CompilerThread0" daemon [_thread_blocked, id=17704, stack(0x00000054b0400000,0x00000054b0500000)]
  0x000001644976a450 JavaThread "C1 CompilerThread0" daemon [_thread_blocked, id=29768, stack(0x00000054b0500000,0x00000054b0600000)]
  0x000001644976de50 JavaThread "Sweeper thread" daemon [_thread_blocked, id=10880, stack(0x00000054b0600000,0x00000054b0700000)]
  0x0000016449729930 JavaThread "Common-Cleaner" daemon [_thread_blocked, id=24444, stack(0x00000054b0700000,0x00000054b0800000)]
  0x000001644daa6c60 JavaThread "Notification Thread" daemon [_thread_blocked, id=27136, stack(0x00000054b0800000,0x00000054b0900000)]
  0x000001644f3bd020 JavaThread "Daemon health stats" [_thread_blocked, id=17064, stack(0x00000054b1000000,0x00000054b1100000)]
  0x000001644f2457a0 JavaThread "Incoming local TCP Connector on port 56287" [_thread_in_native, id=27908, stack(0x00000054b1100000,0x00000054b1200000)]
  0x000001644f21c290 JavaThread "Daemon periodic checks" [_thread_blocked, id=17692, stack(0x00000054b1200000,0x00000054b1300000)]
  0x000001644fa8c9f0 JavaThread "Cache worker for journal cache (C:\Users\waniw\.gradle\caches\journal-1)" [_thread_blocked, id=2696, stack(0x00000054b1a00000,0x00000054b1b00000)]
  0x000001644fa8dd30 JavaThread "File lock request listener" [_thread_in_native, id=28732, stack(0x00000054b1b00000,0x00000054b1c00000)]
  0x000001644fa8eba0 JavaThread "Cache worker for file hash cache (C:\Users\waniw\.gradle\caches\8.13\fileHashes)" [_thread_blocked, id=27512, stack(0x00000054b1c00000,0x00000054b1d00000)]
  0x000001644fa8f540 JavaThread "File watcher server" daemon [_thread_in_native, id=27384, stack(0x00000054b2600000,0x00000054b2700000)]
  0x000001644fa8fa10 JavaThread "File watcher consumer" daemon [_thread_blocked, id=22796, stack(0x00000054b2700000,0x00000054b2800000)]
  0x000001644fa8c520 JavaThread "jar transforms" [_thread_blocked, id=25584, stack(0x00000054b2800000,0x00000054b2900000)]
  0x0000016451f63bf0 JavaThread "jar transforms Thread 2" [_thread_blocked, id=18816, stack(0x00000054b2900000,0x00000054b2a00000)]
  0x0000016451f610a0 JavaThread "Cache worker for file content cache (C:\Users\waniw\.gradle\caches\8.13\fileContent)" [_thread_blocked, id=16028, stack(0x00000054b2d00000,0x00000054b2e00000)]
  0x0000016451f60bd0 JavaThread "jar transforms Thread 3" [_thread_blocked, id=31356, stack(0x00000054b2e00000,0x00000054b2f00000)]
  0x0000016452df10e0 JavaThread "Memory manager" [_thread_blocked, id=18668, stack(0x00000054b5d00000,0x00000054b5e00000)]
  0x000001645260ff00 JavaThread "ForkJoinPool.commonPool-worker-1" daemon [_thread_blocked, id=29708, stack(0x00000054b8c00000,0x00000054b8d00000)]
  0x00000164526103d0 JavaThread "ForkJoinPool.commonPool-worker-2" daemon [_thread_blocked, id=17512, stack(0x00000054b8d00000,0x00000054b8e00000)]
  0x000001645260ca10 JavaThread "ForkJoinPool.commonPool-worker-3" daemon [_thread_blocked, id=25384, stack(0x00000054b8e00000,0x00000054b8f00000)]
  0x0000016452611be0 JavaThread "ForkJoinPool.commonPool-worker-4" daemon [_thread_blocked, id=27656, stack(0x00000054b8f00000,0x00000054b9000000)]
  0x00000164526120b0 JavaThread "ForkJoinPool.commonPool-worker-6" daemon [_thread_blocked, id=28448, stack(0x00000054b9100000,0x00000054b9200000)]
  0x00000164526108a0 JavaThread "ForkJoinPool.commonPool-worker-8" daemon [_thread_blocked, id=30108, stack(0x00000054b9300000,0x00000054b9400000)]
  0x0000016452612580 JavaThread "ForkJoinPool.commonPool-worker-9" daemon [_thread_blocked, id=30904, stack(0x00000054b9400000,0x00000054b9500000)]
  0x0000016452610d70 JavaThread "ForkJoinPool.commonPool-worker-10" daemon [_thread_blocked, id=5060, stack(0x00000054b9500000,0x00000054b9600000)]
  0x0000016452612f20 JavaThread "ForkJoinPool.commonPool-worker-11" daemon [_thread_blocked, id=28812, stack(0x00000054b9600000,0x00000054b9700000)]
  0x000001644fd35c80 JavaThread "jar transforms Thread 4" [_thread_blocked, id=31004, stack(0x00000054bcc00000,0x00000054bcd00000)]
  0x000001644d99aaa0 JavaThread "jar transforms Thread 5" [_thread_blocked, id=13068, stack(0x00000054bd000000,0x00000054bd100000)]
  0x000001644d999760 JavaThread "jar transforms Thread 6" [_thread_blocked, id=17940, stack(0x00000054bd500000,0x00000054bd600000)]
  0x000001644d99df90 JavaThread "jar transforms Thread 7" [_thread_blocked, id=11772, stack(0x00000054bd700000,0x00000054bd800000)]
  0x000001644d99d120 JavaThread "jar transforms Thread 8" [_thread_blocked, id=18228, stack(0x00000054bd800000,0x00000054bd900000)]
  0x000001644d9a0ae0 JavaThread "jar transforms Thread 9" [_thread_blocked, id=14716, stack(0x00000054bcf00000,0x00000054bd000000)]
  0x000001644d9a0fb0 JavaThread "jar transforms Thread 10" [_thread_blocked, id=14976, stack(0x00000054bda00000,0x00000054bdb00000)]
  0x000001644d99f7a0 JavaThread "jar transforms Thread 11" [_thread_blocked, id=28440, stack(0x00000054af400000,0x00000054af500000)]
  0x000001644d99fc70 JavaThread "jar transforms Thread 12" [_thread_blocked, id=28528, stack(0x00000054bdd00000,0x00000054bde00000)]
  0x0000016459caedd0 JavaThread "pool-3-thread-1" [_thread_blocked, id=10472, stack(0x00000054be400000,0x00000054be500000)]
  0x0000016451689490 JavaThread "Daemon Thread 2" [_thread_blocked, id=31052, stack(0x00000054af500000,0x00000054af600000)]
  0x0000016459cafc40 JavaThread "Handler for socket connection from /127.0.0.1:56287 to /127.0.0.1:53023" [_thread_in_native, id=20304, stack(0x00000054af600000,0x00000054af700000)]
  0x0000016459caf770 JavaThread "Cancel handler" [_thread_blocked, id=14300, stack(0x00000054b0a00000,0x00000054b0b00000)]
  0x0000016459cae900 JavaThread "Daemon worker Thread 2" [_thread_blocked, id=30728, stack(0x00000054b0b00000,0x00000054b0c00000)]
  0x0000016459b82ae0 JavaThread "Asynchronous log dispatcher for DefaultDaemonConnection: socket connection from /127.0.0.1:56287 to /127.0.0.1:53023" [_thread_blocked, id=31340, stack(0x00000054b1300000,0x00000054b1400000)]
  0x0000016459b82610 JavaThread "Stdin handler" [_thread_blocked, id=17200, stack(0x00000054b1400000,0x00000054b1500000)]
  0x0000016459b83480 JavaThread "Daemon client event forwarder" [_thread_blocked, id=23572, stack(0x00000054b1500000,0x00000054b1600000)]
  0x0000016459b82fb0 JavaThread "Cache worker for file hash cache (C:\projects\daily-immune-admin-app\android\.gradle\8.13\fileHashes)" [_thread_blocked, id=27520, stack(0x00000054b1600000,0x00000054b1700000)]
  0x0000016459b81c70 JavaThread "Cache worker for Build Output Cleanup Cache (C:\projects\daily-immune-admin-app\android\.gradle\buildOutputCleanup)" [_thread_blocked, id=11604, stack(0x00000054b1700000,0x00000054b1800000)]
  0x0000016451509a80 JavaThread "Cache worker for checksums cache (C:\projects\daily-immune-admin-app\android\.gradle\8.13\checksums)" [_thread_blocked, id=4300, stack(0x00000054b1800000,0x00000054b1900000)]
  0x0000016459caf2a0 JavaThread "Exec process Thread 4" [_thread_blocked, id=25324, stack(0x00000054b1900000,0x00000054b1a00000)]
  0x000001645ab24240 JavaThread "Exec process Thread 5" [_thread_blocked, id=27020, stack(0x00000054b2400000,0x00000054b2500000)]
  0x000001645a28a1e0 JavaThread "Exec process Thread 6" [_thread_blocked, id=20056, stack(0x00000054b2500000,0x00000054b2600000)]
  0x000001645ab24710 JavaThread "Cache worker for cache directory md-supplier (C:\Users\waniw\.gradle\caches\8.13\md-supplier)" [_thread_blocked, id=1336, stack(0x00000054b2c00000,0x00000054b2d00000)]
  0x000001645ab238a0 JavaThread "Cache worker for cache directory md-rule (C:\Users\waniw\.gradle\caches\8.13\md-rule)" [_thread_blocked, id=5200, stack(0x00000054b2f00000,0x00000054b3000000)]
  0x000001645ab24be0 JavaThread "Cache worker for Build Output Cleanup Cache (C:\projects\daily-immune-admin-app\node_modules\@react-native\gradle-plugin\.gradle\buildOutputCleanup)" [_thread_blocked, id=29444, stack(0x00000054b3000000,0x00000054b3100000)]
  0x000001645ab250b0 JavaThread "Unconstrained build operations" [_thread_blocked, id=23468, stack(0x00000054b3100000,0x00000054b3200000)]
  0x000001645ab23d70 JavaThread "Unconstrained build operations Thread 2" [_thread_blocked, id=29908, stack(0x00000054b3200000,0x00000054b3300000)]
  0x000001645039fe60 JavaThread "Unconstrained build operations Thread 3" [_thread_blocked, id=31064, stack(0x00000054b3300000,0x00000054b3400000)]
  0x000001645039f4c0 JavaThread "Unconstrained build operations Thread 4" [_thread_blocked, id=25652, stack(0x00000054b3400000,0x00000054b3500000)]
  0x000001645039d7e0 JavaThread "Cache worker for Build Output Cleanup Cache (C:\projects\daily-immune-admin-app\node_modules\expo-modules-autolinking\android\expo-gradle-plugin\.gradle\buildOutputCleanup)" [_thread_blocked, id=22916, stack(0x00000054b3500000,0x00000054b3600000)]
  0x0000016451507da0 JavaThread "Unconstrained build operations Thread 5" [_thread_blocked, id=8300, stack(0x00000054b3600000,0x00000054b3700000)]
  0x0000016451506a60 JavaThread "Unconstrained build operations Thread 6" [_thread_blocked, id=21912, stack(0x00000054b3700000,0x00000054b3800000)]
  0x000001645150e2b0 JavaThread "Unconstrained build operations Thread 7" [_thread_blocked, id=9988, stack(0x00000054b3800000,0x00000054b3900000)]
  0x000001645a28ab80 JavaThread "Unconstrained build operations Thread 8" [_thread_blocked, id=25544, stack(0x00000054b3900000,0x00000054b3a00000)]
  0x000001645a289d10 JavaThread "Unconstrained build operations Thread 9" [_thread_blocked, id=29480, stack(0x00000054b3a00000,0x00000054b3b00000)]
  0x000001645a28b050 JavaThread "Unconstrained build operations Thread 10" [_thread_blocked, id=5244, stack(0x00000054b3b00000,0x00000054b3c00000)]
  0x000001645d36cde0 JavaThread "Unconstrained build operations Thread 11" [_thread_blocked, id=22228, stack(0x00000054b3c00000,0x00000054b3d00000)]
  0x000001645d36c910 JavaThread "Unconstrained build operations Thread 12" [_thread_blocked, id=28008, stack(0x00000054b3d00000,0x00000054b3e00000)]
  0x000001645150c5d0 JavaThread "Unconstrained build operations Thread 13" [_thread_blocked, id=7416, stack(0x00000054b3e00000,0x00000054b3f00000)]
  0x000001645150c100 JavaThread "Unconstrained build operations Thread 14" [_thread_blocked, id=13948, stack(0x00000054b3f00000,0x00000054b4000000)]
  0x000001645150d910 JavaThread "Unconstrained build operations Thread 15" [_thread_blocked, id=11100, stack(0x00000054b4000000,0x00000054b4100000)]
  0x000001645150e780 JavaThread "Unconstrained build operations Thread 16" [_thread_blocked, id=31616, stack(0x00000054b4100000,0x00000054b4200000)]
  0x000001645150b760 JavaThread "Unconstrained build operations Thread 17" [_thread_blocked, id=25312, stack(0x00000054b4200000,0x00000054b4300000)]
  0x000001645150bc30 JavaThread "Unconstrained build operations Thread 18" [_thread_blocked, id=21292, stack(0x00000054b4300000,0x00000054b4400000)]
  0x000001645150dde0 JavaThread "Unconstrained build operations Thread 19" [_thread_blocked, id=10928, stack(0x00000054b4400000,0x00000054b4500000)]
  0x000001645150adc0 JavaThread "Unconstrained build operations Thread 20" [_thread_blocked, id=30232, stack(0x00000054b4500000,0x00000054b4600000)]
  0x0000016451511c70 JavaThread "Unconstrained build operations Thread 21" [_thread_blocked, id=12512, stack(0x00000054b4600000,0x00000054b4700000)]
  0x000001645150f120 JavaThread "Unconstrained build operations Thread 22" [_thread_blocked, id=12824, stack(0x00000054b4700000,0x00000054b4800000)]
  0x0000016453a3c9c0 JavaThread "Unconstrained build operations Thread 23" [_thread_blocked, id=12672, stack(0x00000054b4800000,0x00000054b4900000)]
  0x0000016453a3d360 JavaThread "Unconstrained build operations Thread 24" [_thread_blocked, id=13488, stack(0x00000054b4900000,0x00000054b4a00000)]
  0x0000016453a3b680 JavaThread "Unconstrained build operations Thread 25" [_thread_blocked, id=27288, stack(0x00000054b4a00000,0x00000054b4b00000)]
  0x0000016453a3c4f0 JavaThread "Unconstrained build operations Thread 26" [_thread_blocked, id=4448, stack(0x00000054b4b00000,0x00000054b4c00000)]
  0x0000016451510460 JavaThread "build event listener" [_thread_blocked, id=23204, stack(0x00000054b4c00000,0x00000054b4d00000)]
  0x0000016459b82140 JavaThread "Unconstrained build operations Thread 27" [_thread_blocked, id=25288, stack(0x00000054b4d00000,0x00000054b4e00000)]
  0x000001645bd56530 JavaThread "Unconstrained build operations Thread 28" [_thread_blocked, id=15208, stack(0x00000054b4e00000,0x00000054b4f00000)]
  0x000001645bd58bb0 JavaThread "Unconstrained build operations Thread 29" [_thread_blocked, id=1932, stack(0x00000054b4f00000,0x00000054b5000000)]
  0x000001645039eb20 JavaThread "Unconstrained build operations Thread 30" [_thread_blocked, id=14960, stack(0x00000054b5000000,0x00000054b5100000)]
  0x000001645039dcb0 JavaThread "Unconstrained build operations Thread 31" [_thread_blocked, id=10960, stack(0x00000054b5100000,0x00000054b5200000)]
  0x00000164503a0330 JavaThread "Unconstrained build operations Thread 32" [_thread_blocked, id=19096, stack(0x00000054b5200000,0x00000054b5300000)]
  0x000001645d36c440 JavaThread "Unconstrained build operations Thread 33" [_thread_blocked, id=19556, stack(0x00000054b5300000,0x00000054b5400000)]
  0x000001645d36bf70 JavaThread "Unconstrained build operations Thread 34" [_thread_blocked, id=12920, stack(0x00000054b5400000,0x00000054b5500000)]
  0x000001645d36d2b0 JavaThread "Unconstrained build operations Thread 35" [_thread_blocked, id=21132, stack(0x00000054b5500000,0x00000054b5600000)]
  0x000001645d36d780 JavaThread "Unconstrained build operations Thread 36" [_thread_blocked, id=8288, stack(0x00000054b5600000,0x00000054b5700000)]
  0x000001645bcf7300 JavaThread "Unconstrained build operations Thread 37" [_thread_blocked, id=14956, stack(0x00000054b5700000,0x00000054b5800000)]
  0x000001645bcf5af0 JavaThread "Unconstrained build operations Thread 38" [_thread_blocked, id=26008, stack(0x00000054b5800000,0x00000054b5900000)]
  0x000001645bcf5fc0 JavaThread "Unconstrained build operations Thread 39" [_thread_blocked, id=23736, stack(0x00000054b5900000,0x00000054b5a00000)]
  0x000001645bcf8640 JavaThread "Unconstrained build operations Thread 40" [_thread_blocked, id=26316, stack(0x00000054b5a00000,0x00000054b5b00000)]
  0x000001645bcf8b10 JavaThread "Unconstrained build operations Thread 41" [_thread_blocked, id=17724, stack(0x00000054b5b00000,0x00000054b5c00000)]
  0x000001645bcf6e30 JavaThread "Unconstrained build operations Thread 42" [_thread_blocked, id=23764, stack(0x00000054b5c00000,0x00000054b5d00000)]
  0x000001645bcf77d0 JavaThread "Unconstrained build operations Thread 43" [_thread_blocked, id=23748, stack(0x00000054b5e00000,0x00000054b5f00000)]
  0x000001645bcf5620 JavaThread "Unconstrained build operations Thread 44" [_thread_blocked, id=23756, stack(0x00000054b5f00000,0x00000054b6000000)]
  0x000001645bcf7ca0 JavaThread "Unconstrained build operations Thread 45" [_thread_blocked, id=23752, stack(0x00000054b6000000,0x00000054b6100000)]
  0x000001645bcf8fe0 JavaThread "Unconstrained build operations Thread 46" [_thread_blocked, id=12276, stack(0x00000054b6100000,0x00000054b6200000)]
  0x000001645bcf8170 JavaThread "Unconstrained build operations Thread 47" [_thread_blocked, id=31640, stack(0x00000054b6200000,0x00000054b6300000)]
  0x000001645bcf6490 JavaThread "Unconstrained build operations Thread 48" [_thread_blocked, id=13344, stack(0x00000054b6300000,0x00000054b6400000)]
  0x000001645bcf6960 JavaThread "build event listener" [_thread_blocked, id=20812, stack(0x00000054b6400000,0x00000054b6500000)]
  0x0000016450900080 JavaThread "Unconstrained build operations Thread 49" [_thread_blocked, id=12048, stack(0x00000054b6500000,0x00000054b6600000)]
  0x00000164508fe870 JavaThread "Unconstrained build operations Thread 50" [_thread_blocked, id=12044, stack(0x00000054b6600000,0x00000054b6700000)]
  0x0000016450900550 JavaThread "Unconstrained build operations Thread 51" [_thread_blocked, id=27096, stack(0x00000054b6700000,0x00000054b6800000)]
  0x00000164508fed40 JavaThread "Unconstrained build operations Thread 52" [_thread_blocked, id=21808, stack(0x00000054b6800000,0x00000054b6900000)]
  0x0000016450900a20 JavaThread "Unconstrained build operations Thread 53" [_thread_blocked, id=18536, stack(0x00000054b6900000,0x00000054b6a00000)]
  0x00000164508fda00 JavaThread "Unconstrained build operations Thread 54" [_thread_blocked, id=24632, stack(0x00000054b6a00000,0x00000054b6b00000)]
  0x00000164503a0800 JavaThread "Unconstrained build operations Thread 55" [_thread_blocked, id=30620, stack(0x00000054b6b00000,0x00000054b6c00000)]
  0x000001645039d310 JavaThread "Unconstrained build operations Thread 56" [_thread_blocked, id=940, stack(0x00000054b6c00000,0x00000054b6d00000)]
  0x000001645039e180 JavaThread "Unconstrained build operations Thread 57" [_thread_blocked, id=25920, stack(0x00000054b6d00000,0x00000054b6e00000)]
  0x000001645039ce40 JavaThread "Unconstrained build operations Thread 58" [_thread_blocked, id=21580, stack(0x00000054b6e00000,0x00000054b6f00000)]
  0x0000016451512140 JavaThread "included builds" [_thread_blocked, id=14836, stack(0x00000054b7000000,0x00000054b7100000)]
  0x0000016451510930 JavaThread "included builds Thread 2" [_thread_blocked, id=24156, stack(0x00000054b7100000,0x00000054b7200000)]
  0x00000164508ffbb0 JavaThread "Execution worker" [_thread_blocked, id=30100, stack(0x00000054b7200000,0x00000054b7300000)]
  0x00000164508fd060 JavaThread "Execution worker Thread 2" [_thread_blocked, id=31532, stack(0x00000054b7300000,0x00000054b7400000)]
  0x00000164508fe3a0 JavaThread "Execution worker Thread 3" [_thread_blocked, id=15672, stack(0x00000054b7400000,0x00000054b7500000)]
  0x00000164508fded0 JavaThread "Execution worker Thread 4" [_thread_blocked, id=30980, stack(0x00000054b7500000,0x00000054b7600000)]
  0x00000164508ff210 JavaThread "Execution worker Thread 5" [_thread_blocked, id=31232, stack(0x00000054b7600000,0x00000054b7700000)]
  0x00000164508ff6e0 JavaThread "Execution worker Thread 6" [_thread_blocked, id=19972, stack(0x00000054b7700000,0x00000054b7800000)]
  0x00000164508fd530 JavaThread "Execution worker Thread 7" [_thread_blocked, id=31280, stack(0x00000054b7800000,0x00000054b7900000)]
  0x000001645b615240 JavaThread "Execution worker Thread 8" [_thread_blocked, id=30960, stack(0x00000054b7900000,0x00000054b7a00000)]
  0x000001645b613090 JavaThread "Execution worker Thread 9" [_thread_blocked, id=27864, stack(0x00000054b7a00000,0x00000054b7b00000)]
  0x000001645b6160b0 JavaThread "Execution worker Thread 10" [_thread_blocked, id=23904, stack(0x00000054b7b00000,0x00000054b7c00000)]
  0x000001645b616a50 JavaThread "Execution worker Thread 11" [_thread_blocked, id=29556, stack(0x00000054b7c00000,0x00000054b7d00000)]
  0x000001645039e650 JavaThread "Cache worker for execution history cache (C:\projects\daily-immune-admin-app\node_modules\expo-modules-autolinking\android\expo-gradle-plugin\.gradle\8.13\executionHistory)" [_thread_blocked, id=28088, stack(0x00000054b7d00000,0x00000054b7e00000)]
  0x000001645bd56ed0 JavaThread "Cache worker for execution history cache (C:\projects\daily-immune-admin-app\node_modules\@react-native\gradle-plugin\.gradle\8.13\executionHistory)" [_thread_blocked, id=5220, stack(0x00000054b7e00000,0x00000054b7f00000)]
  0x0000016451ec15f0 JavaThread "Unconstrained build operations Thread 59" [_thread_blocked, id=30896, stack(0x00000054b7f00000,0x00000054b8000000)]
  0x0000016451ec1120 JavaThread "Unconstrained build operations Thread 60" [_thread_blocked, id=24828, stack(0x00000054b8000000,0x00000054b8100000)]
  0x000001645039eff0 JavaThread "Unconstrained build operations Thread 61" [_thread_blocked, id=21376, stack(0x00000054b8100000,0x00000054b8200000)]
  0x000001645b4713c0 JavaThread "Unconstrained build operations Thread 62" [_thread_blocked, id=20040, stack(0x00000054b8200000,0x00000054b8300000)]
  0x000001645b613560 JavaThread "Unconstrained build operations Thread 63" [_thread_blocked, id=30440, stack(0x00000054b8300000,0x00000054b8400000)]
  0x000001645b614d70 JavaThread "Unconstrained build operations Thread 64" [_thread_blocked, id=28996, stack(0x00000054b8400000,0x00000054b8500000)]
  0x000001645b6148a0 JavaThread "Unconstrained build operations Thread 65" [_thread_blocked, id=27088, stack(0x00000054b8500000,0x00000054b8600000)]
  0x000001645b613a30 JavaThread "Unconstrained build operations Thread 66" [_thread_blocked, id=28780, stack(0x00000054b8600000,0x00000054b8700000)]
  0x000001645b613f00 JavaThread "Unconstrained build operations Thread 67" [_thread_blocked, id=29912, stack(0x00000054b8700000,0x00000054b8800000)]
  0x000001645b615710 JavaThread "Unconstrained build operations Thread 68" [_thread_blocked, id=28516, stack(0x00000054b8800000,0x00000054b8900000)]
  0x000001645b616580 JavaThread "Unconstrained build operations Thread 69" [_thread_blocked, id=23888, stack(0x00000054b8900000,0x00000054b8a00000)]
  0x000001645b615be0 JavaThread "Unconstrained build operations Thread 70" [_thread_blocked, id=18512, stack(0x00000054b8a00000,0x00000054b8b00000)]
  0x000001645d5a9b00 JavaThread "Unconstrained build operations Thread 71" [_thread_blocked, id=17468, stack(0x00000054b8b00000,0x00000054b8c00000)]
  0x000001645bd586e0 JavaThread "Unconstrained build operations Thread 72" [_thread_blocked, id=20296, stack(0x00000054b9000000,0x00000054b9100000)]
  0x000001645bd59080 JavaThread "Unconstrained build operations Thread 73" [_thread_blocked, id=21676, stack(0x00000054b9200000,0x00000054b9300000)]
  0x000001645bd56a00 JavaThread "Unconstrained build operations Thread 74" [_thread_blocked, id=29344, stack(0x00000054b9700000,0x00000054b9800000)]
  0x00000164515112d0 JavaThread "Unconstrained build operations Thread 75" [_thread_blocked, id=30952, stack(0x00000054b9800000,0x00000054b9900000)]
  0x00000164515117a0 JavaThread "Unconstrained build operations Thread 76" [_thread_blocked, id=22252, stack(0x00000054b9900000,0x00000054b9a00000)]
  0x000001645150f5f0 JavaThread "Unconstrained build operations Thread 77" [_thread_blocked, id=23824, stack(0x00000054b9a00000,0x00000054b9b00000)]
  0x000001645150fac0 JavaThread "Unconstrained build operations Thread 78" [_thread_blocked, id=29140, stack(0x00000054b9b00000,0x00000054b9c00000)]
  0x000001645150ff90 JavaThread "Unconstrained build operations Thread 79" [_thread_blocked, id=5116, stack(0x00000054b9c00000,0x00000054b9d00000)]
  0x0000016451510e00 JavaThread "Unconstrained build operations Thread 80" [_thread_blocked, id=29692, stack(0x00000054b9d00000,0x00000054b9e00000)]
  0x0000016451512610 JavaThread "Unconstrained build operations Thread 81" [_thread_blocked, id=13076, stack(0x00000054b9e00000,0x00000054b9f00000)]
  0x000001645150ec50 JavaThread "Unconstrained build operations Thread 82" [_thread_blocked, id=24024, stack(0x00000054b9f00000,0x00000054ba000000)]
  0x000001645bd59a20 JavaThread "Unconstrained build operations Thread 83" [_thread_blocked, id=31684, stack(0x00000054ba000000,0x00000054ba100000)]
  0x000001645bd573a0 JavaThread "Unconstrained build operations Thread 84" [_thread_blocked, id=1752, stack(0x00000054ba100000,0x00000054ba200000)]
  0x000001645bd57870 JavaThread "Unconstrained build operations Thread 85" [_thread_blocked, id=27592, stack(0x00000054ba200000,0x00000054ba300000)]
  0x000001645bd57d40 JavaThread "Unconstrained build operations Thread 86" [_thread_blocked, id=20444, stack(0x00000054ba300000,0x00000054ba400000)]
  0x000001645bd59550 JavaThread "Unconstrained build operations Thread 87" [_thread_blocked, id=23832, stack(0x00000054ba400000,0x00000054ba500000)]
  0x000001645bd58210 JavaThread "Unconstrained build operations Thread 88" [_thread_blocked, id=23384, stack(0x00000054ba500000,0x00000054ba600000)]
  0x000001645bd56060 JavaThread "Unconstrained build operations Thread 89" [_thread_blocked, id=23380, stack(0x00000054ba600000,0x00000054ba700000)]
  0x000001645beedf90 JavaThread "Unconstrained build operations Thread 90" [_thread_blocked, id=23416, stack(0x00000054ba700000,0x00000054ba800000)]
  0x000001645beef7a0 JavaThread "Unconstrained build operations Thread 91" [_thread_blocked, id=23400, stack(0x00000054ba800000,0x00000054ba900000)]
  0x000001645bef0140 JavaThread "Unconstrained build operations Thread 92" [_thread_blocked, id=8720, stack(0x00000054ba900000,0x00000054baa00000)]
  0x0000016453a3d830 JavaThread "Unconstrained build operations Thread 93" [_thread_blocked, id=13592, stack(0x00000054baa00000,0x00000054bab00000)]
  0x0000016453a3ce90 JavaThread "Unconstrained build operations Thread 94" [_thread_blocked, id=22732, stack(0x00000054bab00000,0x00000054bac00000)]
  0x0000016453a3bb50 JavaThread "Unconstrained build operations Thread 95" [_thread_blocked, id=23052, stack(0x00000054bac00000,0x00000054bad00000)]
  0x0000016453a3dd00 JavaThread "Unconstrained build operations Thread 96" [_thread_blocked, id=13360, stack(0x00000054bad00000,0x00000054bae00000)]
  0x0000016453a3e1d0 JavaThread "Unconstrained build operations Thread 97" [_thread_blocked, id=24228, stack(0x00000054bae00000,0x00000054baf00000)]
  0x0000016453a3e6a0 JavaThread "Unconstrained build operations Thread 98" [_thread_blocked, id=29108, stack(0x00000054baf00000,0x00000054bb000000)]
  0x0000016453a3ace0 JavaThread "Unconstrained build operations Thread 99" [_thread_blocked, id=23812, stack(0x00000054bb000000,0x00000054bb100000)]
  0x0000016453a3b1b0 JavaThread "Unconstrained build operations Thread 100" [_thread_blocked, id=23896, stack(0x00000054bb100000,0x00000054bb200000)]
  0x0000016453a3c020 JavaThread "Unconstrained build operations Thread 101" [_thread_blocked, id=14396, stack(0x00000054bb200000,0x00000054bb300000)]
  0x000001645b7e1750 JavaThread "Unconstrained build operations Thread 102" [_thread_blocked, id=23848, stack(0x00000054bb300000,0x00000054bb400000)]
  0x000001645b7e25c0 JavaThread "Unconstrained build operations Thread 103" [_thread_blocked, id=28092, stack(0x00000054bb400000,0x00000054bb500000)]
  0x000001645bef0ae0 JavaThread "Unconstrained build operations Thread 104" [_thread_blocked, id=23760, stack(0x00000054bb500000,0x00000054bb600000)]
  0x000001645beee930 JavaThread "Unconstrained build operations Thread 105" [_thread_blocked, id=27340, stack(0x00000054bb600000,0x00000054bb700000)]
  0x000001645beeee00 JavaThread "Unconstrained build operations Thread 106" [_thread_blocked, id=28100, stack(0x00000054bb700000,0x00000054bb800000)]
  0x000001645a755080 JavaThread "Unconstrained build operations Thread 107" [_thread_blocked, id=8364, stack(0x00000054bb800000,0x00000054bb900000)]
  0x000001645a754bb0 JavaThread "Unconstrained build operations Thread 108" [_thread_blocked, id=20012, stack(0x00000054bb900000,0x00000054bba00000)]
  0x000001645a753870 JavaThread "Unconstrained build operations Thread 109" [_thread_blocked, id=29628, stack(0x00000054bba00000,0x00000054bbb00000)]
  0x000001645a753d40 JavaThread "Unconstrained build operations Thread 110" [_thread_blocked, id=19336, stack(0x00000054bbb00000,0x00000054bbc00000)]
  0x000001645a754210 JavaThread "Unconstrained build operations Thread 111" [_thread_blocked, id=23364, stack(0x00000054bbc00000,0x00000054bbd00000)]
  0x000001645aa098d0 JavaThread "Unconstrained build operations Thread 112" [_thread_blocked, id=13040, stack(0x00000054bbd00000,0x00000054bbe00000)]
  0x000001645aa0a270 JavaThread "Unconstrained build operations Thread 113" [_thread_blocked, id=28916, stack(0x00000054bbe00000,0x00000054bbf00000)]
  0x000001645aa0a740 JavaThread "Unconstrained build operations Thread 114" [_thread_blocked, id=21608, stack(0x00000054bbf00000,0x00000054bc000000)]
  0x000001645aa0b0e0 JavaThread "Cache worker for Build Output Cleanup Cache (C:\projects\daily-immune-admin-app\node_modules\expo-dev-launcher\expo-dev-launcher-gradle-plugin\.gradle\buildOutputCleanup)" [_thread_blocked, id=20860, stack(0x00000054b6f00000,0x00000054b7000000)]
  0x000001645aa0cdc0 JavaThread "Cache worker for Build Output Cleanup Cache (C:\projects\daily-immune-admin-app\node_modules\expo-modules-core\expo-module-gradle-plugin\.gradle\buildOutputCleanup)" [_thread_blocked, id=27680, stack(0x00000054bc000000,0x00000054bc100000)]
  0x0000016451513950 JavaThread "Unconstrained build operations Thread 115" [_thread_blocked, id=30800, stack(0x00000054bc200000,0x00000054bc300000)]
  0x000001645443b100 JavaThread "Unconstrained build operations Thread 116" [_thread_blocked, id=5132, stack(0x00000054bc300000,0x00000054bc400000)]
  0x00000164517c8870 JavaThread "Unconstrained build operations Thread 117" [_thread_blocked, id=8636, stack(0x00000054bc400000,0x00000054bc500000)]
  0x00000164517c96e0 JavaThread "Unconstrained build operations Thread 118" [_thread_blocked, id=20136, stack(0x00000054bc500000,0x00000054bc600000)]
  0x00000164517c83a0 JavaThread "Unconstrained build operations Thread 119" [_thread_blocked, id=8520, stack(0x00000054bc600000,0x00000054bc700000)]
  0x00000164597f5eb0 JavaThread "Unconstrained build operations Thread 120" [_thread_blocked, id=16936, stack(0x00000054bc700000,0x00000054bc800000)]
  0x000001645beed120 JavaThread "Cache worker for execution history cache (C:\projects\daily-immune-admin-app\node_modules\expo-dev-launcher\expo-dev-launcher-gradle-plugin\.gradle\8.13\executionHistory)" [_thread_blocked, id=2984, stack(0x00000054bc800000,0x00000054bc900000)]
  0x00000164597f5040 JavaThread "included builds Thread 3" [_thread_blocked, id=16000, stack(0x00000054bc900000,0x00000054bca00000)]
  0x00000164597f29c0 JavaThread "included builds Thread 4" [_thread_blocked, id=29384, stack(0x00000054bca00000,0x00000054bcb00000)]
  0x000001645d5ab7e0 JavaThread "Cache worker for execution history cache (C:\projects\daily-immune-admin-app\node_modules\expo-modules-core\expo-module-gradle-plugin\.gradle\8.13\executionHistory)" [_thread_blocked, id=30856, stack(0x00000054bcb00000,0x00000054bcc00000)]
  0x0000016451ec1ac0 JavaThread "Problems report writer" [_thread_blocked, id=22884, stack(0x00000054bc100000,0x00000054bc200000)]
  0x000001645443b5d0 JavaThread "build event listener" [_thread_blocked, id=25436, stack(0x00000054bcd00000,0x00000054bce00000)]
  0x00000164539e6c30 JavaThread "C2 CompilerThread1" daemon [_thread_blocked, id=23044, stack(0x00000054bce00000,0x00000054bcf00000)]

Other Threads:
=>0x000001642a8dda00 VMThread "VM Thread" [stack: 0x00000054afd00000,0x00000054afe00000] [id=30336]
  0x000001644da893f0 WatcherThread "VM Periodic Task Thread" [stack: 0x00000054b0900000,0x00000054b0a00000] [id=21224]
  0x000001642a8bbb20 WorkerThread "GC Thread#0" [stack: 0x00000054af800000,0x00000054af900000] [id=29632]
  0x000001644deab9e0 WorkerThread "GC Thread#1" [stack: 0x00000054b0c00000,0x00000054b0d00000] [id=23648]
  0x000001644dfc09c0 WorkerThread "GC Thread#2" [stack: 0x00000054b0d00000,0x00000054b0e00000] [id=29088]
  0x000001644e50ea70 WorkerThread "GC Thread#3" [stack: 0x00000054b0e00000,0x00000054b0f00000] [id=20436]
  0x000001644e741be0 WorkerThread "GC Thread#4" [stack: 0x00000054b0f00000,0x00000054b1000000] [id=20524]
  0x000001644e9727b0 WorkerThread "GC Thread#5" [stack: 0x00000054b1d00000,0x00000054b1e00000] [id=20224]
  0x000001644e972cf0 WorkerThread "GC Thread#6" [stack: 0x00000054b1e00000,0x00000054b1f00000] [id=14856]
  0x000001644e972510 WorkerThread "GC Thread#7" [stack: 0x00000054b1f00000,0x00000054b2000000] [id=4120]
  0x000001644e971fd0 WorkerThread "GC Thread#8" [stack: 0x00000054b2000000,0x00000054b2100000] [id=21592]
  0x000001644e972f90 WorkerThread "GC Thread#9" [stack: 0x00000054b2100000,0x00000054b2200000] [id=4220]
  0x000001642a8cd970 ConcurrentGCThread "G1 Main Marker" [stack: 0x00000054af900000,0x00000054afa00000] [id=12104]
  0x000001642a8cef40 WorkerThread "G1 Conc#0" [stack: 0x00000054afa00000,0x00000054afb00000] [id=21640]
  0x000001644e973770 WorkerThread "G1 Conc#1" [stack: 0x00000054b2200000,0x00000054b2300000] [id=28392]
  0x000001644e972270 WorkerThread "G1 Conc#2" [stack: 0x00000054b2300000,0x00000054b2400000] [id=8176]
  0x000001642a90eba0 ConcurrentGCThread "G1 Refine#0" [stack: 0x00000054afb00000,0x00000054afc00000] [id=13420]
  0x000001644fd4c1a0 ConcurrentGCThread "G1 Refine#1" [stack: 0x00000054b2a00000,0x00000054b2b00000] [id=5552]
  0x000001644fd4a580 ConcurrentGCThread "G1 Refine#2" [stack: 0x00000054b2b00000,0x00000054b2c00000] [id=20036]
  0x00000164598161f0 ConcurrentGCThread "G1 Refine#3" [stack: 0x00000054be000000,0x00000054be100000] [id=31508]
  0x000001645b972600 ConcurrentGCThread "G1 Refine#4" [stack: 0x00000054be100000,0x00000054be200000] [id=31540]
  0x00000164495f2180 ConcurrentGCThread "G1 Service" [stack: 0x00000054afc00000,0x00000054afd00000] [id=19660]

Threads with active compile tasks:
C2 CompilerThread1   220909 30655       4       java.util.concurrent.CopyOnWriteArrayList::toArray (11 bytes)

VM state: at safepoint (normal execution)

VM Mutex/Monitor currently owned by a thread:  ([mutex/lock_event])
[0x000001642a8580c0] Threads_lock - owner thread: 0x000001642a8dda00
[0x000001642a859110] Heap_lock - owner thread: 0x0000016459cae900

Heap address: 0x0000000080000000, size: 2048 MB, Compressed Oops mode: 32-bit

CDS archive(s) mapped at: [0x0000000800000000-0x0000000800ba0000-0x0000000800ba0000), size 12189696, SharedBaseAddress: 0x0000000800000000, ArchiveRelocationMode: 0.
Compressed class space mapped at: 0x0000000800c00000-0x000000081a800000, reserved size: 432013312
Narrow klass base: 0x0000000800000000, Narrow klass shift: 0, Narrow klass range: 0x100000000

GC Precious Log:
 CardTable entry size: 512
 Card Set container configuration: InlinePtr #cards 5 size 8 Array Of Cards #cards 12 size 40 Howl #buckets 4 coarsen threshold 1843 Howl Bitmap #cards 512 size 80 coarsen threshold 460 Card regions per heap region 1 cards per card region 2048
 CPUs: 12 total, 12 available
 Memory: 7525M
 Large Page Support: Disabled
 NUMA Support: Disabled
 Compressed Oops: Enabled (32-bit)
 Heap Region Size: 1M
 Heap Min Capacity: 8M
 Heap Initial Capacity: 118M
 Heap Max Capacity: 2G
 Pre-touch: Disabled
 Parallel Workers: 10
 Concurrent Workers: 3
 Concurrent Refinement Workers: 10
 Periodic GC: Disabled

Heap:
 garbage-first heap   total 632832K, used 514685K [0x0000000080000000, 0x0000000100000000)
  region size 1024K, 3 young (3072K), 3 survivors (3072K)
 Metaspace       used 181824K, committed 185920K, reserved 618496K
  class space    used 24344K, committed 26304K, reserved 421888K

Heap Regions: E=young(eden), S=young(survivor), O=old, HS=humongous(starts), HC=humongous(continues), CS=collection set, F=free, OA=open archive, CA=closed archive, TAMS=top-at-mark-start (previous, next)
|   0|0x0000000080000000, 0x0000000080100000, 0x0000000080100000|100%|HS|  |TAMS 0x0000000080100000, 0x0000000080000000| Complete 
|   1|0x0000000080100000, 0x0000000080200000, 0x0000000080200000|100%|HC|  |TAMS 0x0000000080200000, 0x0000000080100000| Complete 
|   2|0x0000000080200000, 0x0000000080300000, 0x0000000080300000|100%|HC|  |TAMS 0x0000000080300000, 0x0000000080200000| Complete 
|   3|0x0000000080300000, 0x0000000080400000, 0x0000000080400000|100%| O|  |TAMS 0x0000000080400000, 0x0000000080300000| Untracked 
|   4|0x0000000080400000, 0x0000000080500000, 0x0000000080500000|100%| O|  |TAMS 0x0000000080500000, 0x0000000080400000| Untracked 
|   5|0x0000000080500000, 0x0000000080600000, 0x0000000080600000|100%| O|  |TAMS 0x0000000080600000, 0x0000000080500000| Untracked 
|   6|0x0000000080600000, 0x0000000080700000, 0x0000000080700000|100%|HS|  |TAMS 0x0000000080700000, 0x0000000080600000| Complete 
|   7|0x0000000080700000, 0x0000000080800000, 0x0000000080800000|100%| O|  |TAMS 0x0000000080800000, 0x0000000080700000| Untracked 
|   8|0x0000000080800000, 0x0000000080900000, 0x0000000080900000|100%| O|  |TAMS 0x0000000080900000, 0x0000000080800000| Untracked 
|   9|0x0000000080900000, 0x0000000080a00000, 0x0000000080a00000|100%| O|  |TAMS 0x0000000080a00000, 0x0000000080900000| Untracked 
|  10|0x0000000080a00000, 0x0000000080b00000, 0x0000000080b00000|100%| O|  |TAMS 0x0000000080b00000, 0x0000000080a00000| Untracked 
|  11|0x0000000080b00000, 0x0000000080c00000, 0x0000000080c00000|100%| O|  |TAMS 0x0000000080c00000, 0x0000000080b00000| Untracked 
|  12|0x0000000080c00000, 0x0000000080d00000, 0x0000000080d00000|100%| O|  |TAMS 0x0000000080d00000, 0x0000000080c00000| Untracked 
|  13|0x0000000080d00000, 0x0000000080e00000, 0x0000000080e00000|100%| O|  |TAMS 0x0000000080e00000, 0x0000000080d00000| Untracked 
|  14|0x0000000080e00000, 0x0000000080f00000, 0x0000000080f00000|100%| O|  |TAMS 0x0000000080f00000, 0x0000000080e00000| Untracked 
|  15|0x0000000080f00000, 0x0000000081000000, 0x0000000081000000|100%| O|  |TAMS 0x0000000081000000, 0x0000000080f00000| Untracked 
|  16|0x0000000081000000, 0x0000000081100000, 0x0000000081100000|100%| O|  |TAMS 0x0000000081100000, 0x0000000081000000| Untracked 
|  17|0x0000000081100000, 0x0000000081200000, 0x0000000081200000|100%| O|  |TAMS 0x0000000081200000, 0x0000000081100000| Untracked 
|  18|0x0000000081200000, 0x0000000081300000, 0x0000000081300000|100%| O|  |TAMS 0x0000000081300000, 0x0000000081200000| Untracked 
|  19|0x0000000081300000, 0x0000000081400000, 0x0000000081400000|100%| O|  |TAMS 0x0000000081400000, 0x0000000081300000| Untracked 
|  20|0x0000000081400000, 0x000000008149aa00, 0x0000000081500000| 60%| O|  |TAMS 0x000000008149aa00, 0x0000000081400000| Untracked 
|  21|0x0000000081500000, 0x0000000081600000, 0x0000000081600000|100%| O|  |TAMS 0x0000000081600000, 0x0000000081500000| Untracked 
|  22|0x0000000081600000, 0x0000000081700000, 0x0000000081700000|100%| O|  |TAMS 0x0000000081700000, 0x0000000081600000| Untracked 
|  23|0x0000000081700000, 0x0000000081800000, 0x0000000081800000|100%| O|  |TAMS 0x0000000081800000, 0x0000000081700000| Untracked 
|  24|0x0000000081800000, 0x0000000081900000, 0x0000000081900000|100%| O|  |TAMS 0x0000000081900000, 0x0000000081800000| Untracked 
|  25|0x0000000081900000, 0x0000000081a00000, 0x0000000081a00000|100%| O|  |TAMS 0x0000000081a00000, 0x0000000081900000| Untracked 
|  26|0x0000000081a00000, 0x0000000081b00000, 0x0000000081b00000|100%| O|  |TAMS 0x0000000081b00000, 0x0000000081a00000| Untracked 
|  27|0x0000000081b00000, 0x0000000081c00000, 0x0000000081c00000|100%| O|  |TAMS 0x0000000081c00000, 0x0000000081b00000| Untracked 
|  28|0x0000000081c00000, 0x0000000081d00000, 0x0000000081d00000|100%| O|  |TAMS 0x0000000081d00000, 0x0000000081c00000| Untracked 
|  29|0x0000000081d00000, 0x0000000081e00000, 0x0000000081e00000|100%| O|  |TAMS 0x0000000081e00000, 0x0000000081d00000| Untracked 
|  30|0x0000000081e00000, 0x0000000081f00000, 0x0000000081f00000|100%| O|  |TAMS 0x0000000081f00000, 0x0000000081e00000| Untracked 
|  31|0x0000000081f00000, 0x0000000082000000, 0x0000000082000000|100%| O|  |TAMS 0x0000000082000000, 0x0000000081f00000| Untracked 
|  32|0x0000000082000000, 0x0000000082100000, 0x0000000082100000|100%| O|  |TAMS 0x0000000082100000, 0x0000000082000000| Untracked 
|  33|0x0000000082100000, 0x0000000082200000, 0x0000000082200000|100%| O|  |TAMS 0x0000000082200000, 0x0000000082100000| Untracked 
|  34|0x0000000082200000, 0x0000000082300000, 0x0000000082300000|100%| O|  |TAMS 0x0000000082300000, 0x0000000082200000| Untracked 
|  35|0x0000000082300000, 0x0000000082400000, 0x0000000082400000|100%| O|  |TAMS 0x0000000082400000, 0x0000000082300000| Untracked 
|  36|0x0000000082400000, 0x0000000082500000, 0x0000000082500000|100%| O|  |TAMS 0x0000000082500000, 0x0000000082400000| Untracked 
|  37|0x0000000082500000, 0x0000000082600000, 0x0000000082600000|100%| O|  |TAMS 0x0000000082600000, 0x0000000082500000| Untracked 
|  38|0x0000000082600000, 0x0000000082700000, 0x0000000082700000|100%| O|  |TAMS 0x0000000082700000, 0x0000000082600000| Untracked 
|  39|0x0000000082700000, 0x0000000082800000, 0x0000000082800000|100%| O|  |TAMS 0x0000000082800000, 0x0000000082700000| Untracked 
|  40|0x0000000082800000, 0x0000000082900000, 0x0000000082900000|100%| O|  |TAMS 0x0000000082900000, 0x0000000082800000| Untracked 
|  41|0x0000000082900000, 0x0000000082a00000, 0x0000000082a00000|100%| O|  |TAMS 0x0000000082a00000, 0x0000000082900000| Untracked 
|  42|0x0000000082a00000, 0x0000000082b00000, 0x0000000082b00000|100%| O|  |TAMS 0x0000000082b00000, 0x0000000082a00000| Untracked 
|  43|0x0000000082b00000, 0x0000000082c00000, 0x0000000082c00000|100%| O|  |TAMS 0x0000000082c00000, 0x0000000082b00000| Untracked 
|  44|0x0000000082c00000, 0x0000000082d00000, 0x0000000082d00000|100%| O|  |TAMS 0x0000000082d00000, 0x0000000082c00000| Untracked 
|  45|0x0000000082d00000, 0x0000000082e00000, 0x0000000082e00000|100%| O|  |TAMS 0x0000000082e00000, 0x0000000082d00000| Untracked 
|  46|0x0000000082e00000, 0x0000000082f00000, 0x0000000082f00000|100%| O|  |TAMS 0x0000000082f00000, 0x0000000082e00000| Untracked 
|  47|0x0000000082f00000, 0x0000000083000000, 0x0000000083000000|100%| O|  |TAMS 0x0000000083000000, 0x0000000082f00000| Untracked 
|  48|0x0000000083000000, 0x0000000083100000, 0x0000000083100000|100%| O|  |TAMS 0x0000000083100000, 0x0000000083000000| Untracked 
|  49|0x0000000083100000, 0x0000000083200000, 0x0000000083200000|100%| O|  |TAMS 0x0000000083200000, 0x0000000083100000| Untracked 
|  50|0x0000000083200000, 0x0000000083300000, 0x0000000083300000|100%|HS|  |TAMS 0x0000000083300000, 0x0000000083200000| Complete 
|  51|0x0000000083300000, 0x0000000083400000, 0x0000000083400000|100%|HC|  |TAMS 0x0000000083400000, 0x0000000083300000| Complete 
|  52|0x0000000083400000, 0x0000000083500000, 0x0000000083500000|100%|HS|  |TAMS 0x0000000083500000, 0x0000000083400000| Complete 
|  53|0x0000000083500000, 0x0000000083600000, 0x0000000083600000|100%|HC|  |TAMS 0x0000000083600000, 0x0000000083500000| Complete 
|  54|0x0000000083600000, 0x0000000083700000, 0x0000000083700000|100%|HC|  |TAMS 0x0000000083700000, 0x0000000083600000| Complete 
|  55|0x0000000083700000, 0x0000000083800000, 0x0000000083800000|100%|HS|  |TAMS 0x0000000083800000, 0x0000000083700000| Complete 
|  56|0x0000000083800000, 0x0000000083900000, 0x0000000083900000|100%|HC|  |TAMS 0x0000000083900000, 0x0000000083800000| Complete 
|  57|0x0000000083900000, 0x0000000083a00000, 0x0000000083a00000|100%|HS|  |TAMS 0x0000000083900000, 0x0000000083900000| Complete 
|  58|0x0000000083a00000, 0x0000000083b00000, 0x0000000083b00000|100%| O|  |TAMS 0x0000000083b00000, 0x0000000083a00000| Untracked 
|  59|0x0000000083b00000, 0x0000000083c00000, 0x0000000083c00000|100%| O|  |TAMS 0x0000000083c00000, 0x0000000083b00000| Untracked 
|  60|0x0000000083c00000, 0x0000000083d00000, 0x0000000083d00000|100%| O|  |TAMS 0x0000000083d00000, 0x0000000083c00000| Untracked 
|  61|0x0000000083d00000, 0x0000000083e00000, 0x0000000083e00000|100%| O|  |TAMS 0x0000000083e00000, 0x0000000083d00000| Untracked 
|  62|0x0000000083e00000, 0x0000000083f00000, 0x0000000083f00000|100%| O|  |TAMS 0x0000000083f00000, 0x0000000083e00000| Untracked 
|  63|0x0000000083f00000, 0x0000000084000000, 0x0000000084000000|100%| O|  |TAMS 0x0000000084000000, 0x0000000083f00000| Untracked 
|  64|0x0000000084000000, 0x0000000084100000, 0x0000000084100000|100%| O|  |TAMS 0x0000000084100000, 0x0000000084000000| Untracked 
|  65|0x0000000084100000, 0x0000000084200000, 0x0000000084200000|100%|HS|  |TAMS 0x0000000084200000, 0x0000000084100000| Complete 
|  66|0x0000000084200000, 0x0000000084300000, 0x0000000084300000|100%|HC|  |TAMS 0x0000000084300000, 0x0000000084200000| Complete 
|  67|0x0000000084300000, 0x0000000084400000, 0x0000000084400000|100%|HC|  |TAMS 0x0000000084400000, 0x0000000084300000| Complete 
|  68|0x0000000084400000, 0x0000000084500000, 0x0000000084500000|100%|HS|  |TAMS 0x0000000084500000, 0x0000000084400000| Complete 
|  69|0x0000000084500000, 0x0000000084600000, 0x0000000084600000|100%|HC|  |TAMS 0x0000000084600000, 0x0000000084500000| Complete 
|  70|0x0000000084600000, 0x0000000084700000, 0x0000000084700000|100%| O|  |TAMS 0x0000000084700000, 0x0000000084600000| Untracked 
|  71|0x0000000084700000, 0x0000000084800000, 0x0000000084800000|100%| O|  |TAMS 0x0000000084800000, 0x0000000084700000| Untracked 
|  72|0x0000000084800000, 0x0000000084900000, 0x0000000084900000|100%|HS|  |TAMS 0x0000000084900000, 0x0000000084800000| Complete 
|  73|0x0000000084900000, 0x0000000084a00000, 0x0000000084a00000|100%|HC|  |TAMS 0x0000000084a00000, 0x0000000084900000| Complete 
|  74|0x0000000084a00000, 0x0000000084b00000, 0x0000000084b00000|100%|HS|  |TAMS 0x0000000084b00000, 0x0000000084a00000| Complete 
|  75|0x0000000084b00000, 0x0000000084c00000, 0x0000000084c00000|100%|HC|  |TAMS 0x0000000084c00000, 0x0000000084b00000| Complete 
|  76|0x0000000084c00000, 0x0000000084d00000, 0x0000000084d00000|100%|HC|  |TAMS 0x0000000084d00000, 0x0000000084c00000| Complete 
|  77|0x0000000084d00000, 0x0000000084e00000, 0x0000000084e00000|100%|HC|  |TAMS 0x0000000084e00000, 0x0000000084d00000| Complete 
|  78|0x0000000084e00000, 0x0000000084f00000, 0x0000000084f00000|100%|HS|  |TAMS 0x0000000084f00000, 0x0000000084e00000| Complete 
|  79|0x0000000084f00000, 0x0000000085000000, 0x0000000085000000|100%|HC|  |TAMS 0x0000000085000000, 0x0000000084f00000| Complete 
|  80|0x0000000085000000, 0x0000000085100000, 0x0000000085100000|100%|HC|  |TAMS 0x0000000085100000, 0x0000000085000000| Complete 
|  81|0x0000000085100000, 0x0000000085200000, 0x0000000085200000|100%|HC|  |TAMS 0x0000000085200000, 0x0000000085100000| Complete 
|  82|0x0000000085200000, 0x0000000085300000, 0x0000000085300000|100%| O|  |TAMS 0x0000000085300000, 0x0000000085200000| Untracked 
|  83|0x0000000085300000, 0x0000000085400000, 0x0000000085400000|100%| O|  |TAMS 0x0000000085400000, 0x0000000085300000| Untracked 
|  84|0x0000000085400000, 0x0000000085500000, 0x0000000085500000|100%| O|  |TAMS 0x0000000085500000, 0x0000000085400000| Untracked 
|  85|0x0000000085500000, 0x0000000085600000, 0x0000000085600000|100%| O|  |TAMS 0x0000000085600000, 0x0000000085500000| Untracked 
|  86|0x0000000085600000, 0x0000000085700000, 0x0000000085700000|100%| O|  |TAMS 0x0000000085700000, 0x0000000085600000| Untracked 
|  87|0x0000000085700000, 0x0000000085800000, 0x0000000085800000|100%| O|  |TAMS 0x0000000085800000, 0x0000000085700000| Untracked 
|  88|0x0000000085800000, 0x0000000085900000, 0x0000000085900000|100%| O|  |TAMS 0x0000000085900000, 0x0000000085800000| Untracked 
|  89|0x0000000085900000, 0x0000000085a00000, 0x0000000085a00000|100%| O|  |TAMS 0x0000000085a00000, 0x0000000085900000| Untracked 
|  90|0x0000000085a00000, 0x0000000085b00000, 0x0000000085b00000|100%| O|  |TAMS 0x0000000085b00000, 0x0000000085a00000| Untracked 
|  91|0x0000000085b00000, 0x0000000085c00000, 0x0000000085c00000|100%| O|  |TAMS 0x0000000085c00000, 0x0000000085b00000| Untracked 
|  92|0x0000000085c00000, 0x0000000085d00000, 0x0000000085d00000|100%|HS|  |TAMS 0x0000000085c00000, 0x0000000085c00000| Complete 
|  93|0x0000000085d00000, 0x0000000085e00000, 0x0000000085e00000|100%|HS|  |TAMS 0x0000000085d00000, 0x0000000085d00000| Complete 
|  94|0x0000000085e00000, 0x0000000085f00000, 0x0000000085f00000|100%|HC|  |TAMS 0x0000000085e00000, 0x0000000085e00000| Complete 
|  95|0x0000000085f00000, 0x0000000086000000, 0x0000000086000000|100%| O|  |TAMS 0x0000000086000000, 0x0000000085f00000| Untracked 
|  96|0x0000000086000000, 0x0000000086100000, 0x0000000086100000|100%| O|  |TAMS 0x0000000086100000, 0x0000000086000000| Untracked 
|  97|0x0000000086100000, 0x0000000086200000, 0x0000000086200000|100%| O|  |TAMS 0x0000000086200000, 0x0000000086100000| Untracked 
|  98|0x0000000086200000, 0x0000000086300000, 0x0000000086300000|100%| O|  |TAMS 0x0000000086300000, 0x0000000086200000| Untracked 
|  99|0x0000000086300000, 0x0000000086400000, 0x0000000086400000|100%| O|  |TAMS 0x0000000086400000, 0x0000000086300000| Untracked 
| 100|0x0000000086400000, 0x0000000086500000, 0x0000000086500000|100%| O|  |TAMS 0x0000000086500000, 0x0000000086400000| Untracked 
| 101|0x0000000086500000, 0x0000000086600000, 0x0000000086600000|100%| O|  |TAMS 0x0000000086600000, 0x0000000086500000| Untracked 
| 102|0x0000000086600000, 0x0000000086700000, 0x0000000086700000|100%| O|  |TAMS 0x0000000086600000, 0x0000000086600000| Untracked 
| 103|0x0000000086700000, 0x0000000086800000, 0x0000000086800000|100%| O|  |TAMS 0x0000000086800000, 0x0000000086700000| Untracked 
| 104|0x0000000086800000, 0x0000000086900000, 0x0000000086900000|100%| O|  |TAMS 0x0000000086900000, 0x0000000086800000| Untracked 
| 105|0x0000000086900000, 0x0000000086a00000, 0x0000000086a00000|100%| O|  |TAMS 0x0000000086a00000, 0x0000000086900000| Untracked 
| 106|0x0000000086a00000, 0x0000000086b00000, 0x0000000086b00000|100%| O|  |TAMS 0x0000000086b00000, 0x0000000086a00000| Untracked 
| 107|0x0000000086b00000, 0x0000000086c00000, 0x0000000086c00000|100%| O|  |TAMS 0x0000000086c00000, 0x0000000086b00000| Untracked 
| 108|0x0000000086c00000, 0x0000000086d00000, 0x0000000086d00000|100%| O|  |TAMS 0x0000000086d00000, 0x0000000086c00000| Untracked 
| 109|0x0000000086d00000, 0x0000000086e00000, 0x0000000086e00000|100%| O|  |TAMS 0x0000000086e00000, 0x0000000086d00000| Untracked 
| 110|0x0000000086e00000, 0x0000000086f00000, 0x0000000086f00000|100%| O|  |TAMS 0x0000000086f00000, 0x0000000086e00000| Untracked 
| 111|0x0000000086f00000, 0x0000000087000000, 0x0000000087000000|100%| O|  |TAMS 0x0000000087000000, 0x0000000086f00000| Untracked 
| 112|0x0000000087000000, 0x0000000087100000, 0x0000000087100000|100%| O|  |TAMS 0x0000000087100000, 0x0000000087000000| Untracked 
| 113|0x0000000087100000, 0x0000000087200000, 0x0000000087200000|100%| O|  |TAMS 0x0000000087200000, 0x0000000087100000| Untracked 
| 114|0x0000000087200000, 0x0000000087300000, 0x0000000087300000|100%|HS|  |TAMS 0x0000000087300000, 0x0000000087200000| Complete 
| 115|0x0000000087300000, 0x0000000087400000, 0x0000000087400000|100%|HS|  |TAMS 0x0000000087400000, 0x0000000087300000| Complete 
| 116|0x0000000087400000, 0x0000000087500000, 0x0000000087500000|100%|HS|  |TAMS 0x0000000087500000, 0x0000000087400000| Complete 
| 117|0x0000000087500000, 0x0000000087600000, 0x0000000087600000|100%|HS|  |TAMS 0x0000000087600000, 0x0000000087500000| Complete 
| 118|0x0000000087600000, 0x0000000087700000, 0x0000000087700000|100%| O|  |TAMS 0x0000000087700000, 0x0000000087600000| Untracked 
| 119|0x0000000087700000, 0x0000000087800000, 0x0000000087800000|100%|HS|  |TAMS 0x0000000087800000, 0x0000000087700000| Complete 
| 120|0x0000000087800000, 0x0000000087900000, 0x0000000087900000|100%|HS|  |TAMS 0x0000000087900000, 0x0000000087800000| Complete 
| 121|0x0000000087900000, 0x0000000087a00000, 0x0000000087a00000|100%| O|  |TAMS 0x0000000087a00000, 0x0000000087900000| Untracked 
| 122|0x0000000087a00000, 0x0000000087b00000, 0x0000000087b00000|100%| O|  |TAMS 0x0000000087b00000, 0x0000000087a00000| Untracked 
| 123|0x0000000087b00000, 0x0000000087c00000, 0x0000000087c00000|100%| O|  |TAMS 0x0000000087c00000, 0x0000000087b00000| Untracked 
| 124|0x0000000087c00000, 0x0000000087d00000, 0x0000000087d00000|100%| O|  |TAMS 0x0000000087c00000, 0x0000000087c00000| Untracked 
| 125|0x0000000087d00000, 0x0000000087e00000, 0x0000000087e00000|100%| O|  |TAMS 0x0000000087d00000, 0x0000000087d00000| Untracked 
| 126|0x0000000087e00000, 0x0000000087f00000, 0x0000000087f00000|100%| O|  |TAMS 0x0000000087f00000, 0x0000000087e00000| Untracked 
| 127|0x0000000087f00000, 0x0000000088000000, 0x0000000088000000|100%| O|  |TAMS 0x0000000088000000, 0x0000000087f00000| Untracked 
| 128|0x0000000088000000, 0x0000000088100000, 0x0000000088100000|100%|HS|  |TAMS 0x0000000088100000, 0x0000000088000000| Complete 
| 129|0x0000000088100000, 0x0000000088200000, 0x0000000088200000|100%|HC|  |TAMS 0x0000000088200000, 0x0000000088100000| Complete 
| 130|0x0000000088200000, 0x0000000088300000, 0x0000000088300000|100%| O|  |TAMS 0x0000000088300000, 0x0000000088200000| Untracked 
| 131|0x0000000088300000, 0x0000000088400000, 0x0000000088400000|100%|HS|  |TAMS 0x0000000088400000, 0x0000000088300000| Complete 
| 132|0x0000000088400000, 0x0000000088500000, 0x0000000088500000|100%| O|  |TAMS 0x0000000088500000, 0x0000000088400000| Untracked 
| 133|0x0000000088500000, 0x0000000088600000, 0x0000000088600000|100%| O|  |TAMS 0x0000000088600000, 0x0000000088500000| Untracked 
| 134|0x0000000088600000, 0x0000000088700000, 0x0000000088700000|100%| O|  |TAMS 0x0000000088700000, 0x0000000088600000| Untracked 
| 135|0x0000000088700000, 0x0000000088800000, 0x0000000088800000|100%| O|  |TAMS 0x0000000088800000, 0x0000000088700000| Untracked 
| 136|0x0000000088800000, 0x0000000088900000, 0x0000000088900000|100%| O|  |TAMS 0x0000000088900000, 0x0000000088800000| Untracked 
| 137|0x0000000088900000, 0x0000000088a00000, 0x0000000088a00000|100%| O|  |TAMS 0x0000000088a00000, 0x0000000088900000| Untracked 
| 138|0x0000000088a00000, 0x0000000088b00000, 0x0000000088b00000|100%| O|  |TAMS 0x0000000088b00000, 0x0000000088a00000| Untracked 
| 139|0x0000000088b00000, 0x0000000088c00000, 0x0000000088c00000|100%| O|  |TAMS 0x0000000088c00000, 0x0000000088b00000| Untracked 
| 140|0x0000000088c00000, 0x0000000088d00000, 0x0000000088d00000|100%| O|  |TAMS 0x0000000088d00000, 0x0000000088c00000| Untracked 
| 141|0x0000000088d00000, 0x0000000088e00000, 0x0000000088e00000|100%| O|  |TAMS 0x0000000088e00000, 0x0000000088d00000| Untracked 
| 142|0x0000000088e00000, 0x0000000088f00000, 0x0000000088f00000|100%| O|  |TAMS 0x0000000088f00000, 0x0000000088e00000| Untracked 
| 143|0x0000000088f00000, 0x0000000089000000, 0x0000000089000000|100%| O|  |TAMS 0x0000000089000000, 0x0000000088f00000| Untracked 
| 144|0x0000000089000000, 0x0000000089100000, 0x0000000089100000|100%| O|  |TAMS 0x0000000089100000, 0x0000000089000000| Untracked 
| 145|0x0000000089100000, 0x0000000089200000, 0x0000000089200000|100%| O|  |TAMS 0x0000000089200000, 0x0000000089100000| Untracked 
| 146|0x0000000089200000, 0x0000000089300000, 0x0000000089300000|100%| O|  |TAMS 0x0000000089300000, 0x0000000089200000| Untracked 
| 147|0x0000000089300000, 0x0000000089400000, 0x0000000089400000|100%| O|  |TAMS 0x0000000089400000, 0x0000000089300000| Untracked 
| 148|0x0000000089400000, 0x0000000089500000, 0x0000000089500000|100%| O|  |TAMS 0x0000000089500000, 0x0000000089400000| Untracked 
| 149|0x0000000089500000, 0x0000000089600000, 0x0000000089600000|100%| O|  |TAMS 0x0000000089600000, 0x0000000089500000| Untracked 
| 150|0x0000000089600000, 0x0000000089700000, 0x0000000089700000|100%| O|  |TAMS 0x0000000089700000, 0x0000000089600000| Untracked 
| 151|0x0000000089700000, 0x0000000089800000, 0x0000000089800000|100%| O|  |TAMS 0x0000000089800000, 0x0000000089700000| Untracked 
| 152|0x0000000089800000, 0x0000000089900000, 0x0000000089900000|100%| O|  |TAMS 0x0000000089900000, 0x0000000089800000| Untracked 
| 153|0x0000000089900000, 0x0000000089a00000, 0x0000000089a00000|100%| O|  |TAMS 0x0000000089a00000, 0x0000000089900000| Untracked 
| 154|0x0000000089a00000, 0x0000000089b00000, 0x0000000089b00000|100%| O|  |TAMS 0x0000000089b00000, 0x0000000089a00000| Untracked 
| 155|0x0000000089b00000, 0x0000000089c00000, 0x0000000089c00000|100%| O|  |TAMS 0x0000000089c00000, 0x0000000089b00000| Untracked 
| 156|0x0000000089c00000, 0x0000000089d00000, 0x0000000089d00000|100%| O|  |TAMS 0x0000000089d00000, 0x0000000089c00000| Untracked 
| 157|0x0000000089d00000, 0x0000000089e00000, 0x0000000089e00000|100%| O|  |TAMS 0x0000000089e00000, 0x0000000089d00000| Untracked 
| 158|0x0000000089e00000, 0x0000000089f00000, 0x0000000089f00000|100%| O|  |TAMS 0x0000000089f00000, 0x0000000089e00000| Untracked 
| 159|0x0000000089f00000, 0x000000008a000000, 0x000000008a000000|100%| O|  |TAMS 0x000000008a000000, 0x0000000089f00000| Untracked 
| 160|0x000000008a000000, 0x000000008a100000, 0x000000008a100000|100%| O|  |TAMS 0x000000008a100000, 0x000000008a000000| Untracked 
| 161|0x000000008a100000, 0x000000008a200000, 0x000000008a200000|100%| O|  |TAMS 0x000000008a200000, 0x000000008a100000| Untracked 
| 162|0x000000008a200000, 0x000000008a300000, 0x000000008a300000|100%| O|  |TAMS 0x000000008a300000, 0x000000008a200000| Untracked 
| 163|0x000000008a300000, 0x000000008a400000, 0x000000008a400000|100%| O|  |TAMS 0x000000008a400000, 0x000000008a300000| Untracked 
| 164|0x000000008a400000, 0x000000008a500000, 0x000000008a500000|100%| O|  |TAMS 0x000000008a500000, 0x000000008a400000| Untracked 
| 165|0x000000008a500000, 0x000000008a600000, 0x000000008a600000|100%| O|  |TAMS 0x000000008a600000, 0x000000008a500000| Untracked 
| 166|0x000000008a600000, 0x000000008a700000, 0x000000008a700000|100%| O|  |TAMS 0x000000008a700000, 0x000000008a600000| Untracked 
| 167|0x000000008a700000, 0x000000008a800000, 0x000000008a800000|100%| O|  |TAMS 0x000000008a800000, 0x000000008a700000| Untracked 
| 168|0x000000008a800000, 0x000000008a900000, 0x000000008a900000|100%| O|  |TAMS 0x000000008a900000, 0x000000008a800000| Untracked 
| 169|0x000000008a900000, 0x000000008aa00000, 0x000000008aa00000|100%| O|  |TAMS 0x000000008aa00000, 0x000000008a900000| Untracked 
| 170|0x000000008aa00000, 0x000000008ab00000, 0x000000008ab00000|100%| O|  |TAMS 0x000000008ab00000, 0x000000008aa00000| Untracked 
| 171|0x000000008ab00000, 0x000000008ac00000, 0x000000008ac00000|100%| O|  |TAMS 0x000000008ac00000, 0x000000008ab00000| Untracked 
| 172|0x000000008ac00000, 0x000000008ad00000, 0x000000008ad00000|100%| O|  |TAMS 0x000000008ad00000, 0x000000008ac00000| Untracked 
| 173|0x000000008ad00000, 0x000000008ae00000, 0x000000008ae00000|100%| O|  |TAMS 0x000000008ae00000, 0x000000008ad00000| Untracked 
| 174|0x000000008ae00000, 0x000000008af00000, 0x000000008af00000|100%| O|  |TAMS 0x000000008af00000, 0x000000008ae00000| Untracked 
| 175|0x000000008af00000, 0x000000008b000000, 0x000000008b000000|100%| O|  |TAMS 0x000000008b000000, 0x000000008af00000| Untracked 
| 176|0x000000008b000000, 0x000000008b100000, 0x000000008b100000|100%| O|  |TAMS 0x000000008b000000, 0x000000008b000000| Untracked 
| 177|0x000000008b100000, 0x000000008b200000, 0x000000008b200000|100%| O|  |TAMS 0x000000008b200000, 0x000000008b100000| Untracked 
| 178|0x000000008b200000, 0x000000008b300000, 0x000000008b300000|100%| O|  |TAMS 0x000000008b300000, 0x000000008b200000| Untracked 
| 179|0x000000008b300000, 0x000000008b400000, 0x000000008b400000|100%| O|  |TAMS 0x000000008b400000, 0x000000008b300000| Untracked 
| 180|0x000000008b400000, 0x000000008b500000, 0x000000008b500000|100%| O|  |TAMS 0x000000008b500000, 0x000000008b400000| Untracked 
| 181|0x000000008b500000, 0x000000008b600000, 0x000000008b600000|100%| O|  |TAMS 0x000000008b600000, 0x000000008b500000| Untracked 
| 182|0x000000008b600000, 0x000000008b700000, 0x000000008b700000|100%| O|  |TAMS 0x000000008b700000, 0x000000008b600000| Untracked 
| 183|0x000000008b700000, 0x000000008b800000, 0x000000008b800000|100%| O|  |TAMS 0x000000008b800000, 0x000000008b700000| Untracked 
| 184|0x000000008b800000, 0x000000008b900000, 0x000000008b900000|100%| O|  |TAMS 0x000000008b800000, 0x000000008b800000| Untracked 
| 185|0x000000008b900000, 0x000000008ba00000, 0x000000008ba00000|100%| O|  |TAMS 0x000000008ba00000, 0x000000008b900000| Untracked 
| 186|0x000000008ba00000, 0x000000008bb00000, 0x000000008bb00000|100%| O|  |TAMS 0x000000008bb00000, 0x000000008ba00000| Untracked 
| 187|0x000000008bb00000, 0x000000008bc00000, 0x000000008bc00000|100%| O|  |TAMS 0x000000008bc00000, 0x000000008bb00000| Untracked 
| 188|0x000000008bc00000, 0x000000008bd00000, 0x000000008bd00000|100%| O|  |TAMS 0x000000008bd00000, 0x000000008bc00000| Untracked 
| 189|0x000000008bd00000, 0x000000008be00000, 0x000000008be00000|100%| O|  |TAMS 0x000000008be00000, 0x000000008bd00000| Untracked 
| 190|0x000000008be00000, 0x000000008bf00000, 0x000000008bf00000|100%| O|  |TAMS 0x000000008bf00000, 0x000000008be00000| Untracked 
| 191|0x000000008bf00000, 0x000000008c000000, 0x000000008c000000|100%| O|  |TAMS 0x000000008c000000, 0x000000008bf00000| Untracked 
| 192|0x000000008c000000, 0x000000008c100000, 0x000000008c100000|100%| O|  |TAMS 0x000000008c100000, 0x000000008c000000| Untracked 
| 193|0x000000008c100000, 0x000000008c200000, 0x000000008c200000|100%| O|  |TAMS 0x000000008c200000, 0x000000008c100000| Untracked 
| 194|0x000000008c200000, 0x000000008c300000, 0x000000008c300000|100%| O|  |TAMS 0x000000008c300000, 0x000000008c200000| Untracked 
| 195|0x000000008c300000, 0x000000008c400000, 0x000000008c400000|100%| O|  |TAMS 0x000000008c400000, 0x000000008c300000| Untracked 
| 196|0x000000008c400000, 0x000000008c500000, 0x000000008c500000|100%| O|  |TAMS 0x000000008c500000, 0x000000008c400000| Untracked 
| 197|0x000000008c500000, 0x000000008c600000, 0x000000008c600000|100%| O|  |TAMS 0x000000008c600000, 0x000000008c500000| Untracked 
| 198|0x000000008c600000, 0x000000008c700000, 0x000000008c700000|100%| O|  |TAMS 0x000000008c700000, 0x000000008c600000| Untracked 
| 199|0x000000008c700000, 0x000000008c800000, 0x000000008c800000|100%| O|  |TAMS 0x000000008c800000, 0x000000008c700000| Untracked 
| 200|0x000000008c800000, 0x000000008c900000, 0x000000008c900000|100%| O|  |TAMS 0x000000008c900000, 0x000000008c800000| Untracked 
| 201|0x000000008c900000, 0x000000008ca00000, 0x000000008ca00000|100%| O|  |TAMS 0x000000008ca00000, 0x000000008c900000| Untracked 
| 202|0x000000008ca00000, 0x000000008cb00000, 0x000000008cb00000|100%| O|  |TAMS 0x000000008cb00000, 0x000000008ca00000| Untracked 
| 203|0x000000008cb00000, 0x000000008cc00000, 0x000000008cc00000|100%| O|  |TAMS 0x000000008cc00000, 0x000000008cb00000| Untracked 
| 204|0x000000008cc00000, 0x000000008cd00000, 0x000000008cd00000|100%| O|  |TAMS 0x000000008cd00000, 0x000000008cc00000| Untracked 
| 205|0x000000008cd00000, 0x000000008ce00000, 0x000000008ce00000|100%| O|  |TAMS 0x000000008ce00000, 0x000000008cd00000| Untracked 
| 206|0x000000008ce00000, 0x000000008cf00000, 0x000000008cf00000|100%| O|  |TAMS 0x000000008cf00000, 0x000000008ce00000| Untracked 
| 207|0x000000008cf00000, 0x000000008d000000, 0x000000008d000000|100%|HS|  |TAMS 0x000000008d000000, 0x000000008cf00000| Complete 
| 208|0x000000008d000000, 0x000000008d100000, 0x000000008d100000|100%|HS|  |TAMS 0x000000008d100000, 0x000000008d000000| Complete 
| 209|0x000000008d100000, 0x000000008d200000, 0x000000008d200000|100%|HS|  |TAMS 0x000000008d200000, 0x000000008d100000| Complete 
| 210|0x000000008d200000, 0x000000008d300000, 0x000000008d300000|100%| O|  |TAMS 0x000000008d200000, 0x000000008d200000| Untracked 
| 211|0x000000008d300000, 0x000000008d400000, 0x000000008d400000|100%| O|  |TAMS 0x000000008d400000, 0x000000008d300000| Untracked 
| 212|0x000000008d400000, 0x000000008d500000, 0x000000008d500000|100%| O|  |TAMS 0x000000008d500000, 0x000000008d400000| Untracked 
| 213|0x000000008d500000, 0x000000008d600000, 0x000000008d600000|100%| O|  |TAMS 0x000000008d600000, 0x000000008d500000| Untracked 
| 214|0x000000008d600000, 0x000000008d700000, 0x000000008d700000|100%| O|  |TAMS 0x000000008d700000, 0x000000008d600000| Untracked 
| 215|0x000000008d700000, 0x000000008d800000, 0x000000008d800000|100%| O|  |TAMS 0x000000008d800000, 0x000000008d700000| Untracked 
| 216|0x000000008d800000, 0x000000008d900000, 0x000000008d900000|100%| O|  |TAMS 0x000000008d900000, 0x000000008d800000| Untracked 
| 217|0x000000008d900000, 0x000000008da00000, 0x000000008da00000|100%| O|  |TAMS 0x000000008da00000, 0x000000008d900000| Untracked 
| 218|0x000000008da00000, 0x000000008db00000, 0x000000008db00000|100%| O|  |TAMS 0x000000008db00000, 0x000000008da00000| Untracked 
| 219|0x000000008db00000, 0x000000008dc00000, 0x000000008dc00000|100%| O|  |TAMS 0x000000008dc00000, 0x000000008db00000| Untracked 
| 220|0x000000008dc00000, 0x000000008dd00000, 0x000000008dd00000|100%| O|  |TAMS 0x000000008dcc9200, 0x000000008dc00000| Untracked 
| 221|0x000000008dd00000, 0x000000008de00000, 0x000000008de00000|100%| O|  |TAMS 0x000000008dd00000, 0x000000008dd00000| Untracked 
| 222|0x000000008de00000, 0x000000008df00000, 0x000000008df00000|100%| O|  |TAMS 0x000000008de00000, 0x000000008de00000| Untracked 
| 223|0x000000008df00000, 0x000000008e000000, 0x000000008e000000|100%| O|  |TAMS 0x000000008df00000, 0x000000008df00000| Untracked 
| 224|0x000000008e000000, 0x000000008e100000, 0x000000008e100000|100%| O|  |TAMS 0x000000008e000000, 0x000000008e000000| Untracked 
| 225|0x000000008e100000, 0x000000008e200000, 0x000000008e200000|100%| O|  |TAMS 0x000000008e100000, 0x000000008e100000| Untracked 
| 226|0x000000008e200000, 0x000000008e300000, 0x000000008e300000|100%| O|  |TAMS 0x000000008e200000, 0x000000008e200000| Untracked 
| 227|0x000000008e300000, 0x000000008e400000, 0x000000008e400000|100%| O|  |TAMS 0x000000008e300000, 0x000000008e300000| Untracked 
| 228|0x000000008e400000, 0x000000008e500000, 0x000000008e500000|100%| O|  |TAMS 0x000000008e400000, 0x000000008e400000| Untracked 
| 229|0x000000008e500000, 0x000000008e600000, 0x000000008e600000|100%| O|  |TAMS 0x000000008e500000, 0x000000008e500000| Untracked 
| 230|0x000000008e600000, 0x000000008e700000, 0x000000008e700000|100%| O|  |TAMS 0x000000008e600000, 0x000000008e600000| Untracked 
| 231|0x000000008e700000, 0x000000008e800000, 0x000000008e800000|100%| O|  |TAMS 0x000000008e700000, 0x000000008e700000| Untracked 
| 232|0x000000008e800000, 0x000000008e900000, 0x000000008e900000|100%| O|  |TAMS 0x000000008e800000, 0x000000008e800000| Untracked 
| 233|0x000000008e900000, 0x000000008ea00000, 0x000000008ea00000|100%| O|  |TAMS 0x000000008e900000, 0x000000008e900000| Untracked 
| 234|0x000000008ea00000, 0x000000008eb00000, 0x000000008eb00000|100%| O|  |TAMS 0x000000008ea00000, 0x000000008ea00000| Untracked 
| 235|0x000000008eb00000, 0x000000008ec00000, 0x000000008ec00000|100%| O|  |TAMS 0x000000008eb00000, 0x000000008eb00000| Untracked 
| 236|0x000000008ec00000, 0x000000008ed00000, 0x000000008ed00000|100%| O|  |TAMS 0x000000008ec00000, 0x000000008ec00000| Untracked 
| 237|0x000000008ed00000, 0x000000008ee00000, 0x000000008ee00000|100%| O|  |TAMS 0x000000008ed00000, 0x000000008ed00000| Untracked 
| 238|0x000000008ee00000, 0x000000008ef00000, 0x000000008ef00000|100%| O|  |TAMS 0x000000008ee00000, 0x000000008ee00000| Untracked 
| 239|0x000000008ef00000, 0x000000008f000000, 0x000000008f000000|100%| O|  |TAMS 0x000000008ef00000, 0x000000008ef00000| Untracked 
| 240|0x000000008f000000, 0x000000008f100000, 0x000000008f100000|100%| O|  |TAMS 0x000000008f000000, 0x000000008f000000| Untracked 
| 241|0x000000008f100000, 0x000000008f200000, 0x000000008f200000|100%| O|  |TAMS 0x000000008f100000, 0x000000008f100000| Untracked 
| 242|0x000000008f200000, 0x000000008f300000, 0x000000008f300000|100%| O|  |TAMS 0x000000008f200000, 0x000000008f200000| Untracked 
| 243|0x000000008f300000, 0x000000008f400000, 0x000000008f400000|100%| O|  |TAMS 0x000000008f300000, 0x000000008f300000| Untracked 
| 244|0x000000008f400000, 0x000000008f500000, 0x000000008f500000|100%| O|  |TAMS 0x000000008f400000, 0x000000008f400000| Untracked 
| 245|0x000000008f500000, 0x000000008f600000, 0x000000008f600000|100%| O|  |TAMS 0x000000008f500000, 0x000000008f500000| Untracked 
| 246|0x000000008f600000, 0x000000008f700000, 0x000000008f700000|100%| O|  |TAMS 0x000000008f600000, 0x000000008f600000| Untracked 
| 247|0x000000008f700000, 0x000000008f800000, 0x000000008f800000|100%| O|  |TAMS 0x000000008f700000, 0x000000008f700000| Untracked 
| 248|0x000000008f800000, 0x000000008f900000, 0x000000008f900000|100%| O|  |TAMS 0x000000008f800000, 0x000000008f800000| Untracked 
| 249|0x000000008f900000, 0x000000008fa00000, 0x000000008fa00000|100%|HS|  |TAMS 0x000000008f900000, 0x000000008f900000| Complete 
| 250|0x000000008fa00000, 0x000000008fb00000, 0x000000008fb00000|100%| O|  |TAMS 0x000000008fa00000, 0x000000008fa00000| Untracked 
| 251|0x000000008fb00000, 0x000000008fc00000, 0x000000008fc00000|100%| O|  |TAMS 0x000000008fb00000, 0x000000008fb00000| Untracked 
| 252|0x000000008fc00000, 0x000000008fd00000, 0x000000008fd00000|100%| O|  |TAMS 0x000000008fc00000, 0x000000008fc00000| Untracked 
| 253|0x000000008fd00000, 0x000000008fe00000, 0x000000008fe00000|100%| O|  |TAMS 0x000000008fd00000, 0x000000008fd00000| Untracked 
| 254|0x000000008fe00000, 0x000000008ff00000, 0x000000008ff00000|100%| O|  |TAMS 0x000000008fe00000, 0x000000008fe00000| Untracked 
| 255|0x000000008ff00000, 0x0000000090000000, 0x0000000090000000|100%| O|  |TAMS 0x000000008ff00000, 0x000000008ff00000| Untracked 
| 256|0x0000000090000000, 0x0000000090100000, 0x0000000090100000|100%| O|  |TAMS 0x0000000090000000, 0x0000000090000000| Untracked 
| 257|0x0000000090100000, 0x0000000090200000, 0x0000000090200000|100%|HS|  |TAMS 0x0000000090100000, 0x0000000090100000| Complete 
| 258|0x0000000090200000, 0x0000000090300000, 0x0000000090300000|100%|HS|  |TAMS 0x0000000090200000, 0x0000000090200000| Complete 
| 259|0x0000000090300000, 0x0000000090400000, 0x0000000090400000|100%|HS|  |TAMS 0x0000000090300000, 0x0000000090300000| Complete 
| 260|0x0000000090400000, 0x0000000090500000, 0x0000000090500000|100%| O|  |TAMS 0x0000000090400000, 0x0000000090400000| Untracked 
| 261|0x0000000090500000, 0x0000000090600000, 0x0000000090600000|100%| O|  |TAMS 0x0000000090500000, 0x0000000090500000| Untracked 
| 262|0x0000000090600000, 0x0000000090700000, 0x0000000090700000|100%| O|  |TAMS 0x0000000090600000, 0x0000000090600000| Untracked 
| 263|0x0000000090700000, 0x0000000090800000, 0x0000000090800000|100%| O|  |TAMS 0x0000000090700000, 0x0000000090700000| Untracked 
| 264|0x0000000090800000, 0x0000000090900000, 0x0000000090900000|100%| O|  |TAMS 0x0000000090800000, 0x0000000090800000| Untracked 
| 265|0x0000000090900000, 0x0000000090a00000, 0x0000000090a00000|100%| O|  |TAMS 0x0000000090900000, 0x0000000090900000| Untracked 
| 266|0x0000000090a00000, 0x0000000090b00000, 0x0000000090b00000|100%| O|  |TAMS 0x0000000090a00000, 0x0000000090a00000| Untracked 
| 267|0x0000000090b00000, 0x0000000090c00000, 0x0000000090c00000|100%| O|  |TAMS 0x0000000090b00000, 0x0000000090b00000| Untracked 
| 268|0x0000000090c00000, 0x0000000090d00000, 0x0000000090d00000|100%| O|  |TAMS 0x0000000090c00000, 0x0000000090c00000| Untracked 
| 269|0x0000000090d00000, 0x0000000090e00000, 0x0000000090e00000|100%| O|  |TAMS 0x0000000090d00000, 0x0000000090d00000| Untracked 
| 270|0x0000000090e00000, 0x0000000090f00000, 0x0000000090f00000|100%| O|  |TAMS 0x0000000090e00000, 0x0000000090e00000| Untracked 
| 271|0x0000000090f00000, 0x0000000091000000, 0x0000000091000000|100%| O|  |TAMS 0x0000000090f00000, 0x0000000090f00000| Untracked 
| 272|0x0000000091000000, 0x0000000091100000, 0x0000000091100000|100%| O|  |TAMS 0x0000000091000000, 0x0000000091000000| Untracked 
| 273|0x0000000091100000, 0x0000000091200000, 0x0000000091200000|100%| O|  |TAMS 0x0000000091100000, 0x0000000091100000| Untracked 
| 274|0x0000000091200000, 0x0000000091300000, 0x0000000091300000|100%| O|  |TAMS 0x0000000091200000, 0x0000000091200000| Untracked 
| 275|0x0000000091300000, 0x0000000091400000, 0x0000000091400000|100%| O|  |TAMS 0x0000000091300000, 0x0000000091300000| Untracked 
| 276|0x0000000091400000, 0x0000000091500000, 0x0000000091500000|100%| O|  |TAMS 0x0000000091400000, 0x0000000091400000| Untracked 
| 277|0x0000000091500000, 0x0000000091600000, 0x0000000091600000|100%| O|  |TAMS 0x0000000091500000, 0x0000000091500000| Untracked 
| 278|0x0000000091600000, 0x0000000091700000, 0x0000000091700000|100%| O|  |TAMS 0x0000000091600000, 0x0000000091600000| Untracked 
| 279|0x0000000091700000, 0x0000000091800000, 0x0000000091800000|100%| O|  |TAMS 0x0000000091700000, 0x0000000091700000| Untracked 
| 280|0x0000000091800000, 0x0000000091900000, 0x0000000091900000|100%| O|  |TAMS 0x0000000091800000, 0x0000000091800000| Untracked 
| 281|0x0000000091900000, 0x0000000091a00000, 0x0000000091a00000|100%| O|  |TAMS 0x0000000091900000, 0x0000000091900000| Untracked 
| 282|0x0000000091a00000, 0x0000000091b00000, 0x0000000091b00000|100%| O|  |TAMS 0x0000000091a00000, 0x0000000091a00000| Untracked 
| 283|0x0000000091b00000, 0x0000000091c00000, 0x0000000091c00000|100%| O|  |TAMS 0x0000000091b00000, 0x0000000091b00000| Untracked 
| 284|0x0000000091c00000, 0x0000000091d00000, 0x0000000091d00000|100%| O|  |TAMS 0x0000000091c00000, 0x0000000091c00000| Untracked 
| 285|0x0000000091d00000, 0x0000000091e00000, 0x0000000091e00000|100%| O|  |TAMS 0x0000000091d00000, 0x0000000091d00000| Untracked 
| 286|0x0000000091e00000, 0x0000000091f00000, 0x0000000091f00000|100%| O|  |TAMS 0x0000000091e00000, 0x0000000091e00000| Untracked 
| 287|0x0000000091f00000, 0x0000000092000000, 0x0000000092000000|100%| O|  |TAMS 0x0000000091f00000, 0x0000000091f00000| Untracked 
| 288|0x0000000092000000, 0x0000000092100000, 0x0000000092100000|100%| O|  |TAMS 0x0000000092000000, 0x0000000092000000| Untracked 
| 289|0x0000000092100000, 0x0000000092200000, 0x0000000092200000|100%| O|  |TAMS 0x0000000092100000, 0x0000000092100000| Untracked 
| 290|0x0000000092200000, 0x0000000092300000, 0x0000000092300000|100%| O|  |TAMS 0x0000000092200000, 0x0000000092200000| Untracked 
| 291|0x0000000092300000, 0x0000000092400000, 0x0000000092400000|100%| O|  |TAMS 0x0000000092300000, 0x0000000092300000| Untracked 
| 292|0x0000000092400000, 0x0000000092500000, 0x0000000092500000|100%| O|  |TAMS 0x0000000092400000, 0x0000000092400000| Untracked 
| 293|0x0000000092500000, 0x0000000092600000, 0x0000000092600000|100%| O|  |TAMS 0x0000000092500000, 0x0000000092500000| Untracked 
| 294|0x0000000092600000, 0x0000000092700000, 0x0000000092700000|100%| O|  |TAMS 0x0000000092600000, 0x0000000092600000| Untracked 
| 295|0x0000000092700000, 0x0000000092800000, 0x0000000092800000|100%| O|  |TAMS 0x0000000092700000, 0x0000000092700000| Untracked 
| 296|0x0000000092800000, 0x0000000092900000, 0x0000000092900000|100%| O|  |TAMS 0x0000000092800000, 0x0000000092800000| Untracked 
| 297|0x0000000092900000, 0x0000000092a00000, 0x0000000092a00000|100%| O|  |TAMS 0x0000000092900000, 0x0000000092900000| Untracked 
| 298|0x0000000092a00000, 0x0000000092b00000, 0x0000000092b00000|100%| O|  |TAMS 0x0000000092a00000, 0x0000000092a00000| Untracked 
| 299|0x0000000092b00000, 0x0000000092c00000, 0x0000000092c00000|100%| O|  |TAMS 0x0000000092b00000, 0x0000000092b00000| Untracked 
| 300|0x0000000092c00000, 0x0000000092d00000, 0x0000000092d00000|100%|HS|  |TAMS 0x0000000092c00000, 0x0000000092c00000| Complete 
| 301|0x0000000092d00000, 0x0000000092e00000, 0x0000000092e00000|100%|HS|  |TAMS 0x0000000092d00000, 0x0000000092d00000| Complete 
| 302|0x0000000092e00000, 0x0000000092f00000, 0x0000000092f00000|100%| O|  |TAMS 0x0000000092e00000, 0x0000000092e00000| Untracked 
| 303|0x0000000092f00000, 0x0000000093000000, 0x0000000093000000|100%| O|  |TAMS 0x0000000092f00000, 0x0000000092f00000| Untracked 
| 304|0x0000000093000000, 0x0000000093100000, 0x0000000093100000|100%| O|  |TAMS 0x0000000093000000, 0x0000000093000000| Untracked 
| 305|0x0000000093100000, 0x0000000093200000, 0x0000000093200000|100%| O|  |TAMS 0x0000000093100000, 0x0000000093100000| Untracked 
| 306|0x0000000093200000, 0x0000000093300000, 0x0000000093300000|100%| O|  |TAMS 0x0000000093200000, 0x0000000093200000| Untracked 
| 307|0x0000000093300000, 0x0000000093400000, 0x0000000093400000|100%| O|  |TAMS 0x0000000093300000, 0x0000000093300000| Untracked 
| 308|0x0000000093400000, 0x0000000093500000, 0x0000000093500000|100%| O|  |TAMS 0x0000000093400000, 0x0000000093400000| Untracked 
| 309|0x0000000093500000, 0x0000000093600000, 0x0000000093600000|100%| O|  |TAMS 0x0000000093500000, 0x0000000093500000| Untracked 
| 310|0x0000000093600000, 0x0000000093700000, 0x0000000093700000|100%| O|  |TAMS 0x0000000093600000, 0x0000000093600000| Untracked 
| 311|0x0000000093700000, 0x0000000093800000, 0x0000000093800000|100%| O|  |TAMS 0x0000000093700000, 0x0000000093700000| Untracked 
| 312|0x0000000093800000, 0x0000000093900000, 0x0000000093900000|100%| O|  |TAMS 0x0000000093800000, 0x0000000093800000| Untracked 
| 313|0x0000000093900000, 0x0000000093a00000, 0x0000000093a00000|100%| O|  |TAMS 0x0000000093900000, 0x0000000093900000| Untracked 
| 314|0x0000000093a00000, 0x0000000093b00000, 0x0000000093b00000|100%| O|  |TAMS 0x0000000093a00000, 0x0000000093a00000| Untracked 
| 315|0x0000000093b00000, 0x0000000093c00000, 0x0000000093c00000|100%| O|  |TAMS 0x0000000093b00000, 0x0000000093b00000| Untracked 
| 316|0x0000000093c00000, 0x0000000093d00000, 0x0000000093d00000|100%| O|  |TAMS 0x0000000093c00000, 0x0000000093c00000| Untracked 
| 317|0x0000000093d00000, 0x0000000093e00000, 0x0000000093e00000|100%| O|  |TAMS 0x0000000093d00000, 0x0000000093d00000| Untracked 
| 318|0x0000000093e00000, 0x0000000093f00000, 0x0000000093f00000|100%| O|  |TAMS 0x0000000093e00000, 0x0000000093e00000| Untracked 
| 319|0x0000000093f00000, 0x0000000094000000, 0x0000000094000000|100%| O|  |TAMS 0x0000000093f00000, 0x0000000093f00000| Untracked 
| 320|0x0000000094000000, 0x0000000094100000, 0x0000000094100000|100%| O|  |TAMS 0x0000000094000000, 0x0000000094000000| Untracked 
| 321|0x0000000094100000, 0x0000000094200000, 0x0000000094200000|100%| O|  |TAMS 0x0000000094100000, 0x0000000094100000| Untracked 
| 322|0x0000000094200000, 0x0000000094300000, 0x0000000094300000|100%| O|  |TAMS 0x0000000094200000, 0x0000000094200000| Untracked 
| 323|0x0000000094300000, 0x0000000094400000, 0x0000000094400000|100%| O|  |TAMS 0x0000000094300000, 0x0000000094300000| Untracked 
| 324|0x0000000094400000, 0x0000000094500000, 0x0000000094500000|100%| O|  |TAMS 0x0000000094400000, 0x0000000094400000| Untracked 
| 325|0x0000000094500000, 0x0000000094600000, 0x0000000094600000|100%| O|  |TAMS 0x0000000094500000, 0x0000000094500000| Untracked 
| 326|0x0000000094600000, 0x0000000094700000, 0x0000000094700000|100%| O|  |TAMS 0x0000000094600000, 0x0000000094600000| Untracked 
| 327|0x0000000094700000, 0x0000000094800000, 0x0000000094800000|100%| O|  |TAMS 0x0000000094700000, 0x0000000094700000| Untracked 
| 328|0x0000000094800000, 0x0000000094900000, 0x0000000094900000|100%| O|  |TAMS 0x0000000094800000, 0x0000000094800000| Untracked 
| 329|0x0000000094900000, 0x0000000094a00000, 0x0000000094a00000|100%| O|  |TAMS 0x0000000094900000, 0x0000000094900000| Untracked 
| 330|0x0000000094a00000, 0x0000000094b00000, 0x0000000094b00000|100%| O|  |TAMS 0x0000000094a00000, 0x0000000094a00000| Untracked 
| 331|0x0000000094b00000, 0x0000000094c00000, 0x0000000094c00000|100%| O|  |TAMS 0x0000000094b00000, 0x0000000094b00000| Untracked 
| 332|0x0000000094c00000, 0x0000000094d00000, 0x0000000094d00000|100%| O|  |TAMS 0x0000000094c00000, 0x0000000094c00000| Untracked 
| 333|0x0000000094d00000, 0x0000000094e00000, 0x0000000094e00000|100%| O|  |TAMS 0x0000000094d00000, 0x0000000094d00000| Untracked 
| 334|0x0000000094e00000, 0x0000000094f00000, 0x0000000094f00000|100%| O|  |TAMS 0x0000000094e00000, 0x0000000094e00000| Untracked 
| 335|0x0000000094f00000, 0x0000000095000000, 0x0000000095000000|100%| O|  |TAMS 0x0000000094f00000, 0x0000000094f00000| Untracked 
| 336|0x0000000095000000, 0x0000000095100000, 0x0000000095100000|100%| O|  |TAMS 0x0000000095000000, 0x0000000095000000| Untracked 
| 337|0x0000000095100000, 0x0000000095200000, 0x0000000095200000|100%| O|  |TAMS 0x0000000095100000, 0x0000000095100000| Untracked 
| 338|0x0000000095200000, 0x0000000095300000, 0x0000000095300000|100%| O|  |TAMS 0x0000000095200000, 0x0000000095200000| Untracked 
| 339|0x0000000095300000, 0x0000000095400000, 0x0000000095400000|100%| O|  |TAMS 0x0000000095300000, 0x0000000095300000| Untracked 
| 340|0x0000000095400000, 0x0000000095500000, 0x0000000095500000|100%| O|  |TAMS 0x0000000095400000, 0x0000000095400000| Untracked 
| 341|0x0000000095500000, 0x0000000095600000, 0x0000000095600000|100%| O|  |TAMS 0x0000000095500000, 0x0000000095500000| Untracked 
| 342|0x0000000095600000, 0x0000000095700000, 0x0000000095700000|100%| O|  |TAMS 0x0000000095600000, 0x0000000095600000| Untracked 
| 343|0x0000000095700000, 0x0000000095800000, 0x0000000095800000|100%| O|  |TAMS 0x0000000095700000, 0x0000000095700000| Untracked 
| 344|0x0000000095800000, 0x0000000095900000, 0x0000000095900000|100%| O|  |TAMS 0x0000000095800000, 0x0000000095800000| Untracked 
| 345|0x0000000095900000, 0x0000000095a00000, 0x0000000095a00000|100%| O|  |TAMS 0x0000000095900000, 0x0000000095900000| Untracked 
| 346|0x0000000095a00000, 0x0000000095b00000, 0x0000000095b00000|100%| O|  |TAMS 0x0000000095a00000, 0x0000000095a00000| Untracked 
| 347|0x0000000095b00000, 0x0000000095c00000, 0x0000000095c00000|100%|HS|  |TAMS 0x0000000095b00000, 0x0000000095b00000| Complete 
| 348|0x0000000095c00000, 0x0000000095d00000, 0x0000000095d00000|100%| O|  |TAMS 0x0000000095c00000, 0x0000000095c00000| Untracked 
| 349|0x0000000095d00000, 0x0000000095e00000, 0x0000000095e00000|100%| O|  |TAMS 0x0000000095d00000, 0x0000000095d00000| Untracked 
| 350|0x0000000095e00000, 0x0000000095f00000, 0x0000000095f00000|100%| O|  |TAMS 0x0000000095e00000, 0x0000000095e00000| Untracked 
| 351|0x0000000095f00000, 0x0000000096000000, 0x0000000096000000|100%| O|  |TAMS 0x0000000095f00000, 0x0000000095f00000| Untracked 
| 352|0x0000000096000000, 0x0000000096100000, 0x0000000096100000|100%| O|  |TAMS 0x0000000096000000, 0x0000000096000000| Untracked 
| 353|0x0000000096100000, 0x0000000096200000, 0x0000000096200000|100%| O|  |TAMS 0x0000000096100000, 0x0000000096100000| Untracked 
| 354|0x0000000096200000, 0x0000000096300000, 0x0000000096300000|100%| O|  |TAMS 0x0000000096200000, 0x0000000096200000| Untracked 
| 355|0x0000000096300000, 0x0000000096400000, 0x0000000096400000|100%| O|  |TAMS 0x0000000096300000, 0x0000000096300000| Untracked 
| 356|0x0000000096400000, 0x0000000096500000, 0x0000000096500000|100%| O|  |TAMS 0x0000000096400000, 0x0000000096400000| Untracked 
| 357|0x0000000096500000, 0x0000000096600000, 0x0000000096600000|100%| O|  |TAMS 0x0000000096500000, 0x0000000096500000| Untracked 
| 358|0x0000000096600000, 0x0000000096700000, 0x0000000096700000|100%|HS|  |TAMS 0x0000000096600000, 0x0000000096600000| Complete 
| 359|0x0000000096700000, 0x0000000096800000, 0x0000000096800000|100%| O|  |TAMS 0x0000000096700000, 0x0000000096700000| Untracked 
| 360|0x0000000096800000, 0x0000000096900000, 0x0000000096900000|100%| O|  |TAMS 0x0000000096800000, 0x0000000096800000| Untracked 
| 361|0x0000000096900000, 0x0000000096a00000, 0x0000000096a00000|100%| O|  |TAMS 0x0000000096900000, 0x0000000096900000| Untracked 
| 362|0x0000000096a00000, 0x0000000096b00000, 0x0000000096b00000|100%| O|  |TAMS 0x0000000096a00000, 0x0000000096a00000| Untracked 
| 363|0x0000000096b00000, 0x0000000096c00000, 0x0000000096c00000|100%| O|  |TAMS 0x0000000096b00000, 0x0000000096b00000| Untracked 
| 364|0x0000000096c00000, 0x0000000096d00000, 0x0000000096d00000|100%| O|  |TAMS 0x0000000096c00000, 0x0000000096c00000| Untracked 
| 365|0x0000000096d00000, 0x0000000096e00000, 0x0000000096e00000|100%|HS|  |TAMS 0x0000000096d00000, 0x0000000096d00000| Complete 
| 366|0x0000000096e00000, 0x0000000096f00000, 0x0000000096f00000|100%| O|  |TAMS 0x0000000096e00000, 0x0000000096e00000| Untracked 
| 367|0x0000000096f00000, 0x0000000097000000, 0x0000000097000000|100%| O|  |TAMS 0x0000000096f00000, 0x0000000096f00000| Untracked 
| 368|0x0000000097000000, 0x0000000097100000, 0x0000000097100000|100%| O|  |TAMS 0x0000000097000000, 0x0000000097000000| Untracked 
| 369|0x0000000097100000, 0x0000000097200000, 0x0000000097200000|100%| O|  |TAMS 0x0000000097100000, 0x0000000097100000| Untracked 
| 370|0x0000000097200000, 0x0000000097300000, 0x0000000097300000|100%| O|  |TAMS 0x0000000097200000, 0x0000000097200000| Untracked 
| 371|0x0000000097300000, 0x0000000097400000, 0x0000000097400000|100%| O|  |TAMS 0x0000000097300000, 0x0000000097300000| Untracked 
| 372|0x0000000097400000, 0x0000000097500000, 0x0000000097500000|100%| O|  |TAMS 0x0000000097400000, 0x0000000097400000| Untracked 
| 373|0x0000000097500000, 0x0000000097600000, 0x0000000097600000|100%| O|  |TAMS 0x0000000097500000, 0x0000000097500000| Untracked 
| 374|0x0000000097600000, 0x0000000097700000, 0x0000000097700000|100%| O|  |TAMS 0x0000000097600000, 0x0000000097600000| Untracked 
| 375|0x0000000097700000, 0x0000000097800000, 0x0000000097800000|100%| O|  |TAMS 0x0000000097700000, 0x0000000097700000| Untracked 
| 376|0x0000000097800000, 0x0000000097900000, 0x0000000097900000|100%| O|  |TAMS 0x0000000097800000, 0x0000000097800000| Untracked 
| 377|0x0000000097900000, 0x0000000097a00000, 0x0000000097a00000|100%| O|  |TAMS 0x0000000097900000, 0x0000000097900000| Untracked 
| 378|0x0000000097a00000, 0x0000000097b00000, 0x0000000097b00000|100%| O|  |TAMS 0x0000000097a00000, 0x0000000097a00000| Untracked 
| 379|0x0000000097b00000, 0x0000000097c00000, 0x0000000097c00000|100%| O|  |TAMS 0x0000000097b00000, 0x0000000097b00000| Untracked 
| 380|0x0000000097c00000, 0x0000000097d00000, 0x0000000097d00000|100%| O|  |TAMS 0x0000000097c00000, 0x0000000097c00000| Untracked 
| 381|0x0000000097d00000, 0x0000000097e00000, 0x0000000097e00000|100%| O|  |TAMS 0x0000000097d00000, 0x0000000097d00000| Untracked 
| 382|0x0000000097e00000, 0x0000000097f00000, 0x0000000097f00000|100%| O|  |TAMS 0x0000000097e00000, 0x0000000097e00000| Untracked 
| 383|0x0000000097f00000, 0x0000000098000000, 0x0000000098000000|100%| O|  |TAMS 0x0000000097f00000, 0x0000000097f00000| Untracked 
| 384|0x0000000098000000, 0x0000000098100000, 0x0000000098100000|100%| O|  |TAMS 0x0000000098000000, 0x0000000098000000| Untracked 
| 385|0x0000000098100000, 0x0000000098200000, 0x0000000098200000|100%| O|  |TAMS 0x0000000098100000, 0x0000000098100000| Untracked 
| 386|0x0000000098200000, 0x0000000098300000, 0x0000000098300000|100%| O|  |TAMS 0x0000000098200000, 0x0000000098200000| Untracked 
| 387|0x0000000098300000, 0x0000000098400000, 0x0000000098400000|100%| O|  |TAMS 0x0000000098300000, 0x0000000098300000| Untracked 
| 388|0x0000000098400000, 0x0000000098500000, 0x0000000098500000|100%| O|  |TAMS 0x0000000098400000, 0x0000000098400000| Untracked 
| 389|0x0000000098500000, 0x0000000098600000, 0x0000000098600000|100%| O|  |TAMS 0x0000000098500000, 0x0000000098500000| Untracked 
| 390|0x0000000098600000, 0x0000000098700000, 0x0000000098700000|100%| O|  |TAMS 0x0000000098600000, 0x0000000098600000| Untracked 
| 391|0x0000000098700000, 0x0000000098800000, 0x0000000098800000|100%| O|  |TAMS 0x0000000098700000, 0x0000000098700000| Untracked 
| 392|0x0000000098800000, 0x0000000098900000, 0x0000000098900000|100%| O|  |TAMS 0x0000000098800000, 0x0000000098800000| Untracked 
| 393|0x0000000098900000, 0x0000000098a00000, 0x0000000098a00000|100%| O|  |TAMS 0x0000000098900000, 0x0000000098900000| Untracked 
| 394|0x0000000098a00000, 0x0000000098b00000, 0x0000000098b00000|100%| O|  |TAMS 0x0000000098a00000, 0x0000000098a00000| Untracked 
| 395|0x0000000098b00000, 0x0000000098c00000, 0x0000000098c00000|100%| O|  |TAMS 0x0000000098b00000, 0x0000000098b00000| Untracked 
| 396|0x0000000098c00000, 0x0000000098d00000, 0x0000000098d00000|100%| O|  |TAMS 0x0000000098c00000, 0x0000000098c00000| Untracked 
| 397|0x0000000098d00000, 0x0000000098e00000, 0x0000000098e00000|100%| O|  |TAMS 0x0000000098d00000, 0x0000000098d00000| Untracked 
| 398|0x0000000098e00000, 0x0000000098f00000, 0x0000000098f00000|100%| O|  |TAMS 0x0000000098e00000, 0x0000000098e00000| Untracked 
| 399|0x0000000098f00000, 0x0000000099000000, 0x0000000099000000|100%| O|  |TAMS 0x0000000098f00000, 0x0000000098f00000| Untracked 
| 400|0x0000000099000000, 0x0000000099100000, 0x0000000099100000|100%| O|  |TAMS 0x0000000099000000, 0x0000000099000000| Untracked 
| 401|0x0000000099100000, 0x0000000099200000, 0x0000000099200000|100%| O|  |TAMS 0x0000000099100000, 0x0000000099100000| Untracked 
| 402|0x0000000099200000, 0x0000000099300000, 0x0000000099300000|100%| O|  |TAMS 0x0000000099200000, 0x0000000099200000| Untracked 
| 403|0x0000000099300000, 0x0000000099400000, 0x0000000099400000|100%| O|  |TAMS 0x0000000099300000, 0x0000000099300000| Untracked 
| 404|0x0000000099400000, 0x0000000099500000, 0x0000000099500000|100%| O|  |TAMS 0x0000000099400000, 0x0000000099400000| Untracked 
| 405|0x0000000099500000, 0x0000000099600000, 0x0000000099600000|100%| O|  |TAMS 0x0000000099500000, 0x0000000099500000| Untracked 
| 406|0x0000000099600000, 0x0000000099700000, 0x0000000099700000|100%| O|  |TAMS 0x0000000099600000, 0x0000000099600000| Untracked 
| 407|0x0000000099700000, 0x0000000099800000, 0x0000000099800000|100%| O|  |TAMS 0x0000000099700000, 0x0000000099700000| Untracked 
| 408|0x0000000099800000, 0x0000000099900000, 0x0000000099900000|100%| O|  |TAMS 0x0000000099800000, 0x0000000099800000| Untracked 
| 409|0x0000000099900000, 0x0000000099a00000, 0x0000000099a00000|100%| O|  |TAMS 0x0000000099900000, 0x0000000099900000| Untracked 
| 410|0x0000000099a00000, 0x0000000099b00000, 0x0000000099b00000|100%| O|  |TAMS 0x0000000099a00000, 0x0000000099a00000| Untracked 
| 411|0x0000000099b00000, 0x0000000099c00000, 0x0000000099c00000|100%| O|  |TAMS 0x0000000099b00000, 0x0000000099b00000| Untracked 
| 412|0x0000000099c00000, 0x0000000099d00000, 0x0000000099d00000|100%| O|  |TAMS 0x0000000099c00000, 0x0000000099c00000| Untracked 
| 413|0x0000000099d00000, 0x0000000099e00000, 0x0000000099e00000|100%| O|  |TAMS 0x0000000099d00000, 0x0000000099d00000| Untracked 
| 414|0x0000000099e00000, 0x0000000099f00000, 0x0000000099f00000|100%| O|  |TAMS 0x0000000099e00000, 0x0000000099e00000| Untracked 
| 415|0x0000000099f00000, 0x000000009a000000, 0x000000009a000000|100%| O|  |TAMS 0x0000000099f00000, 0x0000000099f00000| Untracked 
| 416|0x000000009a000000, 0x000000009a100000, 0x000000009a100000|100%| O|  |TAMS 0x000000009a000000, 0x000000009a000000| Untracked 
| 417|0x000000009a100000, 0x000000009a200000, 0x000000009a200000|100%| O|  |TAMS 0x000000009a100000, 0x000000009a100000| Untracked 
| 418|0x000000009a200000, 0x000000009a300000, 0x000000009a300000|100%| O|  |TAMS 0x000000009a200000, 0x000000009a200000| Untracked 
| 419|0x000000009a300000, 0x000000009a400000, 0x000000009a400000|100%| O|  |TAMS 0x000000009a300000, 0x000000009a300000| Untracked 
| 420|0x000000009a400000, 0x000000009a500000, 0x000000009a500000|100%| O|  |TAMS 0x000000009a400000, 0x000000009a400000| Untracked 
| 421|0x000000009a500000, 0x000000009a600000, 0x000000009a600000|100%| O|  |TAMS 0x000000009a500000, 0x000000009a500000| Untracked 
| 422|0x000000009a600000, 0x000000009a700000, 0x000000009a700000|100%| O|  |TAMS 0x000000009a600000, 0x000000009a600000| Untracked 
| 423|0x000000009a700000, 0x000000009a800000, 0x000000009a800000|100%| O|  |TAMS 0x000000009a700000, 0x000000009a700000| Untracked 
| 424|0x000000009a800000, 0x000000009a900000, 0x000000009a900000|100%| O|  |TAMS 0x000000009a800000, 0x000000009a800000| Untracked 
| 425|0x000000009a900000, 0x000000009aa00000, 0x000000009aa00000|100%| O|  |TAMS 0x000000009a900000, 0x000000009a900000| Untracked 
| 426|0x000000009aa00000, 0x000000009ab00000, 0x000000009ab00000|100%| O|  |TAMS 0x000000009aa00000, 0x000000009aa00000| Untracked 
| 427|0x000000009ab00000, 0x000000009ac00000, 0x000000009ac00000|100%| O|  |TAMS 0x000000009ab00000, 0x000000009ab00000| Untracked 
| 428|0x000000009ac00000, 0x000000009ad00000, 0x000000009ad00000|100%| O|  |TAMS 0x000000009ac00000, 0x000000009ac00000| Untracked 
| 429|0x000000009ad00000, 0x000000009ae00000, 0x000000009ae00000|100%| O|  |TAMS 0x000000009ad00000, 0x000000009ad00000| Untracked 
| 430|0x000000009ae00000, 0x000000009af00000, 0x000000009af00000|100%| O|  |TAMS 0x000000009ae00000, 0x000000009ae00000| Untracked 
| 431|0x000000009af00000, 0x000000009b000000, 0x000000009b000000|100%| O|  |TAMS 0x000000009af00000, 0x000000009af00000| Untracked 
| 432|0x000000009b000000, 0x000000009b100000, 0x000000009b100000|100%| O|  |TAMS 0x000000009b000000, 0x000000009b000000| Untracked 
| 433|0x000000009b100000, 0x000000009b200000, 0x000000009b200000|100%| O|  |TAMS 0x000000009b100000, 0x000000009b100000| Untracked 
| 434|0x000000009b200000, 0x000000009b300000, 0x000000009b300000|100%| O|  |TAMS 0x000000009b200000, 0x000000009b200000| Untracked 
| 435|0x000000009b300000, 0x000000009b400000, 0x000000009b400000|100%| O|  |TAMS 0x000000009b300000, 0x000000009b300000| Untracked 
| 436|0x000000009b400000, 0x000000009b500000, 0x000000009b500000|100%| O|  |TAMS 0x000000009b400000, 0x000000009b400000| Untracked 
| 437|0x000000009b500000, 0x000000009b600000, 0x000000009b600000|100%| O|  |TAMS 0x000000009b500000, 0x000000009b500000| Untracked 
| 438|0x000000009b600000, 0x000000009b700000, 0x000000009b700000|100%| O|  |TAMS 0x000000009b600000, 0x000000009b600000| Untracked 
| 439|0x000000009b700000, 0x000000009b800000, 0x000000009b800000|100%| O|  |TAMS 0x000000009b700000, 0x000000009b700000| Untracked 
| 440|0x000000009b800000, 0x000000009b900000, 0x000000009b900000|100%| O|  |TAMS 0x000000009b800000, 0x000000009b800000| Untracked 
| 441|0x000000009b900000, 0x000000009ba00000, 0x000000009ba00000|100%| O|  |TAMS 0x000000009b900000, 0x000000009b900000| Untracked 
| 442|0x000000009ba00000, 0x000000009bb00000, 0x000000009bb00000|100%| O|  |TAMS 0x000000009ba00000, 0x000000009ba00000| Untracked 
| 443|0x000000009bb00000, 0x000000009bc00000, 0x000000009bc00000|100%| O|  |TAMS 0x000000009bb00000, 0x000000009bb00000| Untracked 
| 444|0x000000009bc00000, 0x000000009bd00000, 0x000000009bd00000|100%| O|  |TAMS 0x000000009bc00000, 0x000000009bc00000| Untracked 
| 445|0x000000009bd00000, 0x000000009be00000, 0x000000009be00000|100%| O|  |TAMS 0x000000009bd00000, 0x000000009bd00000| Untracked 
| 446|0x000000009be00000, 0x000000009bf00000, 0x000000009bf00000|100%| O|  |TAMS 0x000000009be00000, 0x000000009be00000| Untracked 
| 447|0x000000009bf00000, 0x000000009c000000, 0x000000009c000000|100%| O|  |TAMS 0x000000009bf00000, 0x000000009bf00000| Untracked 
| 448|0x000000009c000000, 0x000000009c100000, 0x000000009c100000|100%| O|  |TAMS 0x000000009c000000, 0x000000009c000000| Untracked 
| 449|0x000000009c100000, 0x000000009c200000, 0x000000009c200000|100%| O|  |TAMS 0x000000009c100000, 0x000000009c100000| Untracked 
| 450|0x000000009c200000, 0x000000009c300000, 0x000000009c300000|100%| O|  |TAMS 0x000000009c200000, 0x000000009c200000| Untracked 
| 451|0x000000009c300000, 0x000000009c400000, 0x000000009c400000|100%| O|  |TAMS 0x000000009c300000, 0x000000009c300000| Untracked 
| 452|0x000000009c400000, 0x000000009c500000, 0x000000009c500000|100%| O|  |TAMS 0x000000009c400000, 0x000000009c400000| Untracked 
| 453|0x000000009c500000, 0x000000009c600000, 0x000000009c600000|100%| O|  |TAMS 0x000000009c500000, 0x000000009c500000| Untracked 
| 454|0x000000009c600000, 0x000000009c700000, 0x000000009c700000|100%| O|  |TAMS 0x000000009c600000, 0x000000009c600000| Untracked 
| 455|0x000000009c700000, 0x000000009c800000, 0x000000009c800000|100%| O|  |TAMS 0x000000009c700000, 0x000000009c700000| Untracked 
| 456|0x000000009c800000, 0x000000009c900000, 0x000000009c900000|100%| O|  |TAMS 0x000000009c800000, 0x000000009c800000| Untracked 
| 457|0x000000009c900000, 0x000000009ca00000, 0x000000009ca00000|100%| O|  |TAMS 0x000000009c900000, 0x000000009c900000| Untracked 
| 458|0x000000009ca00000, 0x000000009cb00000, 0x000000009cb00000|100%| O|  |TAMS 0x000000009ca00000, 0x000000009ca00000| Untracked 
| 459|0x000000009cb00000, 0x000000009cc00000, 0x000000009cc00000|100%| O|  |TAMS 0x000000009cb00000, 0x000000009cb00000| Untracked 
| 460|0x000000009cc00000, 0x000000009cd00000, 0x000000009cd00000|100%| O|  |TAMS 0x000000009cc00000, 0x000000009cc00000| Untracked 
| 461|0x000000009cd00000, 0x000000009ce00000, 0x000000009ce00000|100%| O|  |TAMS 0x000000009cd00000, 0x000000009cd00000| Untracked 
| 462|0x000000009ce00000, 0x000000009cf00000, 0x000000009cf00000|100%| O|  |TAMS 0x000000009ce00000, 0x000000009ce00000| Untracked 
| 463|0x000000009cf00000, 0x000000009d000000, 0x000000009d000000|100%| O|  |TAMS 0x000000009cf00000, 0x000000009cf00000| Untracked 
| 464|0x000000009d000000, 0x000000009d100000, 0x000000009d100000|100%| O|  |TAMS 0x000000009d000000, 0x000000009d000000| Untracked 
| 465|0x000000009d100000, 0x000000009d200000, 0x000000009d200000|100%| O|  |TAMS 0x000000009d100000, 0x000000009d100000| Untracked 
| 466|0x000000009d200000, 0x000000009d300000, 0x000000009d300000|100%| O|  |TAMS 0x000000009d200000, 0x000000009d200000| Untracked 
| 467|0x000000009d300000, 0x000000009d400000, 0x000000009d400000|100%| O|  |TAMS 0x000000009d300000, 0x000000009d300000| Untracked 
| 468|0x000000009d400000, 0x000000009d500000, 0x000000009d500000|100%| O|  |TAMS 0x000000009d400000, 0x000000009d400000| Untracked 
| 469|0x000000009d500000, 0x000000009d600000, 0x000000009d600000|100%| O|  |TAMS 0x000000009d500000, 0x000000009d500000| Untracked 
| 470|0x000000009d600000, 0x000000009d700000, 0x000000009d700000|100%| O|  |TAMS 0x000000009d600000, 0x000000009d600000| Untracked 
| 471|0x000000009d700000, 0x000000009d800000, 0x000000009d800000|100%| O|  |TAMS 0x000000009d700000, 0x000000009d700000| Untracked 
| 472|0x000000009d800000, 0x000000009d900000, 0x000000009d900000|100%| O|  |TAMS 0x000000009d800000, 0x000000009d800000| Untracked 
| 473|0x000000009d900000, 0x000000009da00000, 0x000000009da00000|100%| O|  |TAMS 0x000000009d900000, 0x000000009d900000| Untracked 
| 474|0x000000009da00000, 0x000000009db00000, 0x000000009db00000|100%| O|  |TAMS 0x000000009da00000, 0x000000009da00000| Untracked 
| 475|0x000000009db00000, 0x000000009dc00000, 0x000000009dc00000|100%| O|  |TAMS 0x000000009db00000, 0x000000009db00000| Untracked 
| 476|0x000000009dc00000, 0x000000009dd00000, 0x000000009dd00000|100%| O|  |TAMS 0x000000009dc00000, 0x000000009dc00000| Untracked 
| 477|0x000000009dd00000, 0x000000009de00000, 0x000000009de00000|100%| O|  |TAMS 0x000000009dd00000, 0x000000009dd00000| Untracked 
| 478|0x000000009de00000, 0x000000009df00000, 0x000000009df00000|100%| O|  |TAMS 0x000000009de00000, 0x000000009de00000| Untracked 
| 479|0x000000009df00000, 0x000000009e000000, 0x000000009e000000|100%| O|  |TAMS 0x000000009df00000, 0x000000009df00000| Untracked 
| 480|0x000000009e000000, 0x000000009e100000, 0x000000009e100000|100%| O|  |TAMS 0x000000009e000000, 0x000000009e000000| Untracked 
| 481|0x000000009e100000, 0x000000009e200000, 0x000000009e200000|100%| O|  |TAMS 0x000000009e100000, 0x000000009e100000| Untracked 
| 482|0x000000009e200000, 0x000000009e300000, 0x000000009e300000|100%| O|  |TAMS 0x000000009e200000, 0x000000009e200000| Untracked 
| 483|0x000000009e300000, 0x000000009e400000, 0x000000009e400000|100%| O|  |TAMS 0x000000009e300000, 0x000000009e300000| Untracked 
| 484|0x000000009e400000, 0x000000009e500000, 0x000000009e500000|100%| O|  |TAMS 0x000000009e400000, 0x000000009e400000| Untracked 
| 485|0x000000009e500000, 0x000000009e600000, 0x000000009e600000|100%| O|  |TAMS 0x000000009e500000, 0x000000009e500000| Untracked 
| 486|0x000000009e600000, 0x000000009e700000, 0x000000009e700000|100%| O|  |TAMS 0x000000009e600000, 0x000000009e600000| Untracked 
| 487|0x000000009e700000, 0x000000009e800000, 0x000000009e800000|100%| O|  |TAMS 0x000000009e700000, 0x000000009e700000| Untracked 
| 488|0x000000009e800000, 0x000000009e900000, 0x000000009e900000|100%| O|  |TAMS 0x000000009e800000, 0x000000009e800000| Untracked 
| 489|0x000000009e900000, 0x000000009ea00000, 0x000000009ea00000|100%| O|  |TAMS 0x000000009e900000, 0x000000009e900000| Untracked 
| 490|0x000000009ea00000, 0x000000009eb00000, 0x000000009eb00000|100%| O|  |TAMS 0x000000009ea00000, 0x000000009ea00000| Untracked 
| 491|0x000000009eb00000, 0x000000009ec00000, 0x000000009ec00000|100%| O|  |TAMS 0x000000009eb00000, 0x000000009eb00000| Untracked 
| 492|0x000000009ec00000, 0x000000009ed00000, 0x000000009ed00000|100%| O|  |TAMS 0x000000009ec00000, 0x000000009ec00000| Untracked 
| 493|0x000000009ed00000, 0x000000009ee00000, 0x000000009ee00000|100%| O|  |TAMS 0x000000009ed00000, 0x000000009ed00000| Untracked 
| 494|0x000000009ee00000, 0x000000009ef00000, 0x000000009ef00000|100%| O|  |TAMS 0x000000009ee00000, 0x000000009ee00000| Untracked 
| 495|0x000000009ef00000, 0x000000009f000000, 0x000000009f000000|100%| O|  |TAMS 0x000000009ef00000, 0x000000009ef00000| Untracked 
| 496|0x000000009f000000, 0x000000009f100000, 0x000000009f100000|100%| O|  |TAMS 0x000000009f000000, 0x000000009f000000| Untracked 
| 497|0x000000009f100000, 0x000000009f200000, 0x000000009f200000|100%| O|  |TAMS 0x000000009f100000, 0x000000009f100000| Untracked 
| 498|0x000000009f200000, 0x000000009f300000, 0x000000009f300000|100%| O|  |TAMS 0x000000009f200000, 0x000000009f200000| Untracked 
| 499|0x000000009f300000, 0x000000009f400000, 0x000000009f400000|100%| O|  |TAMS 0x000000009f300000, 0x000000009f300000| Untracked 
| 500|0x000000009f400000, 0x000000009f461a00, 0x000000009f500000| 38%| O|  |TAMS 0x000000009f400000, 0x000000009f400000| Untracked 
| 501|0x000000009f500000, 0x000000009f500000, 0x000000009f600000|  0%| F|  |TAMS 0x000000009f500000, 0x000000009f500000| Untracked 
| 502|0x000000009f600000, 0x000000009f600000, 0x000000009f700000|  0%| F|  |TAMS 0x000000009f600000, 0x000000009f600000| Untracked 
| 503|0x000000009f700000, 0x000000009f700000, 0x000000009f800000|  0%| F|  |TAMS 0x000000009f700000, 0x000000009f700000| Untracked 
| 504|0x000000009f800000, 0x000000009f800000, 0x000000009f900000|  0%| F|  |TAMS 0x000000009f800000, 0x000000009f800000| Untracked 
| 505|0x000000009f900000, 0x000000009f900000, 0x000000009fa00000|  0%| F|  |TAMS 0x000000009f900000, 0x000000009f900000| Untracked 
| 506|0x000000009fa00000, 0x000000009fa00000, 0x000000009fb00000|  0%| F|  |TAMS 0x000000009fa00000, 0x000000009fa00000| Untracked 
| 507|0x000000009fb00000, 0x000000009fb00000, 0x000000009fc00000|  0%| F|  |TAMS 0x000000009fb00000, 0x000000009fb00000| Untracked 
| 508|0x000000009fc00000, 0x000000009fc00000, 0x000000009fd00000|  0%| F|  |TAMS 0x000000009fc00000, 0x000000009fc00000| Untracked 
| 509|0x000000009fd00000, 0x000000009fd00000, 0x000000009fe00000|  0%| F|  |TAMS 0x000000009fd00000, 0x000000009fd00000| Untracked 
| 510|0x000000009fe00000, 0x000000009fe00000, 0x000000009ff00000|  0%| F|  |TAMS 0x000000009fe00000, 0x000000009fe00000| Untracked 
| 511|0x000000009ff00000, 0x000000009ff00000, 0x00000000a0000000|  0%| F|  |TAMS 0x000000009ff00000, 0x000000009ff00000| Untracked 
| 512|0x00000000a0000000, 0x00000000a0000000, 0x00000000a0100000|  0%| F|  |TAMS 0x00000000a0000000, 0x00000000a0000000| Untracked 
| 513|0x00000000a0100000, 0x00000000a0100000, 0x00000000a0200000|  0%| F|  |TAMS 0x00000000a0100000, 0x00000000a0100000| Untracked 
| 514|0x00000000a0200000, 0x00000000a0200000, 0x00000000a0300000|  0%| F|  |TAMS 0x00000000a0200000, 0x00000000a0200000| Untracked 
| 515|0x00000000a0300000, 0x00000000a0300000, 0x00000000a0400000|  0%| F|  |TAMS 0x00000000a0300000, 0x00000000a0300000| Untracked 
| 516|0x00000000a0400000, 0x00000000a0400000, 0x00000000a0500000|  0%| F|  |TAMS 0x00000000a0400000, 0x00000000a0400000| Untracked 
| 517|0x00000000a0500000, 0x00000000a0500000, 0x00000000a0600000|  0%| F|  |TAMS 0x00000000a0500000, 0x00000000a0500000| Untracked 
| 518|0x00000000a0600000, 0x00000000a0600000, 0x00000000a0700000|  0%| F|  |TAMS 0x00000000a0600000, 0x00000000a0600000| Untracked 
| 519|0x00000000a0700000, 0x00000000a0700000, 0x00000000a0800000|  0%| F|  |TAMS 0x00000000a0700000, 0x00000000a0700000| Untracked 
| 520|0x00000000a0800000, 0x00000000a0800000, 0x00000000a0900000|  0%| F|  |TAMS 0x00000000a0800000, 0x00000000a0800000| Untracked 
| 521|0x00000000a0900000, 0x00000000a0900000, 0x00000000a0a00000|  0%| F|  |TAMS 0x00000000a0900000, 0x00000000a0900000| Untracked 
| 522|0x00000000a0a00000, 0x00000000a0a00000, 0x00000000a0b00000|  0%| F|  |TAMS 0x00000000a0a00000, 0x00000000a0a00000| Untracked 
| 523|0x00000000a0b00000, 0x00000000a0b00000, 0x00000000a0c00000|  0%| F|  |TAMS 0x00000000a0b00000, 0x00000000a0b00000| Untracked 
| 524|0x00000000a0c00000, 0x00000000a0c00000, 0x00000000a0d00000|  0%| F|  |TAMS 0x00000000a0c00000, 0x00000000a0c00000| Untracked 
| 525|0x00000000a0d00000, 0x00000000a0d00000, 0x00000000a0e00000|  0%| F|  |TAMS 0x00000000a0d00000, 0x00000000a0d00000| Untracked 
| 526|0x00000000a0e00000, 0x00000000a0e00000, 0x00000000a0f00000|  0%| F|  |TAMS 0x00000000a0e00000, 0x00000000a0e00000| Untracked 
| 527|0x00000000a0f00000, 0x00000000a0f00000, 0x00000000a1000000|  0%| F|  |TAMS 0x00000000a0f00000, 0x00000000a0f00000| Untracked 
| 528|0x00000000a1000000, 0x00000000a1000000, 0x00000000a1100000|  0%| F|  |TAMS 0x00000000a1000000, 0x00000000a1000000| Untracked 
| 529|0x00000000a1100000, 0x00000000a1100000, 0x00000000a1200000|  0%| F|  |TAMS 0x00000000a1100000, 0x00000000a1100000| Untracked 
| 530|0x00000000a1200000, 0x00000000a1200000, 0x00000000a1300000|  0%| F|  |TAMS 0x00000000a1200000, 0x00000000a1200000| Untracked 
| 531|0x00000000a1300000, 0x00000000a1300000, 0x00000000a1400000|  0%| F|  |TAMS 0x00000000a1300000, 0x00000000a1300000| Untracked 
| 532|0x00000000a1400000, 0x00000000a1400000, 0x00000000a1500000|  0%| F|  |TAMS 0x00000000a1400000, 0x00000000a1400000| Untracked 
| 533|0x00000000a1500000, 0x00000000a1500000, 0x00000000a1600000|  0%| F|  |TAMS 0x00000000a1500000, 0x00000000a1500000| Untracked 
| 534|0x00000000a1600000, 0x00000000a1600000, 0x00000000a1700000|  0%| F|  |TAMS 0x00000000a1600000, 0x00000000a1600000| Untracked 
| 535|0x00000000a1700000, 0x00000000a1700000, 0x00000000a1800000|  0%| F|  |TAMS 0x00000000a1700000, 0x00000000a1700000| Untracked 
| 536|0x00000000a1800000, 0x00000000a1800000, 0x00000000a1900000|  0%| F|  |TAMS 0x00000000a1800000, 0x00000000a1800000| Untracked 
| 537|0x00000000a1900000, 0x00000000a1900000, 0x00000000a1a00000|  0%| F|  |TAMS 0x00000000a1900000, 0x00000000a1900000| Untracked 
| 538|0x00000000a1a00000, 0x00000000a1a00000, 0x00000000a1b00000|  0%| F|  |TAMS 0x00000000a1a00000, 0x00000000a1a00000| Untracked 
| 539|0x00000000a1b00000, 0x00000000a1b00000, 0x00000000a1c00000|  0%| F|  |TAMS 0x00000000a1b00000, 0x00000000a1b00000| Untracked 
| 540|0x00000000a1c00000, 0x00000000a1c00000, 0x00000000a1d00000|  0%| F|  |TAMS 0x00000000a1c00000, 0x00000000a1c00000| Untracked 
| 541|0x00000000a1d00000, 0x00000000a1d00000, 0x00000000a1e00000|  0%| F|  |TAMS 0x00000000a1d00000, 0x00000000a1d00000| Untracked 
| 542|0x00000000a1e00000, 0x00000000a1e00000, 0x00000000a1f00000|  0%| F|  |TAMS 0x00000000a1e00000, 0x00000000a1e00000| Untracked 
| 543|0x00000000a1f00000, 0x00000000a1f00000, 0x00000000a2000000|  0%| F|  |TAMS 0x00000000a1f00000, 0x00000000a1f00000| Untracked 
| 544|0x00000000a2000000, 0x00000000a2000000, 0x00000000a2100000|  0%| F|  |TAMS 0x00000000a2000000, 0x00000000a2000000| Untracked 
| 545|0x00000000a2100000, 0x00000000a2100000, 0x00000000a2200000|  0%| F|  |TAMS 0x00000000a2100000, 0x00000000a2100000| Untracked 
| 546|0x00000000a2200000, 0x00000000a2200000, 0x00000000a2300000|  0%| F|  |TAMS 0x00000000a2200000, 0x00000000a2200000| Untracked 
| 547|0x00000000a2300000, 0x00000000a2300000, 0x00000000a2400000|  0%| F|  |TAMS 0x00000000a2300000, 0x00000000a2300000| Untracked 
| 548|0x00000000a2400000, 0x00000000a2400000, 0x00000000a2500000|  0%| F|  |TAMS 0x00000000a2400000, 0x00000000a2400000| Untracked 
| 549|0x00000000a2500000, 0x00000000a2500000, 0x00000000a2600000|  0%| F|  |TAMS 0x00000000a2500000, 0x00000000a2500000| Untracked 
| 550|0x00000000a2600000, 0x00000000a2600000, 0x00000000a2700000|  0%| F|  |TAMS 0x00000000a2600000, 0x00000000a2600000| Untracked 
| 551|0x00000000a2700000, 0x00000000a2700000, 0x00000000a2800000|  0%| F|  |TAMS 0x00000000a2700000, 0x00000000a2700000| Untracked 
| 552|0x00000000a2800000, 0x00000000a2800000, 0x00000000a2900000|  0%| F|  |TAMS 0x00000000a2800000, 0x00000000a2800000| Untracked 
| 553|0x00000000a2900000, 0x00000000a2900000, 0x00000000a2a00000|  0%| F|  |TAMS 0x00000000a2900000, 0x00000000a2900000| Untracked 
| 554|0x00000000a2a00000, 0x00000000a2a00000, 0x00000000a2b00000|  0%| F|  |TAMS 0x00000000a2a00000, 0x00000000a2a00000| Untracked 
| 555|0x00000000a2b00000, 0x00000000a2b00000, 0x00000000a2c00000|  0%| F|  |TAMS 0x00000000a2b00000, 0x00000000a2b00000| Untracked 
| 556|0x00000000a2c00000, 0x00000000a2c00000, 0x00000000a2d00000|  0%| F|  |TAMS 0x00000000a2c00000, 0x00000000a2c00000| Untracked 
| 557|0x00000000a2d00000, 0x00000000a2d00000, 0x00000000a2e00000|  0%| F|  |TAMS 0x00000000a2d00000, 0x00000000a2d00000| Untracked 
| 558|0x00000000a2e00000, 0x00000000a2e00000, 0x00000000a2f00000|  0%| F|  |TAMS 0x00000000a2e00000, 0x00000000a2e00000| Untracked 
| 559|0x00000000a2f00000, 0x00000000a2f00000, 0x00000000a3000000|  0%| F|  |TAMS 0x00000000a2f00000, 0x00000000a2f00000| Untracked 
| 560|0x00000000a3000000, 0x00000000a3000000, 0x00000000a3100000|  0%| F|  |TAMS 0x00000000a3000000, 0x00000000a3000000| Untracked 
| 561|0x00000000a3100000, 0x00000000a3100000, 0x00000000a3200000|  0%| F|  |TAMS 0x00000000a3100000, 0x00000000a3100000| Untracked 
| 562|0x00000000a3200000, 0x00000000a3200000, 0x00000000a3300000|  0%| F|  |TAMS 0x00000000a3200000, 0x00000000a3200000| Untracked 
| 563|0x00000000a3300000, 0x00000000a3300000, 0x00000000a3400000|  0%| F|  |TAMS 0x00000000a3300000, 0x00000000a3300000| Untracked 
| 564|0x00000000a3400000, 0x00000000a3400000, 0x00000000a3500000|  0%| F|  |TAMS 0x00000000a3400000, 0x00000000a3400000| Untracked 
| 565|0x00000000a3500000, 0x00000000a3500000, 0x00000000a3600000|  0%| F|  |TAMS 0x00000000a3500000, 0x00000000a3500000| Untracked 
| 566|0x00000000a3600000, 0x00000000a3600000, 0x00000000a3700000|  0%| F|  |TAMS 0x00000000a3600000, 0x00000000a3600000| Untracked 
| 567|0x00000000a3700000, 0x00000000a3700000, 0x00000000a3800000|  0%| F|  |TAMS 0x00000000a3700000, 0x00000000a3700000| Untracked 
| 568|0x00000000a3800000, 0x00000000a3800000, 0x00000000a3900000|  0%| F|  |TAMS 0x00000000a3800000, 0x00000000a3800000| Untracked 
| 569|0x00000000a3900000, 0x00000000a3900000, 0x00000000a3a00000|  0%| F|  |TAMS 0x00000000a3900000, 0x00000000a3900000| Untracked 
| 570|0x00000000a3a00000, 0x00000000a3aa3250, 0x00000000a3b00000| 63%| S|CS|TAMS 0x00000000a3a00000, 0x00000000a3a00000| Complete 
| 571|0x00000000a3b00000, 0x00000000a3c00000, 0x00000000a3c00000|100%| S|CS|TAMS 0x00000000a3b00000, 0x00000000a3b00000| Complete 
| 572|0x00000000a3c00000, 0x00000000a3d00000, 0x00000000a3d00000|100%| S|CS|TAMS 0x00000000a3c00000, 0x00000000a3c00000| Complete 
| 573|0x00000000a3d00000, 0x00000000a3d00000, 0x00000000a3e00000|  0%| F|  |TAMS 0x00000000a3d00000, 0x00000000a3d00000| Untracked 
| 574|0x00000000a3e00000, 0x00000000a3e00000, 0x00000000a3f00000|  0%| F|  |TAMS 0x00000000a3e00000, 0x00000000a3e00000| Untracked 
| 575|0x00000000a3f00000, 0x00000000a3f00000, 0x00000000a4000000|  0%| F|  |TAMS 0x00000000a3f00000, 0x00000000a3f00000| Untracked 
| 576|0x00000000a4000000, 0x00000000a4000000, 0x00000000a4100000|  0%| F|  |TAMS 0x00000000a4000000, 0x00000000a4000000| Untracked 
| 577|0x00000000a4100000, 0x00000000a4100000, 0x00000000a4200000|  0%| F|  |TAMS 0x00000000a4100000, 0x00000000a4100000| Untracked 
| 578|0x00000000a4200000, 0x00000000a4200000, 0x00000000a4300000|  0%| F|  |TAMS 0x00000000a4200000, 0x00000000a4200000| Untracked 
| 579|0x00000000a4300000, 0x00000000a4300000, 0x00000000a4400000|  0%| F|  |TAMS 0x00000000a4300000, 0x00000000a4300000| Untracked 
| 580|0x00000000a4400000, 0x00000000a4400000, 0x00000000a4500000|  0%| F|  |TAMS 0x00000000a4400000, 0x00000000a4400000| Untracked 
| 581|0x00000000a4500000, 0x00000000a4500000, 0x00000000a4600000|  0%| F|  |TAMS 0x00000000a4500000, 0x00000000a4500000| Untracked 
| 582|0x00000000a4600000, 0x00000000a4600000, 0x00000000a4700000|  0%| F|  |TAMS 0x00000000a4600000, 0x00000000a4600000| Untracked 
| 583|0x00000000a4700000, 0x00000000a4700000, 0x00000000a4800000|  0%| F|  |TAMS 0x00000000a4700000, 0x00000000a4700000| Untracked 
| 584|0x00000000a4800000, 0x00000000a4800000, 0x00000000a4900000|  0%| F|  |TAMS 0x00000000a4800000, 0x00000000a4800000| Untracked 
| 585|0x00000000a4900000, 0x00000000a4900000, 0x00000000a4a00000|  0%| F|  |TAMS 0x00000000a4900000, 0x00000000a4900000| Untracked 
| 586|0x00000000a4a00000, 0x00000000a4a00000, 0x00000000a4b00000|  0%| F|  |TAMS 0x00000000a4a00000, 0x00000000a4a00000| Untracked 
| 587|0x00000000a4b00000, 0x00000000a4b00000, 0x00000000a4c00000|  0%| F|  |TAMS 0x00000000a4b00000, 0x00000000a4b00000| Untracked 
| 588|0x00000000a4c00000, 0x00000000a4c00000, 0x00000000a4d00000|  0%| F|  |TAMS 0x00000000a4c00000, 0x00000000a4c00000| Untracked 
| 589|0x00000000a4d00000, 0x00000000a4d00000, 0x00000000a4e00000|  0%| F|  |TAMS 0x00000000a4d00000, 0x00000000a4d00000| Untracked 
| 590|0x00000000a4e00000, 0x00000000a4e00000, 0x00000000a4f00000|  0%| F|  |TAMS 0x00000000a4e00000, 0x00000000a4e00000| Untracked 
| 591|0x00000000a4f00000, 0x00000000a4f00000, 0x00000000a5000000|  0%| F|  |TAMS 0x00000000a4f00000, 0x00000000a4f00000| Untracked 
| 592|0x00000000a5000000, 0x00000000a5000000, 0x00000000a5100000|  0%| F|  |TAMS 0x00000000a5000000, 0x00000000a5000000| Untracked 
| 593|0x00000000a5100000, 0x00000000a5100000, 0x00000000a5200000|  0%| F|  |TAMS 0x00000000a5100000, 0x00000000a5100000| Untracked 
| 594|0x00000000a5200000, 0x00000000a5200000, 0x00000000a5300000|  0%| F|  |TAMS 0x00000000a5200000, 0x00000000a5200000| Untracked 
| 595|0x00000000a5300000, 0x00000000a5300000, 0x00000000a5400000|  0%| F|  |TAMS 0x00000000a5300000, 0x00000000a5300000| Untracked 
| 596|0x00000000a5400000, 0x00000000a5400000, 0x00000000a5500000|  0%| F|  |TAMS 0x00000000a5400000, 0x00000000a5400000| Untracked 
| 597|0x00000000a5500000, 0x00000000a5500000, 0x00000000a5600000|  0%| F|  |TAMS 0x00000000a5500000, 0x00000000a5500000| Untracked 
| 598|0x00000000a5600000, 0x00000000a5600000, 0x00000000a5700000|  0%| F|  |TAMS 0x00000000a5600000, 0x00000000a5600000| Untracked 
| 599|0x00000000a5700000, 0x00000000a5700000, 0x00000000a5800000|  0%| F|  |TAMS 0x00000000a5700000, 0x00000000a5700000| Untracked 
| 600|0x00000000a5800000, 0x00000000a5800000, 0x00000000a5900000|  0%| F|  |TAMS 0x00000000a5800000, 0x00000000a5800000| Untracked 
| 601|0x00000000a5900000, 0x00000000a5900000, 0x00000000a5a00000|  0%| F|  |TAMS 0x00000000a5900000, 0x00000000a5900000| Untracked 
| 602|0x00000000a5a00000, 0x00000000a5a00000, 0x00000000a5b00000|  0%| F|  |TAMS 0x00000000a5a00000, 0x00000000a5a00000| Untracked 
| 603|0x00000000a5b00000, 0x00000000a5b00000, 0x00000000a5c00000|  0%| F|  |TAMS 0x00000000a5b00000, 0x00000000a5b00000| Untracked 
| 604|0x00000000a5c00000, 0x00000000a5c00000, 0x00000000a5d00000|  0%| F|  |TAMS 0x00000000a5c00000, 0x00000000a5c00000| Untracked 
| 605|0x00000000a5d00000, 0x00000000a5d00000, 0x00000000a5e00000|  0%| F|  |TAMS 0x00000000a5d00000, 0x00000000a5d00000| Untracked 
| 606|0x00000000a5e00000, 0x00000000a5e00000, 0x00000000a5f00000|  0%| F|  |TAMS 0x00000000a5e00000, 0x00000000a5e00000| Untracked 
| 607|0x00000000a5f00000, 0x00000000a5f00000, 0x00000000a6000000|  0%| F|  |TAMS 0x00000000a5f00000, 0x00000000a5f00000| Untracked 
| 608|0x00000000a6000000, 0x00000000a6000000, 0x00000000a6100000|  0%| F|  |TAMS 0x00000000a6000000, 0x00000000a6000000| Untracked 
| 609|0x00000000a6100000, 0x00000000a6100000, 0x00000000a6200000|  0%| F|  |TAMS 0x00000000a6100000, 0x00000000a6100000| Untracked 
| 610|0x00000000a6200000, 0x00000000a6200000, 0x00000000a6300000|  0%| F|  |TAMS 0x00000000a6200000, 0x00000000a6200000| Untracked 
| 611|0x00000000a6300000, 0x00000000a6300000, 0x00000000a6400000|  0%| F|  |TAMS 0x00000000a6300000, 0x00000000a6300000| Untracked 
| 612|0x00000000a6400000, 0x00000000a6400000, 0x00000000a6500000|  0%| F|  |TAMS 0x00000000a6400000, 0x00000000a6400000| Untracked 
| 613|0x00000000a6500000, 0x00000000a6500000, 0x00000000a6600000|  0%| F|  |TAMS 0x00000000a6500000, 0x00000000a6500000| Untracked 
| 614|0x00000000a6600000, 0x00000000a6600000, 0x00000000a6700000|  0%| F|  |TAMS 0x00000000a6600000, 0x00000000a6600000| Untracked 
| 615|0x00000000a6700000, 0x00000000a6700000, 0x00000000a6800000|  0%| F|  |TAMS 0x00000000a6700000, 0x00000000a6700000| Untracked 
| 616|0x00000000a6800000, 0x00000000a6800000, 0x00000000a6900000|  0%| F|  |TAMS 0x00000000a6800000, 0x00000000a6800000| Untracked 
| 617|0x00000000a6900000, 0x00000000a6900000, 0x00000000a6a00000|  0%| F|  |TAMS 0x00000000a6900000, 0x00000000a6900000| Untracked 

Card table byte_map: [0x00000164422a0000,0x00000164426a0000] _byte_map_base: 0x0000016441ea0000

Marking Bits (Prev, Next): (CMBitMap*) 0x000001642a8bd080, (CMBitMap*) 0x000001642a8bd040
 Prev Bits: [0x0000016444aa0000, 0x0000016446aa0000)
 Next Bits: [0x0000016442aa0000, 0x0000016444aa0000)

Polling page: 0x000001642a910000

Metaspace:

Usage:
  Non-class:    153.79 MB used.
      Class:     23.77 MB used.
       Both:    177.56 MB used.

Virtual space:
  Non-class space:      192.00 MB reserved,     155.88 MB ( 81%) committed,  3 nodes.
      Class space:      412.00 MB reserved,      25.69 MB (  6%) committed,  1 nodes.
             Both:      604.00 MB reserved,     181.56 MB ( 30%) committed. 

Chunk freelists:
   Non-Class:  131.00 KB
       Class:  2.23 MB
        Both:  2.36 MB

MaxMetaspaceSize: 512.00 MB
CompressedClassSpaceSize: 412.00 MB
Initial GC threshold: 21.00 MB
Current GC threshold: 209.19 MB
CDS: on
MetaspaceReclaimPolicy: balanced
 - commit_granule_bytes: 65536.
 - commit_granule_words: 8192.
 - virtual_space_node_default_size: 8388608.
 - enlarge_chunks_in_place: 1.
 - new_chunks_are_fully_committed: 0.
 - uncommit_free_chunks: 1.
 - use_allocation_guard: 0.


Internal statistics:

num_allocs_failed_limit: 9.
num_arena_births: 5884.
num_arena_deaths: 68.
num_vsnodes_births: 4.
num_vsnodes_deaths: 0.
num_space_committed: 2903.
num_space_uncommitted: 0.
num_chunks_returned_to_freelist: 143.
num_chunks_taken_from_freelist: 14826.
num_chunk_merges: 19.
num_chunk_splits: 9708.
num_chunks_enlarged: 6350.
num_inconsistent_stats: 0.

CodeHeap 'non-profiled nmethods': size=120000Kb used=19737Kb max_used=19737Kb free=100263Kb
 bounds [0x0000016439cf0000, 0x000001643b040000, 0x0000016441220000]
CodeHeap 'profiled nmethods': size=120000Kb used=47307Kb max_used=47307Kb free=72692Kb
 bounds [0x00000164327c0000, 0x0000016435600000, 0x0000016439cf0000]
CodeHeap 'non-nmethods': size=5760Kb used=2535Kb max_used=2603Kb free=3224Kb
 bounds [0x0000016432220000, 0x00000164324c0000, 0x00000164327c0000]
 total_blobs=24964 nmethods=23891 adapters=982
 compilation: enabled
              stopped_count=0, restarted_count=0
 full_count=0

Compilation events (20 events):
Event: 218.635 Thread 0x0000016449761f40 nmethod 30641 0x000001643b032790 code [0x000001643b032a40, 0x000001643b033e90]
Event: 218.649 Thread 0x000001644976a450 30646       3       java.io.FileNotFoundException::<init> (6 bytes)
Event: 218.649 Thread 0x000001644976a450 nmethod 30646 0x00000164355efd10 code [0x00000164355efec0, 0x00000164355f00c8]
Event: 218.705 Thread 0x000001644976a450 30647       1       org.codehaus.groovy.control.ASTTransformationsContext::getTransformLoader (5 bytes)
Event: 218.705 Thread 0x000001644976a450 nmethod 30647 0x000001643b034e10 code [0x000001643b034fa0, 0x000001643b035078]
Event: 218.705 Thread 0x000001644976a450 30648       3       org.codehaus.groovy.transform.ASTTransformationVisitor$$Lambda$2322/0x0000000801cd0000::<init> (15 bytes)
Event: 218.705 Thread 0x000001644976a450 nmethod 30648 0x00000164355f0190 code [0x00000164355f0340, 0x00000164355f0558]
Event: 218.705 Thread 0x0000016449761f40 30649       4       groovyjarjarantlr4.v4.runtime.atn.WildcardTransition::matches (16 bytes)
Event: 218.706 Thread 0x0000016449761f40 nmethod 30649 0x000001643b035110 code [0x000001643b035280, 0x000001643b035338]
Event: 218.706 Thread 0x0000016449761f40 30650       4       groovyjarjarantlr4.v4.runtime.atn.LexerActionExecutor::equals (52 bytes)
Event: 218.710 Thread 0x000001644976a450 30651       3       org.apache.groovy.parser.antlr4.GroovyParser$IdentifierPrmrAltContext::<init> (10 bytes)
Event: 218.710 Thread 0x000001644976a450 nmethod 30651 0x00000164355f0610 code [0x00000164355f07e0, 0x00000164355f0c08]
Event: 218.710 Thread 0x0000016449761f40 nmethod 30650 0x000001643b035410 code [0x000001643b0355a0, 0x000001643b0357d8]
Event: 218.710 Thread 0x000001644976a450 30652   !   3       org.apache.groovy.parser.antlr4.GroovyParser::annotationsOpt (260 bytes)
Event: 218.712 Thread 0x000001644976a450 nmethod 30652 0x00000164355f0d90 code [0x00000164355f10c0, 0x00000164355f2808]
Event: 218.712 Thread 0x000001644976a450 30653       3       org.apache.groovy.parser.antlr4.GroovyParser$AnnotationsOptContext::<init> (7 bytes)
Event: 218.712 Thread 0x000001644976a450 nmethod 30653 0x00000164355f3190 code [0x00000164355f3340, 0x00000164355f3658]
Event: 218.776 Thread 0x00000164539e6c30 30654       4       groovyjarjarantlr4.v4.runtime.ProxyParserErrorListener::reportContextSensitivity (71 bytes)
Event: 218.783 Thread 0x00000164539e6c30 nmethod 30654 0x000001643b035a10 code [0x000001643b035bc0, 0x000001643b036038]
Event: 218.846 Thread 0x00000164539e6c30 30655       4       java.util.concurrent.CopyOnWriteArrayList::toArray (11 bytes)

GC Heap History (20 events):
Event: 211.296 GC heap after
{Heap after GC invocations=159 (full 0):
 garbage-first heap   total 632832K, used 495467K [0x0000000080000000, 0x0000000100000000)
  region size 1024K, 2 young (2048K), 2 survivors (2048K)
 Metaspace       used 180985K, committed 184896K, reserved 618496K
  class space    used 24220K, committed 26112K, reserved 421888K
}
Event: 211.939 GC heap before
{Heap before GC invocations=159 (full 0):
 garbage-first heap   total 632832K, used 557931K [0x0000000080000000, 0x0000000100000000)
  region size 1024K, 63 young (64512K), 2 survivors (2048K)
 Metaspace       used 181174K, committed 185152K, reserved 618496K
  class space    used 24249K, committed 26176K, reserved 421888K
}
Event: 211.944 GC heap after
{Heap after GC invocations=160 (full 0):
 garbage-first heap   total 632832K, used 499210K [0x0000000080000000, 0x0000000100000000)
  region size 1024K, 6 young (6144K), 6 survivors (6144K)
 Metaspace       used 181174K, committed 185152K, reserved 618496K
  class space    used 24249K, committed 26176K, reserved 421888K
}
Event: 212.215 GC heap before
{Heap before GC invocations=160 (full 0):
 garbage-first heap   total 632832K, used 556554K [0x0000000080000000, 0x0000000100000000)
  region size 1024K, 62 young (63488K), 6 survivors (6144K)
 Metaspace       used 181365K, committed 185408K, reserved 618496K
  class space    used 24280K, committed 26176K, reserved 421888K
}
Event: 213.213 GC heap after
{Heap after GC invocations=161 (full 0):
 garbage-first heap   total 632832K, used 502857K [0x0000000080000000, 0x0000000100000000)
  region size 1024K, 4 young (4096K), 4 survivors (4096K)
 Metaspace       used 181365K, committed 185408K, reserved 618496K
  class space    used 24280K, committed 26176K, reserved 421888K
}
Event: 213.612 GC heap before
{Heap before GC invocations=161 (full 0):
 garbage-first heap   total 632832K, used 557129K [0x0000000080000000, 0x0000000100000000)
  region size 1024K, 57 young (58368K), 4 survivors (4096K)
 Metaspace       used 181373K, committed 185408K, reserved 618496K
  class space    used 24280K, committed 26176K, reserved 421888K
}
Event: 213.616 GC heap after
{Heap after GC invocations=162 (full 0):
 garbage-first heap   total 632832K, used 505135K [0x0000000080000000, 0x0000000100000000)
  region size 1024K, 6 young (6144K), 6 survivors (6144K)
 Metaspace       used 181373K, committed 185408K, reserved 618496K
  class space    used 24280K, committed 26176K, reserved 421888K
}
Event: 213.672 GC heap before
{Heap before GC invocations=162 (full 0):
 garbage-first heap   total 632832K, used 558383K [0x0000000080000000, 0x0000000100000000)
  region size 1024K, 58 young (59392K), 6 survivors (6144K)
 Metaspace       used 181373K, committed 185408K, reserved 618496K
  class space    used 24280K, committed 26176K, reserved 421888K
}
Event: 213.676 GC heap after
{Heap after GC invocations=163 (full 0):
 garbage-first heap   total 632832K, used 505703K [0x0000000080000000, 0x0000000100000000)
  region size 1024K, 4 young (4096K), 4 survivors (4096K)
 Metaspace       used 181373K, committed 185408K, reserved 618496K
  class space    used 24280K, committed 26176K, reserved 421888K
}
Event: 213.740 GC heap before
{Heap before GC invocations=163 (full 0):
 garbage-first heap   total 632832K, used 558951K [0x0000000080000000, 0x0000000100000000)
  region size 1024K, 56 young (57344K), 4 survivors (4096K)
 Metaspace       used 181376K, committed 185408K, reserved 618496K
  class space    used 24280K, committed 26176K, reserved 421888K
}
Event: 213.743 GC heap after
{Heap after GC invocations=164 (full 0):
 garbage-first heap   total 632832K, used 505542K [0x0000000080000000, 0x0000000100000000)
  region size 1024K, 3 young (3072K), 3 survivors (3072K)
 Metaspace       used 181376K, committed 185408K, reserved 618496K
  class space    used 24280K, committed 26176K, reserved 421888K
}
Event: 218.210 GC heap before
{Heap before GC invocations=164 (full 0):
 garbage-first heap   total 632832K, used 560838K [0x0000000080000000, 0x0000000100000000)
  region size 1024K, 57 young (58368K), 3 survivors (3072K)
 Metaspace       used 181709K, committed 185792K, reserved 618496K
  class space    used 24327K, committed 26240K, reserved 421888K
}
Event: 218.214 GC heap after
{Heap after GC invocations=165 (full 0):
 garbage-first heap   total 632832K, used 509233K [0x0000000080000000, 0x0000000100000000)
  region size 1024K, 7 young (7168K), 7 survivors (7168K)
 Metaspace       used 181709K, committed 185792K, reserved 618496K
  class space    used 24327K, committed 26240K, reserved 421888K
}
Event: 218.396 GC heap before
{Heap before GC invocations=165 (full 0):
 garbage-first heap   total 632832K, used 558385K [0x0000000080000000, 0x0000000100000000)
  region size 1024K, 55 young (56320K), 7 survivors (7168K)
 Metaspace       used 181818K, committed 185920K, reserved 618496K
  class space    used 24344K, committed 26304K, reserved 421888K
}
Event: 218.402 GC heap after
{Heap after GC invocations=166 (full 0):
 garbage-first heap   total 632832K, used 512264K [0x0000000080000000, 0x0000000100000000)
  region size 1024K, 4 young (4096K), 4 survivors (4096K)
 Metaspace       used 181818K, committed 185920K, reserved 618496K
  class space    used 24344K, committed 26304K, reserved 421888K
}
Event: 218.728 GC heap before
{Heap before GC invocations=166 (full 0):
 garbage-first heap   total 632832K, used 559368K [0x0000000080000000, 0x0000000100000000)
  region size 1024K, 49 young (50176K), 4 survivors (4096K)
 Metaspace       used 181824K, committed 185920K, reserved 618496K
  class space    used 24344K, committed 26304K, reserved 421888K
}
Event: 218.732 GC heap after
{Heap after GC invocations=167 (full 0):
 garbage-first heap   total 632832K, used 514325K [0x0000000080000000, 0x0000000100000000)
  region size 1024K, 6 young (6144K), 6 survivors (6144K)
 Metaspace       used 181824K, committed 185920K, reserved 618496K
  class space    used 24344K, committed 26304K, reserved 421888K
}
Event: 218.789 GC heap before
{Heap before GC invocations=167 (full 0):
 garbage-first heap   total 632832K, used 559381K [0x0000000080000000, 0x0000000100000000)
  region size 1024K, 50 young (51200K), 6 survivors (6144K)
 Metaspace       used 181824K, committed 185920K, reserved 618496K
  class space    used 24344K, committed 26304K, reserved 421888K
}
Event: 218.793 GC heap after
{Heap after GC invocations=168 (full 0):
 garbage-first heap   total 632832K, used 515345K [0x0000000080000000, 0x0000000100000000)
  region size 1024K, 4 young (4096K), 4 survivors (4096K)
 Metaspace       used 181824K, committed 185920K, reserved 618496K
  class space    used 24344K, committed 26304K, reserved 421888K
}
Event: 218.847 GC heap before
{Heap before GC invocations=168 (full 0):
 garbage-first heap   total 632832K, used 560401K [0x0000000080000000, 0x0000000100000000)
  region size 1024K, 48 young (49152K), 4 survivors (4096K)
 Metaspace       used 181824K, committed 185920K, reserved 618496K
  class space    used 24344K, committed 26304K, reserved 421888K
}

Deoptimization events (20 events):
Event: 218.182 Thread 0x0000016459cae900 Uncommon trap: trap_request=0xffffffbe fr.pc=0x000001643afdef74 relative=0x00000000000009d4
Event: 218.182 Thread 0x0000016459cae900 Uncommon trap: reason=profile_predicate action=maybe_recompile pc=0x000001643afdef74 method=org.gradle.api.internal.artifacts.transform.TransformingAsyncArtifactListener$TransformedArtifact.lambda$visit$3(Lorg/gradle/api/internal/artifacts/ivyservice/reso
Event: 218.182 Thread 0x0000016459cae900 DEOPT PACKING pc=0x000001643afdef74 sp=0x00000054b0bf84d0
Event: 218.183 Thread 0x0000016459cae900 DEOPT UNPACKING pc=0x00000164322723a3 sp=0x00000054b0bf8490 mode 2
Event: 218.183 Thread 0x0000016459cae900 Uncommon trap: trap_request=0xffffffbe fr.pc=0x000001643afdef74 relative=0x00000000000009d4
Event: 218.183 Thread 0x0000016459cae900 Uncommon trap: reason=profile_predicate action=maybe_recompile pc=0x000001643afdef74 method=org.gradle.api.internal.artifacts.transform.TransformingAsyncArtifactListener$TransformedArtifact.lambda$visit$3(Lorg/gradle/api/internal/artifacts/ivyservice/reso
Event: 218.183 Thread 0x0000016459cae900 DEOPT PACKING pc=0x000001643afdef74 sp=0x00000054b0bf84d0
Event: 218.184 Thread 0x0000016459cae900 DEOPT UNPACKING pc=0x00000164322723a3 sp=0x00000054b0bf8490 mode 2
Event: 218.184 Thread 0x0000016459cae900 Uncommon trap: trap_request=0xffffffbe fr.pc=0x000001643afdef74 relative=0x00000000000009d4
Event: 218.184 Thread 0x0000016459cae900 Uncommon trap: reason=profile_predicate action=maybe_recompile pc=0x000001643afdef74 method=org.gradle.api.internal.artifacts.transform.TransformingAsyncArtifactListener$TransformedArtifact.lambda$visit$3(Lorg/gradle/api/internal/artifacts/ivyservice/reso
Event: 218.184 Thread 0x0000016459cae900 DEOPT PACKING pc=0x000001643afdef74 sp=0x00000054b0bf84d0
Event: 218.184 Thread 0x0000016459cae900 DEOPT UNPACKING pc=0x00000164322723a3 sp=0x00000054b0bf8490 mode 2
Event: 218.436 Thread 0x0000016459cae900 Uncommon trap: trap_request=0xffffffde fr.pc=0x000001643a871f74 relative=0x0000000000000d54
Event: 218.436 Thread 0x0000016459cae900 Uncommon trap: reason=class_check action=maybe_recompile pc=0x000001643a871f74 method=com.google.common.cache.LocalCache$Segment.copyEntry(Lcom/google/common/cache/ReferenceEntry;Lcom/google/common/cache/ReferenceEntry;)Lcom/google/common/cache/ReferenceE
Event: 218.436 Thread 0x0000016459cae900 DEOPT PACKING pc=0x000001643a871f74 sp=0x00000054b0bf7240
Event: 218.436 Thread 0x0000016459cae900 DEOPT UNPACKING pc=0x00000164322723a3 sp=0x00000054b0bf7218 mode 2
Event: 218.705 Thread 0x0000016459cae900 DEOPT PACKING pc=0x0000016434bf6e05 sp=0x00000054b0bf6130
Event: 218.705 Thread 0x0000016459cae900 DEOPT UNPACKING pc=0x0000016432272b43 sp=0x00000054b0bf56b8 mode 0
Event: 218.705 Thread 0x0000016459cae900 DEOPT PACKING pc=0x0000016434bf6e05 sp=0x00000054b0bf6130
Event: 218.705 Thread 0x0000016459cae900 DEOPT UNPACKING pc=0x0000016432272b43 sp=0x00000054b0bf56b8 mode 0

Classes loaded (20 events):
Event: 186.498 Loading class sun/security/ssl/PreSharedKeyExtension$CHPreSharedKeySpec
Event: 186.499 Loading class sun/security/ssl/PreSharedKeyExtension$CHPreSharedKeySpec done
Event: 186.499 Loading class sun/security/ssl/PreSharedKeyExtension$PartialClientHelloMessage
Event: 186.502 Loading class sun/security/ssl/PreSharedKeyExtension$PartialClientHelloMessage done
Event: 186.502 Loading class sun/security/ssl/SSLEngineOutputRecord
Event: 186.504 Loading class sun/security/ssl/SSLEngineOutputRecord done
Event: 186.504 Loading class sun/security/ssl/SSLEngineOutputRecord$HandshakeFragment
Event: 186.505 Loading class sun/security/ssl/SSLEngineOutputRecord$HandshakeFragment done
Event: 186.505 Loading class sun/security/ssl/SSLEngineOutputRecord$HandshakeMemo
Event: 186.505 Loading class sun/security/ssl/SSLEngineOutputRecord$RecordMemo
Event: 186.506 Loading class sun/security/ssl/SSLEngineOutputRecord$RecordMemo done
Event: 186.506 Loading class sun/security/ssl/SSLEngineOutputRecord$HandshakeMemo done
Event: 186.797 Loading class sun/security/ssl/PreSharedKeyExtension$SHPreSharedKeySpec
Event: 186.798 Loading class sun/security/ssl/PreSharedKeyExtension$SHPreSharedKeySpec done
Event: 187.777 Loading class com/sun/org/apache/xerces/internal/dom/DeferredCommentImpl
Event: 187.777 Loading class com/sun/org/apache/xerces/internal/dom/CommentImpl
Event: 187.777 Loading class com/sun/org/apache/xerces/internal/dom/CommentImpl done
Event: 187.777 Loading class com/sun/org/apache/xerces/internal/dom/DeferredCommentImpl done
Event: 194.337 Loading class java/util/concurrent/locks/ReentrantReadWriteLock$Sync$HoldCounter
Event: 194.338 Loading class java/util/concurrent/locks/ReentrantReadWriteLock$Sync$HoldCounter done

Classes unloaded (20 events):
Event: 38.310 Thread 0x000001642a8dda00 Unloading class 0x0000000801824800 'java/lang/invoke/LambdaForm$MH+0x0000000801824800'
Event: 38.310 Thread 0x000001642a8dda00 Unloading class 0x0000000801824000 'java/lang/invoke/LambdaForm$MH+0x0000000801824000'
Event: 38.310 Thread 0x000001642a8dda00 Unloading class 0x0000000801823800 'java/lang/invoke/LambdaForm$MH+0x0000000801823800'
Event: 38.310 Thread 0x000001642a8dda00 Unloading class 0x0000000801823000 'java/lang/invoke/LambdaForm$MH+0x0000000801823000'
Event: 38.310 Thread 0x000001642a8dda00 Unloading class 0x0000000801822800 'java/lang/invoke/LambdaForm$MH+0x0000000801822800'
Event: 38.310 Thread 0x000001642a8dda00 Unloading class 0x0000000801822000 'java/lang/invoke/LambdaForm$MH+0x0000000801822000'
Event: 38.310 Thread 0x000001642a8dda00 Unloading class 0x0000000801821800 'java/lang/invoke/LambdaForm$MH+0x0000000801821800'
Event: 38.310 Thread 0x000001642a8dda00 Unloading class 0x0000000801821000 'java/lang/invoke/LambdaForm$MH+0x0000000801821000'
Event: 38.310 Thread 0x000001642a8dda00 Unloading class 0x0000000801820800 'java/lang/invoke/LambdaForm$MH+0x0000000801820800'
Event: 38.310 Thread 0x000001642a8dda00 Unloading class 0x0000000801820400 'java/lang/invoke/LambdaForm$MH+0x0000000801820400'
Event: 38.310 Thread 0x000001642a8dda00 Unloading class 0x000000080181f800 'java/lang/invoke/LambdaForm$MH+0x000000080181f800'
Event: 38.310 Thread 0x000001642a8dda00 Unloading class 0x000000080181f000 'java/lang/invoke/LambdaForm$MH+0x000000080181f000'
Event: 38.310 Thread 0x000001642a8dda00 Unloading class 0x000000080181e800 'java/lang/invoke/LambdaForm$MH+0x000000080181e800'
Event: 38.310 Thread 0x000001642a8dda00 Unloading class 0x000000080181e000 'java/lang/invoke/LambdaForm$MH+0x000000080181e000'
Event: 38.310 Thread 0x000001642a8dda00 Unloading class 0x000000080181d800 'java/lang/invoke/LambdaForm$MH+0x000000080181d800'
Event: 38.310 Thread 0x000001642a8dda00 Unloading class 0x000000080181d000 'java/lang/invoke/LambdaForm$MH+0x000000080181d000'
Event: 38.310 Thread 0x000001642a8dda00 Unloading class 0x000000080181c800 'java/lang/invoke/LambdaForm$MH+0x000000080181c800'
Event: 38.310 Thread 0x000001642a8dda00 Unloading class 0x000000080181c400 'java/lang/invoke/LambdaForm$DMH+0x000000080181c400'
Event: 38.310 Thread 0x000001642a8dda00 Unloading class 0x000000080180cc00 'java/lang/invoke/LambdaForm$MH+0x000000080180cc00'
Event: 38.310 Thread 0x000001642a8dda00 Unloading class 0x000000080180c000 'java/lang/invoke/LambdaForm$DMH+0x000000080180c000'

Classes redefined (0 events):
No events

Internal exceptions (20 events):
Event: 217.968 Thread 0x0000016459cae900 Exception <a 'java/lang/ClassNotFoundException'{0x00000000a57e1058}: build_8wlt0fdxrmg61gvybf4tga80c$_run_closure3Customizer> (0x00000000a57e1058) 
thrown [s\open\src\hotspot\share\classfile\systemDictionary.cpp, line 255]
Event: 217.987 Thread 0x0000016459cae900 Exception <a 'java/lang/ClassNotFoundException'{0x00000000a56b6c90}: com/android/build/gradle/internal/CompileOptions$AgpDecorated_DecoratedBeanInfo> (0x00000000a56b6c90) 
thrown [s\open\src\hotspot\share\classfile\systemDictionary.cpp, line 255]
Event: 217.988 Thread 0x0000016459cae900 Exception <a 'java/lang/ClassNotFoundException'{0x00000000a56c8ae0}: com/android/build/gradle/internal/CompileOptions$AgpDecoratedBeanInfo> (0x00000000a56c8ae0) 
thrown [s\open\src\hotspot\share\classfile\systemDictionary.cpp, line 255]
Event: 217.989 Thread 0x0000016459cae900 Exception <a 'java/lang/ClassNotFoundException'{0x00000000a56db8f8}: com/android/build/gradle/internal/CompileOptionsBeanInfo> (0x00000000a56db8f8) 
thrown [s\open\src\hotspot\share\classfile\systemDictionary.cpp, line 255]
Event: 217.989 Thread 0x0000016459cae900 Exception <a 'java/lang/ClassNotFoundException'{0x00000000a56edc88}: com/android/build/gradle/internal/CompileOptionsCustomizer> (0x00000000a56edc88) 
thrown [s\open\src\hotspot\share\classfile\systemDictionary.cpp, line 255]
Event: 217.990 Thread 0x0000016459cae900 Exception <a 'java/lang/ClassNotFoundException'{0x00000000a550c3b0}: com/android/build/gradle/internal/CompileOptions$AgpDecoratedCustomizer> (0x00000000a550c3b0) 
thrown [s\open\src\hotspot\share\classfile\systemDictionary.cpp, line 255]
Event: 217.991 Thread 0x0000016459cae900 Exception <a 'java/lang/ClassNotFoundException'{0x00000000a5521ed8}: com/android/build/gradle/internal/CompileOptions$AgpDecorated_DecoratedCustomizer> (0x00000000a5521ed8) 
thrown [s\open\src\hotspot\share\classfile\systemDictionary.cpp, line 255]
Event: 218.255 Thread 0x0000016459cae900 Exception <a 'sun/nio/fs/WindowsException'{0x00000000a51180a8}> (0x00000000a51180a8) 
thrown [s\open\src\hotspot\share\prims\jni.cpp, line 516]
Event: 218.256 Thread 0x0000016459cae900 Exception <a 'sun/nio/fs/WindowsException'{0x00000000a5119c88}> (0x00000000a5119c88) 
thrown [s\open\src\hotspot\share\prims\jni.cpp, line 516]
Event: 218.257 Thread 0x0000016459cae900 Exception <a 'sun/nio/fs/WindowsException'{0x00000000a512d9b8}> (0x00000000a512d9b8) 
thrown [s\open\src\hotspot\share\prims\jni.cpp, line 516]
Event: 218.258 Thread 0x0000016459cae900 Exception <a 'sun/nio/fs/WindowsException'{0x00000000a51417f8}> (0x00000000a51417f8) 
thrown [s\open\src\hotspot\share\prims\jni.cpp, line 516]
Event: 218.261 Thread 0x0000016459cae900 Exception <a 'sun/nio/fs/WindowsException'{0x00000000a51535c0}> (0x00000000a51535c0) 
thrown [s\open\src\hotspot\share\prims\jni.cpp, line 516]
Event: 218.264 Thread 0x0000016459cae900 Exception <a 'sun/nio/fs/WindowsException'{0x00000000a5169bd8}> (0x00000000a5169bd8) 
thrown [s\open\src\hotspot\share\prims\jni.cpp, line 516]
Event: 218.266 Thread 0x0000016459cae900 Exception <a 'sun/nio/fs/WindowsException'{0x00000000a517b5a0}> (0x00000000a517b5a0) 
thrown [s\open\src\hotspot\share\prims\jni.cpp, line 516]
Event: 218.267 Thread 0x0000016459cae900 Exception <a 'sun/nio/fs/WindowsException'{0x00000000a518dcb0}> (0x00000000a518dcb0) 
thrown [s\open\src\hotspot\share\prims\jni.cpp, line 516]
Event: 218.269 Thread 0x0000016459cae900 Exception <a 'sun/nio/fs/WindowsException'{0x00000000a51a17d0}> (0x00000000a51a17d0) 
thrown [s\open\src\hotspot\share\prims\jni.cpp, line 516]
Event: 218.295 Thread 0x0000016459cae900 Exception <a 'java/lang/ClassNotFoundException'{0x00000000a50afb58}: build_8v1wat36ua4dqgysm9dw6qd50BeanInfo> (0x00000000a50afb58) 
thrown [s\open\src\hotspot\share\classfile\systemDictionary.cpp, line 255]
Event: 218.295 Thread 0x0000016459cae900 Exception <a 'java/lang/ClassNotFoundException'{0x00000000a50b6660}: build_8v1wat36ua4dqgysm9dw6qd50Customizer> (0x00000000a50b6660) 
thrown [s\open\src\hotspot\share\classfile\systemDictionary.cpp, line 255]
Event: 218.325 Thread 0x0000016459cae900 Exception <a 'java/lang/ClassNotFoundException'{0x00000000a4770230}: build_8v1wat36ua4dqgysm9dw6qd50$_run_closure1BeanInfo> (0x00000000a4770230) 
thrown [s\open\src\hotspot\share\classfile\systemDictionary.cpp, line 255]
Event: 218.325 Thread 0x0000016459cae900 Exception <a 'java/lang/ClassNotFoundException'{0x00000000a477bef0}: build_8v1wat36ua4dqgysm9dw6qd50$_run_closure1Customizer> (0x00000000a477bef0) 
thrown [s\open\src\hotspot\share\classfile\systemDictionary.cpp, line 255]

VM Operations (20 events):
Event: 213.616 Executing VM operation: G1CollectForAllocation done
Event: 213.672 Executing VM operation: G1CollectForAllocation
Event: 213.676 Executing VM operation: G1CollectForAllocation done
Event: 213.740 Executing VM operation: G1CollectForAllocation
Event: 213.743 Executing VM operation: G1CollectForAllocation done
Event: 214.745 Executing VM operation: Cleanup
Event: 214.822 Executing VM operation: Cleanup done
Event: 214.849 Executing VM operation: HandshakeAllThreads
Event: 214.850 Executing VM operation: HandshakeAllThreads done
Event: 215.860 Executing VM operation: Cleanup
Event: 215.860 Executing VM operation: Cleanup done
Event: 218.210 Executing VM operation: G1CollectForAllocation
Event: 218.214 Executing VM operation: G1CollectForAllocation done
Event: 218.396 Executing VM operation: G1CollectForAllocation
Event: 218.402 Executing VM operation: G1CollectForAllocation done
Event: 218.728 Executing VM operation: G1CollectForAllocation
Event: 218.732 Executing VM operation: G1CollectForAllocation done
Event: 218.789 Executing VM operation: G1CollectForAllocation
Event: 218.793 Executing VM operation: G1CollectForAllocation done
Event: 218.847 Executing VM operation: G1CollectForAllocation

Events (20 events):
Event: 207.083 Thread 0x000001644976de50 flushing nmethod 0x0000016435290410
Event: 207.083 Thread 0x000001644976de50 flushing nmethod 0x000001643529e810
Event: 207.083 Thread 0x000001644976de50 flushing nmethod 0x000001643529f190
Event: 207.083 Thread 0x000001644976de50 flushing nmethod 0x00000164352b2710
Event: 207.083 Thread 0x000001644976de50 flushing nmethod 0x00000164352c4d10
Event: 207.083 Thread 0x000001644976de50 flushing nmethod 0x00000164352c5990
Event: 207.083 Thread 0x000001644976de50 flushing nmethod 0x00000164352d1390
Event: 207.083 Thread 0x000001644976de50 flushing nmethod 0x00000164352d1e10
Event: 207.084 Thread 0x000001644976de50 flushing nmethod 0x0000016435363d10
Event: 207.084 Thread 0x000001644976de50 flushing nmethod 0x0000016435369710
Event: 207.084 Thread 0x000001644976de50 flushing nmethod 0x00000164353a3a90
Event: 207.137 Thread 0x00000164515ea090 Thread added: 0x00000164515ea090
Event: 207.260 Thread 0x00000164515ea090 Thread exited: 0x00000164515ea090
Event: 207.493 Thread 0x00000164515e8c50 Thread added: 0x00000164515e8c50
Event: 209.387 Thread 0x00000164515e8c50 Thread exited: 0x00000164515e8c50
Event: 209.480 Thread 0x00000164515e9670 Thread added: 0x00000164515e9670
Event: 214.860 Thread 0x000001644976de50 flushing nmethod 0x000001643aedc810
Event: 214.873 Thread 0x000001644976de50 flushing nmethod 0x0000016433934e10
Event: 215.345 Thread 0x00000164515e9670 Thread exited: 0x00000164515e9670
Event: 218.161 Thread 0x00000164539e6c30 Thread added: 0x00000164539e6c30


Dynamic libraries:
0x00007ff711ca0000 - 0x00007ff711cb0000 	C:\Program Files\Java\jdk-18.0.2.1\bin\java.exe
0x00007ffceb160000 - 0x00007ffceb3c8000 	C:\WINDOWS\SYSTEM32\ntdll.dll
0x00007ffcea0b0000 - 0x00007ffcea179000 	C:\WINDOWS\System32\KERNEL32.DLL
0x00007ffce85c0000 - 0x00007ffce89b2000 	C:\WINDOWS\System32\KERNELBASE.dll
0x00007ffce8b30000 - 0x00007ffce8c7b000 	C:\WINDOWS\System32\ucrtbase.dll
0x00007ffcc83f0000 - 0x00007ffcc8408000 	C:\Program Files\Java\jdk-18.0.2.1\bin\jli.dll
0x00007ffcc8330000 - 0x00007ffcc834a000 	C:\Program Files\Java\jdk-18.0.2.1\bin\VCRUNTIME140.dll
0x00007ffceb060000 - 0x00007ffceb114000 	C:\WINDOWS\System32\ADVAPI32.dll
0x00007ffcea000000 - 0x00007ffcea0a9000 	C:\WINDOWS\System32\msvcrt.dll
0x00007ffcea1b0000 - 0x00007ffcea256000 	C:\WINDOWS\System32\sechost.dll
0x00007ffce9520000 - 0x00007ffce9638000 	C:\WINDOWS\System32\RPCRT4.dll
0x00007ffce9640000 - 0x00007ffce9805000 	C:\WINDOWS\System32\USER32.dll
0x00007ffce7500000 - 0x00007ffce7793000 	C:\WINDOWS\WinSxS\amd64_microsoft.windows.common-controls_6595b64144ccf1df_6.0.26100.6899_none_3e0efeeae32e88c1\COMCTL32.dll
0x00007ffce8590000 - 0x00007ffce85b7000 	C:\WINDOWS\System32\win32u.dll
0x00007ffceaa20000 - 0x00007ffceaa4b000 	C:\WINDOWS\System32\GDI32.dll
0x00007ffce8460000 - 0x00007ffce858d000 	C:\WINDOWS\System32\gdi32full.dll
0x00007ffce82f0000 - 0x00007ffce8393000 	C:\WINDOWS\System32\msvcp_win.dll
0x00007ffce1d50000 - 0x00007ffce1d5b000 	C:\WINDOWS\SYSTEM32\VERSION.dll
0x00007ffceacc0000 - 0x00007ffceacef000 	C:\WINDOWS\System32\IMM32.DLL
0x00007ffcdc450000 - 0x00007ffcdc45c000 	C:\Program Files\Java\jdk-18.0.2.1\bin\vcruntime140_1.dll
0x00007ffcbb3b0000 - 0x00007ffcbb43d000 	C:\Program Files\Java\jdk-18.0.2.1\bin\msvcp140.dll
0x00007ffc2be50000 - 0x00007ffc2ca61000 	C:\Program Files\Java\jdk-18.0.2.1\bin\server\jvm.dll
0x00007ffce9ef0000 - 0x00007ffce9ef8000 	C:\WINDOWS\System32\PSAPI.DLL
0x00007ffcc57e0000 - 0x00007ffcc57ea000 	C:\WINDOWS\SYSTEM32\WSOCK32.dll
0x00007ffce02b0000 - 0x00007ffce02e5000 	C:\WINDOWS\SYSTEM32\WINMM.dll
0x00007ffcead60000 - 0x00007ffceadd4000 	C:\WINDOWS\System32\WS2_32.dll
0x00007ffce6790000 - 0x00007ffce67ab000 	C:\WINDOWS\SYSTEM32\kernel.appcore.dll
0x00007ffcd34b0000 - 0x00007ffcd34ba000 	C:\Program Files\Java\jdk-18.0.2.1\bin\jimage.dll
0x00007ffce7ab0000 - 0x00007ffce7cf2000 	C:\WINDOWS\SYSTEM32\DBGHELP.DLL
0x00007ffce9890000 - 0x00007ffce9c0b000 	C:\WINDOWS\System32\combase.dll
0x00007ffceaa60000 - 0x00007ffceab37000 	C:\WINDOWS\System32\OLEAUT32.dll
0x00007ffce79a0000 - 0x00007ffce79dc000 	C:\WINDOWS\SYSTEM32\dbgcore.DLL
0x00007ffce8c80000 - 0x00007ffce8d18000 	C:\WINDOWS\System32\bcryptPrimitives.dll
0x00007ffce2400000 - 0x00007ffce240e000 	C:\Program Files\Java\jdk-18.0.2.1\bin\instrument.dll
0x00007ffcc4200000 - 0x00007ffcc4225000 	C:\Program Files\Java\jdk-18.0.2.1\bin\java.dll
0x00007ffcbb2d0000 - 0x00007ffcbb3a6000 	C:\Program Files\Java\jdk-18.0.2.1\bin\jsvml.dll
0x00007ffcea2d0000 - 0x00007ffceaa1d000 	C:\WINDOWS\System32\SHELL32.dll
0x00007ffce89c0000 - 0x00007ffce8b2b000 	C:\WINDOWS\System32\wintypes.dll
0x00007ffce5630000 - 0x00007ffce5e8d000 	C:\WINDOWS\SYSTEM32\windows.storage.dll
0x00007ffce9f00000 - 0x00007ffce9ff2000 	C:\WINDOWS\System32\SHCORE.dll
0x00007ffcea260000 - 0x00007ffcea2c2000 	C:\WINDOWS\System32\shlwapi.dll
0x00007ffce8210000 - 0x00007ffce8239000 	C:\WINDOWS\SYSTEM32\profapi.dll
0x00007ffcc7e60000 - 0x00007ffcc7e78000 	C:\Program Files\Java\jdk-18.0.2.1\bin\zip.dll
0x00007ffcc43e0000 - 0x00007ffcc43f3000 	C:\Program Files\Java\jdk-18.0.2.1\bin\net.dll
0x00007ffcddd10000 - 0x00007ffcdde2f000 	C:\WINDOWS\SYSTEM32\WINHTTP.dll
0x00007ffce6cc0000 - 0x00007ffce6d2b000 	C:\WINDOWS\system32\mswsock.dll
0x00007ffcc41e0000 - 0x00007ffcc41f6000 	C:\Program Files\Java\jdk-18.0.2.1\bin\nio.dll
0x00007ffcccb60000 - 0x00007ffcccb70000 	C:\Program Files\Java\jdk-18.0.2.1\bin\verify.dll
0x00007ffcba600000 - 0x00007ffcba627000 	C:\Users\waniw\.gradle\native\1def1411415f61bf3af743bc5b6707747c0891f09f0c88961ee8f79bc544acac\windows-amd64\native-platform.dll
0x00007ffcc24f0000 - 0x00007ffcc2568000 	C:\Users\waniw\.gradle\native\0.2.7\x86_64-windows-gnu\gradle-fileevents.dll
0x00007ffccb670000 - 0x00007ffccb679000 	C:\Program Files\Java\jdk-18.0.2.1\bin\management.dll
0x00007ffcca240000 - 0x00007ffcca24b000 	C:\Program Files\Java\jdk-18.0.2.1\bin\management_ext.dll
0x00007ffce6220000 - 0x00007ffce6254000 	C:\WINDOWS\SYSTEM32\IPHLPAPI.DLL
0x00007ffcead00000 - 0x00007ffcead0a000 	C:\WINDOWS\System32\NSI.dll
0x00007ffce1940000 - 0x00007ffce195e000 	C:\WINDOWS\SYSTEM32\dhcpcsvc6.DLL
0x00007ffce18a0000 - 0x00007ffce18c3000 	C:\WINDOWS\SYSTEM32\dhcpcsvc.DLL
0x00007ffce62c0000 - 0x00007ffce63e6000 	C:\WINDOWS\SYSTEM32\DNSAPI.dll
0x00007ffce7e20000 - 0x00007ffce7e3b000 	C:\WINDOWS\SYSTEM32\CRYPTSP.dll
0x00007ffce7000000 - 0x00007ffce703b000 	C:\WINDOWS\system32\rsaenh.dll
0x00007ffce6d30000 - 0x00007ffce6d5b000 	C:\WINDOWS\SYSTEM32\USERENV.dll
0x00007ffce81e0000 - 0x00007ffce8206000 	C:\WINDOWS\SYSTEM32\bcrypt.dll
0x00007ffce72b0000 - 0x00007ffce72bc000 	C:\WINDOWS\SYSTEM32\CRYPTBASE.dll
0x00007ffcc77c0000 - 0x00007ffcc77d8000 	C:\WINDOWS\system32\napinsp.dll
0x00007ffcc5580000 - 0x00007ffcc5592000 	C:\WINDOWS\System32\winrnr.dll
0x00007ffcc5530000 - 0x00007ffcc5558000 	C:\WINDOWS\system32\nlansp_c.dll
0x00007ffcc5190000 - 0x00007ffcc51a6000 	C:\WINDOWS\system32\wshbth.dll
0x00007ffcdd740000 - 0x00007ffcdd74b000 	C:\Windows\System32\rasadhlp.dll
0x00007ffce1cc0000 - 0x00007ffce1d46000 	C:\WINDOWS\System32\fwpuclnt.dll
0x00007ffce23f0000 - 0x00007ffce23fe000 	C:\Program Files\Java\jdk-18.0.2.1\bin\sunmscapi.dll
0x00007ffce8d20000 - 0x00007ffce8e97000 	C:\WINDOWS\System32\CRYPT32.dll
0x00007ffce73c0000 - 0x00007ffce73f0000 	C:\WINDOWS\SYSTEM32\ncrypt.dll
0x00007ffce7370000 - 0x00007ffce73af000 	C:\WINDOWS\SYSTEM32\NTASN1.dll

dbghelp: loaded successfully - version: 4.0.5 - missing functions: none
symbol engine: initialized successfully - sym options: 0x614 - pdb path: .;C:\Program Files\Java\jdk-18.0.2.1\bin;C:\WINDOWS\SYSTEM32;C:\WINDOWS\WinSxS\amd64_microsoft.windows.common-controls_6595b64144ccf1df_6.0.26100.6899_none_3e0efeeae32e88c1;C:\Program Files\Java\jdk-18.0.2.1\bin\server;C:\Users\waniw\.gradle\native\1def1411415f61bf3af743bc5b6707747c0891f09f0c88961ee8f79bc544acac\windows-amd64;C:\Users\waniw\.gradle\native\0.2.7\x86_64-windows-gnu

VM Arguments:
jvm_args: --add-opens=java.base/java.lang=ALL-UNNAMED --add-opens=java.base/java.lang.invoke=ALL-UNNAMED --add-opens=java.base/java.util=ALL-UNNAMED --add-opens=java.prefs/java.util.prefs=ALL-UNNAMED --add-exports=jdk.compiler/com.sun.tools.javac.api=ALL-UNNAMED --add-exports=jdk.compiler/com.sun.tools.javac.util=ALL-UNNAMED --add-opens=java.base/java.util=ALL-UNNAMED --add-opens=java.prefs/java.util.prefs=ALL-UNNAMED --add-opens=java.base/java.nio.charset=ALL-UNNAMED --add-opens=java.base/java.net=ALL-UNNAMED --add-opens=java.base/java.util.concurrent.atomic=ALL-UNNAMED --add-opens=java.xml/javax.xml.namespace=ALL-UNNAMED -XX:MaxMetaspaceSize=512m -Xmx2048m -Dfile.encoding=UTF-8 -Duser.country=ZA -Duser.language=en -Duser.variant -javaagent:C:\Users\waniw\.gradle\wrapper\dists\gradle-8.13-bin\5xuhj0ry160q40clulazy9h7d\gradle-8.13\lib\agents\gradle-instrumentation-agent-8.13.jar 
java_command: org.gradle.launcher.daemon.bootstrap.GradleDaemon 8.13
java_class_path (initial): C:\Users\waniw\.gradle\wrapper\dists\gradle-8.13-bin\5xuhj0ry160q40clulazy9h7d\gradle-8.13\lib\gradle-daemon-main-8.13.jar
Launcher Type: SUN_STANDARD

[Global flags]
     intx CICompilerCount                          = 4                                         {product} {ergonomic}
   size_t CompressedClassSpaceSize                 = 432013312                                 {product} {ergonomic}
     uint ConcGCThreads                            = 3                                         {product} {ergonomic}
     uint G1ConcRefinementThreads                  = 10                                        {product} {ergonomic}
   size_t G1HeapRegionSize                         = 1048576                                   {product} {ergonomic}
    uintx GCDrainStackTargetSize                   = 64                                        {product} {ergonomic}
   size_t InitialHeapSize                          = 123731968                                 {product} {ergonomic}
   size_t MarkStackSize                            = 4194304                                   {product} {ergonomic}
   size_t MaxHeapSize                              = 2147483648                                {product} {command line}
   size_t MaxMetaspaceSize                         = 536870912                                 {product} {command line}
   size_t MaxNewSize                               = 1287651328                                {product} {ergonomic}
   size_t MinHeapDeltaBytes                        = 1048576                                   {product} {ergonomic}
   size_t MinHeapSize                              = 8388608                                   {product} {ergonomic}
    uintx NonNMethodCodeHeapSize                   = 5839372                                {pd product} {ergonomic}
    uintx NonProfiledCodeHeapSize                  = 122909434                              {pd product} {ergonomic}
    uintx ProfiledCodeHeapSize                     = 122909434                              {pd product} {ergonomic}
    uintx ReservedCodeCacheSize                    = 251658240                              {pd product} {ergonomic}
     bool SegmentedCodeCache                       = true                                      {product} {ergonomic}
   size_t SoftMaxHeapSize                          = 2147483648                             {manageable} {ergonomic}
     bool UseCompressedClassPointers               = true                           {product lp64_product} {ergonomic}
     bool UseCompressedOops                        = true                           {product lp64_product} {ergonomic}
     bool UseG1GC                                  = true                                      {product} {ergonomic}
     bool UseLargePagesIndividualAllocation        = false                                  {pd product} {ergonomic}

Logging:
Log output configuration:
 #0: stdout all=warning uptime,level,tags foldmultilines=false
 #1: stderr all=off uptime,level,tags foldmultilines=false

Environment Variables:
CLASSPATH=C:\Users\waniw\Downloads\free1\library
PATH=C:\Users\waniw\AppData\Local\cloud-code\installer\google-cloud-sdk\bin;C:\Program Files (x86)\Common Files\Intel\Shared Libraries\redist\intel64\compiler;C:\Program Files\Common Files\Oracle\Java\javapath;C:\Program Files (x86)\Common Files\Oracle\Java\java8path;C:\Program Files (x86)\Common Files\Oracle\Java\javapath;C:\WINDOWS\system32;C:\WINDOWS;C:\WINDOWS\System32\Wbem;C:\WINDOWS\System32\WindowsPowerShell\v1.0\;C:\WINDOWS\System32\OpenSSH\;C:\Program Files\Novell\iPrint;C:\Program Files\Git\cmd;C:\Program Files (x86)\Microsoft SQL Server\150\DTS\Binn\;C:\Program Files\PuTTY\;C:\Program Files (x86)\Microsoft SQL Server\160\DTS\Binn\;C:\Program Files\Azure Data Studio\bin;C:\Program Files\MongoDB\Server\7.0\bin;C:\Program Files\Vim\vim91;C:\Program Files\dotnet\;C:\Program Files\HP\HP One Agent;C:\Program Files\Microsoft SQL Server\150\Tools\Binn\;C:\Program Files\Microsoft SQL Server\Client SDK\ODBC\170\Tools\Binn\;C:\Program Files\nodejs\;C:\ProgramData\chocolatey\bin;C:\Program Files (x86)\Microsoft SQL Server\160\Tools\Binn\;C:\Program Files\Microsoft SQL Server\160\Tools\Binn\;C:\Program Files\Microsoft SQL Server\160\DTS\Binn\;C:\Program Files\php-8.3.12;;C:\WINDOWS\system32;C:\WINDOWS;C:\WINDOWS\System32\Wbem;C:\WINDOWS\System32\WindowsPowerShell\v1.0\;C:\WINDOWS\System32\OpenSSH\;C:\Program Files\Go\bin;C:\Users\waniw\AppData\Local\Programs\Python\Launcher\;C:\Users\waniw\AppData\Local\Microsoft\WindowsApps;C:\Users\waniw\AppData\Local\Programs\Microsoft VS Code\bin;C:\Users\waniw\AppData\Local\atom\bin;C:\Users\waniw\AppData\Local\Programs\Hyper\resources\bin;C:\msys64\mingw64\bin;C:\src\flutter\flutter\bin;C:\Program Files\Azure Data Studio\bin;C:\Users\waniw\AppData\Local\Programs\mongosh\;C:\Users\waniw\.dotnet\tools;C:\Program Files\heroku\bin;C:\Users\waniw\AppData\Roaming\npm;c:\Gradle\gradle-8.0.2\bin;C:\Program Files\JetBrains\WebStorm 2024.3.4\bin;C:\Program Files (x86)\BrowserStackLocal\;C:\Users\waniw\.fly\bin;C:\Users\waniw\AppData\Local\Google\Cloud SDK\google-cloud-sdk\bin;C:\Users\waniw\AppData\Local\Microsoft\WindowsApps;C:\Users\waniw\go\bin
USERNAME=waniw
OS=Windows_NT
PROCESSOR_IDENTIFIER=AMD64 Family 25 Model 80 Stepping 0, AuthenticAMD



---------------  S Y S T E M  ---------------

OS:
 Windows 11 , 64 bit Build 26100 (10.0.26100.6725)
OS uptime: 0 days 13:12 hours
Hyper-V role detected

CPU: total 12 (initial active 12) (12 cores per cpu, 2 threads per core) family 25 model 80 stepping 0 microcode 0xa50000c, cx8, cmov, fxsr, ht, mmx, 3dnowpref, sse, sse2, sse3, ssse3, sse4a, sse4.1, sse4.2, popcnt, lzcnt, tsc, tscinvbit, avx, avx2, aes, erms, clmul, bmi1, bmi2, adx, sha, fma, vzeroupper, clflush, clflushopt, hv

Memory: 4k page, system-wide physical 7525M (562M free)
TotalPageFile size 31077M (AvailPageFile size 19M)
current process WorkingSet (physical memory assigned to process): 584M, peak: 834M
current process commit charge ("private bytes"): 1168M, peak: 1601M

vm_info: Java HotSpot(TM) 64-Bit Server VM (18.0.2.1+1-1) for windows-amd64 JRE (18.0.2.1+1-1), built on Aug 16 2022 01:46:33 by "mach5one" with MS VC++ 16.8 / 16.9 (VS2019)

END.
